ISO-10303-21;
HEADER;
FILE_DESCRIPTION (( 'STEP AP214' ),
    '1' );
FILE_NAME ('BC-2018-TR.STEP',
    '2019-09-27T12:09:18',
    ( '' ),
    ( '' ),
    'SwSTEP 2.0',
    'SolidWorks 2017',
    '' );
FILE_SCHEMA (( 'AUTOMOTIVE_DESIGN' ));
ENDSEC;

DATA;
#1 = DIRECTION ( 'NONE',  ( -0.9848077530122081300, -0.1736481776669307500, -1.848892746611747000E-032 ) ) ;
#2 = ORIENTED_EDGE ( 'NONE', *, *, #623, .T. ) ;
#3 = ORIENTED_EDGE ( 'NONE', *, *, #1337, .T. ) ;
#4 = DIRECTION ( 'NONE',  ( -1.433655765270088800E-016, 0.0000000000000000000, 1.000000000000000000 ) ) ;
#5 = DIRECTION ( 'NONE',  ( -0.0000000000000000000, -1.000000000000000000, -0.0000000000000000000 ) ) ;
#6 = DIRECTION ( 'NONE',  ( 0.9848077530122080200, 0.1736481776669306900, -2.775557561562891400E-017 ) ) ;
#7 = VERTEX_POINT ( 'NONE', #3335 ) ;
#8 = CARTESIAN_POINT ( 'NONE',  ( 10.25000000000000000, 2.589999999999999400, -4.759999999999999800 ) ) ;
#9 = AXIS2_PLACEMENT_3D ( 'NONE', #2070, #914, #1209 ) ;
#10 = ORIENTED_EDGE ( 'NONE', *, *, #397, .T. ) ;
#11 = EDGE_CURVE ( 'NONE', #1980, #3606, #354, .T. ) ;
#12 = EDGE_LOOP ( 'NONE', ( #1222, #559, #2518, #1637 ) ) ;
#13 = DIRECTION ( 'NONE',  ( -1.000000000000000000, 0.0000000000000000000, 0.0000000000000000000 ) ) ;
#14 = CARTESIAN_POINT ( 'NONE',  ( 4.284296264875009400, 2.805817444277467500, -1.569999999999999600 ) ) ;
#15 = VECTOR ( 'NONE', #2230, 1000.000000000000000 ) ;
#16 = CARTESIAN_POINT ( 'NONE',  ( -5.220035548037066600, 2.386964708775761500, 1.569999999999999000 ) ) ;
#17 = ADVANCED_FACE ( 'NONE', ( #1025 ), #765, .F. ) ;
#18 = CARTESIAN_POINT ( 'NONE',  ( -9.099999999999997900, 2.589999999999999400, 2.419999999999999900 ) ) ;
#19 = CARTESIAN_POINT ( 'NONE',  ( -7.860857594501004200, 2.391007513558878200, -1.682555321405446100 ) ) ;
#20 = VECTOR ( 'NONE', #621, 1000.000000000000000 ) ;
#21 = CARTESIAN_POINT ( 'NONE',  ( 5.300357436669263400, 2.842492775492899200, -1.932555321405446500 ) ) ;
#22 = LINE ( 'NONE', #1468, #3325 ) ;
#23 = ORIENTED_EDGE ( 'NONE', *, *, #1620, .F. ) ;
#24 = ORIENTED_EDGE ( 'NONE', *, *, #288, .F. ) ;
#25 = DIRECTION ( 'NONE',  ( 0.0000000000000000000, 1.000000000000000000, 0.0000000000000000000 ) ) ;
#26 = DIRECTION ( 'NONE',  ( 0.0000000000000000000, 1.000000000000000000, 0.0000000000000000000 ) ) ;
#27 = VECTOR ( 'NONE', #472, 1000.000000000000000 ) ;
#28 = CARTESIAN_POINT ( 'NONE',  ( -5.280812410220493200, 2.731647422330034700, -1.582555321405446200 ) ) ;
#29 = AXIS2_PLACEMENT_3D ( 'NONE', #1258, #2434, #3232 ) ;
#30 = ORIENTED_EDGE ( 'NONE', *, *, #1044, .F. ) ;
#31 = FACE_OUTER_BOUND ( 'NONE', #985, .T. ) ;
#32 = EDGE_LOOP ( 'NONE', ( #445, #1120, #2705, #1440 ) ) ;
#33 = LINE ( 'NONE', #1421, #2065 ) ;
#34 = DIRECTION ( 'NONE',  ( 0.9848077530122080200, -0.1736481776669307800, -8.326672684688674100E-017 ) ) ;
#35 = EDGE_LOOP ( 'NONE', ( #797, #2786, #2770, #2910 ) ) ;
#36 = FACE_OUTER_BOUND ( 'NONE', #3146, .T. ) ;
#37 = VECTOR ( 'NONE', #3395, 1000.000000000000000 ) ;
#38 = CARTESIAN_POINT ( 'NONE',  ( 8.599999999999999600, 2.589999999999999400, 2.919999999999999900 ) ) ;
#39 = VERTEX_POINT ( 'NONE', #198 ) ;
#40 = EDGE_CURVE ( 'NONE', #3517, #210, #251, .T. ) ;
#41 = EDGE_LOOP ( 'NONE', ( #734, #2465, #3100, #2606 ) ) ;
#42 = VECTOR ( 'NONE', #2820, 1000.000000000000000 ) ;
#43 = EDGE_CURVE ( 'NONE', #7, #2900, #518, .T. ) ;
#44 = ORIENTED_EDGE ( 'NONE', *, *, #2026, .F. ) ;
#45 = DIRECTION ( 'NONE',  ( 0.0000000000000000000, -0.0000000000000000000, 1.000000000000000000 ) ) ;
#46 = CARTESIAN_POINT ( 'NONE',  ( -9.099999999999997900, 2.589999999999999400, 2.419999999999999900 ) ) ;
#47 = ORIENTED_EDGE ( 'NONE', *, *, #3014, .F. ) ;
#48 = AXIS2_PLACEMENT_3D ( 'NONE', #2319, #938, #3496 ) ;
#49 = ORIENTED_EDGE ( 'NONE', *, *, #1909, .F. ) ;
#50 = ADVANCED_FACE ( 'NONE', ( #927 ), #1627, .F. ) ;
#51 = EDGE_CURVE ( 'NONE', #913, #761, #1117, .T. ) ;
#52 = ORIENTED_EDGE ( 'NONE', *, *, #111, .F. ) ;
#53 = CARTESIAN_POINT ( 'NONE',  ( -8.176130081391351100, 2.194506847150332600, 1.682555321405446100 ) ) ;
#54 = DIRECTION ( 'NONE',  ( -1.000000000000000000, 0.0000000000000000000, -0.0000000000000000000 ) ) ;
#55 = DIRECTION ( 'NONE',  ( 5.285863820367591200E-016, -3.452139025575634900E-015, 1.000000000000000000 ) ) ;
#56 = ORIENTED_EDGE ( 'NONE', *, *, #548, .T. ) ;
#57 = CARTESIAN_POINT ( 'NONE',  ( -2.550000000000001200, 2.589999999999999400, 1.569999999999999000 ) ) ;
#58 = EDGE_CURVE ( 'NONE', #2410, #2897, #3418, .T. ) ;
#59 = FACE_OUTER_BOUND ( 'NONE', #425, .T. ) ;
#60 = CARTESIAN_POINT ( 'NONE',  ( -2.550000000000001200, 2.839999999999999900, 2.619999999999999200 ) ) ;
#61 = DIRECTION ( 'NONE',  ( 0.0000000000000000000, -0.0000000000000000000, -1.000000000000000000 ) ) ;
#62 = EDGE_LOOP ( 'NONE', ( #1284, #2472, #3166, #1031 ) ) ;
#63 = EDGE_CURVE ( 'NONE', #3025, #2092, #2177, .T. ) ;
#64 = CARTESIAN_POINT ( 'NONE',  ( -5.300357436669263400, 2.842492775492899200, -1.932555321405446500 ) ) ;
#65 = FACE_OUTER_BOUND ( 'NONE', #3092, .T. ) ;
#66 = DIRECTION ( 'NONE',  ( 0.0000000000000000000, 0.0000000000000000000, -1.000000000000000000 ) ) ;
#67 = ORIENTED_EDGE ( 'NONE', *, *, #1670, .T. ) ;
#68 = CARTESIAN_POINT ( 'NONE',  ( -2.550000000000001200, 2.589999999999999400, 2.919999999999999000 ) ) ;
#69 = DIRECTION ( 'NONE',  ( -1.000000000000000000, 0.0000000000000000000, -8.031127203596334300E-017 ) ) ;
#70 = ADVANCED_FACE ( 'NONE', ( #2938 ), #1937, .F. ) ;
#71 = ORIENTED_EDGE ( 'NONE', *, *, #3576, .T. ) ;
#72 = CARTESIAN_POINT ( 'NONE',  ( 8.272939582374910100, 1.848655358008276500, -1.469999999999999500 ) ) ;
#73 = FACE_OUTER_BOUND ( 'NONE', #2644, .T. ) ;
#74 = AXIS2_PLACEMENT_3D ( 'NONE', #858, #2888, #3707 ) ;
#75 = EDGE_LOOP ( 'NONE', ( #1170, #47, #1598, #2976 ) ) ;
#76 = FACE_BOUND ( 'NONE', #2598, .T. ) ;
#77 = DIRECTION ( 'NONE',  ( 0.7071067811865487900, 0.0000000000000000000, -0.7071067811865462400 ) ) ;
#78 = ORIENTED_EDGE ( 'NONE', *, *, #1534, .F. ) ;
#79 = CARTESIAN_POINT ( 'NONE',  ( -5.300357436669263400, 2.842492775492899200, -1.932555321405446500 ) ) ;
#80 = DIRECTION ( 'NONE',  ( -0.0000000000000000000, 1.000000000000000000, -0.0000000000000000000 ) ) ;
#81 = EDGE_CURVE ( 'NONE', #88, #1422, #2886, .T. ) ;
#82 = CIRCLE ( 'NONE', #487, 0.09999999999999939500 ) ;
#83 = DIRECTION ( 'NONE',  ( 0.0000000000000000000, 0.0000000000000000000, 1.000000000000000000 ) ) ;
#84 = ORIENTED_EDGE ( 'NONE', *, *, #474, .T. ) ;
#85 = DIRECTION ( 'NONE',  ( 1.000000000000000000, 0.0000000000000000000, 1.433655765270088800E-016 ) ) ;
#86 = CIRCLE ( 'NONE', #299, 0.5000000000000001100 ) ;
#87 = LINE ( 'NONE', #1125, #1993 ) ;
#88 = VERTEX_POINT ( 'NONE', #3079 ) ;
#89 = EDGE_CURVE ( 'NONE', #2856, #442, #3141, .T. ) ;
#90 = CARTESIAN_POINT ( 'NONE',  ( -10.25000000000000000, 2.839999999999999900, -4.759999999999999800 ) ) ;
#91 = ADVANCED_FACE ( 'NONE', ( #59 ), #2517, .F. ) ;
#92 = ORIENTED_EDGE ( 'NONE', *, *, #1692, .F. ) ;
#93 = PLANE ( 'NONE',  #1905 ) ;
#94 = ORIENTED_EDGE ( 'NONE', *, *, #1632, .T. ) ;
#95 = DIRECTION ( 'NONE',  ( -0.1736481776669307200, 0.9848077530122080200, 0.0000000000000000000 ) ) ;
#96 = CARTESIAN_POINT ( 'NONE',  ( 5.220035548037066600, 2.386964708775761500, -1.569999999999999000 ) ) ;
#97 = AXIS2_PLACEMENT_3D ( 'NONE', #2028, #3411, #3398 ) ;
#98 = EDGE_LOOP ( 'NONE', ( #92, #2787, #2984, #145 ) ) ;
#99 = CARTESIAN_POINT ( 'NONE',  ( 8.152559529262081400, 2.225280923471197900, 1.682555321405446100 ) ) ;
#100 = ORIENTED_EDGE ( 'NONE', *, *, #597, .F. ) ;
#101 = PRESENTATION_LAYER_ASSIGNMENT (  '', '', ( #2084 ) ) ;
#102 = CARTESIAN_POINT ( 'NONE',  ( -8.199668155050604300, 2.163970487284826200, 1.671778011766427400 ) ) ;
#103 = DIRECTION ( 'NONE',  ( -0.0000000000000000000, 0.0000000000000000000, -1.000000000000000000 ) ) ;
#104 = FACE_OUTER_BOUND ( 'NONE', #2742, .T. ) ;
#105 = DIRECTION ( 'NONE',  ( 1.000000000000000000, 0.0000000000000000000, 0.0000000000000000000 ) ) ;
#106 = VECTOR ( 'NONE', #3546, 1000.000000000000000 ) ;
#107 = VECTOR ( 'NONE', #2560, 1000.000000000000000 ) ;
#108 = CIRCLE ( 'NONE', #1282, 0.2999999999999999300 ) ;
#109 = FACE_OUTER_BOUND ( 'NONE', #3481, .T. ) ;
#110 = ADVANCED_FACE ( 'NONE', ( #2400 ), #3403, .F. ) ;
#111 = EDGE_CURVE ( 'NONE', #2509, #2387, #2442, .T. ) ;
#112 = CARTESIAN_POINT ( 'NONE',  ( 12.69999999999999900, 0.2500000000000002200, 2.039999999999997800 ) ) ;
#113 = FACE_OUTER_BOUND ( 'NONE', #831, .T. ) ;
#114 = CARTESIAN_POINT ( 'NONE',  ( 8.249411829663543500, 2.117604155590156400, 1.634753987281774000 ) ) ;
#115 = ORIENTED_EDGE ( 'NONE', *, *, #573, .F. ) ;
#116 = CARTESIAN_POINT ( 'NONE',  ( 5.220035548037066600, 2.386964708775761900, 1.582555321405445300 ) ) ;
#117 = VECTOR ( 'NONE', #524, 999.9999999999998900 ) ;
#118 = CARTESIAN_POINT ( 'NONE',  ( 0.1105717069064015300, 3.643300355081421100, 1.682555321405445400 ) ) ;
#119 = CARTESIAN_POINT ( 'NONE',  ( 4.240884220458276800, 2.559615506024415200, -1.569999999999999000 ) ) ;
#120 = CARTESIAN_POINT ( 'NONE',  ( -8.249411829663545200, 2.117604155590156400, -1.634753987281774900 ) ) ;
#121 = ORIENTED_EDGE ( 'NONE', *, *, #1155, .T. ) ;
#122 = LINE ( 'NONE', #244, #795 ) ;
#123 = CARTESIAN_POINT ( 'NONE',  ( 10.70000000000000100, 0.2500000000000002200, -2.539999999999999600 ) ) ;
#124 = ORIENTED_EDGE ( 'NONE', *, *, #756, .T. ) ;
#125 = FACE_OUTER_BOUND ( 'NONE', #1216, .T. ) ;
#126 = PLANE ( 'NONE',  #3348 ) ;
#127 = ORIENTED_EDGE ( 'NONE', *, *, #3394, .T. ) ;
#128 = DIRECTION ( 'NONE',  ( 0.9848077530122080200, 0.1736481776669307200, 1.848892746611746400E-032 ) ) ;
#129 = AXIS2_PLACEMENT_3D ( 'NONE', #3173, #1215, #2965 ) ;
#130 = VECTOR ( 'NONE', #2423, 999.9999999999998900 ) ;
#131 = EDGE_CURVE ( 'NONE', #1813, #1315, #1844, .T. ) ;
#132 = CIRCLE ( 'NONE', #1921, 0.4999999999999999400 ) ;
#133 = EDGE_LOOP ( 'NONE', ( #1630, #594, #2041, #1829 ) ) ;
#134 = DIRECTION ( 'NONE',  ( -0.9848077530122080200, 0.1736481776669307200, 1.848892746611746400E-032 ) ) ;
#135 = ORIENTED_EDGE ( 'NONE', *, *, #288, .T. ) ;
#136 = AXIS2_PLACEMENT_3D ( 'NONE', #492, #1080, #3338 ) ;
#137 = EDGE_CURVE ( 'NONE', #3011, #318, #432, .T. ) ;
#138 = LINE ( 'NONE', #2192, #2552 ) ;
#139 = ORIENTED_EDGE ( 'NONE', *, *, #184, .F. ) ;
#140 = EDGE_CURVE ( 'NONE', #2524, #290, #1701, .T. ) ;
#141 = ORIENTED_EDGE ( 'NONE', *, *, #2171, .F. ) ;
#142 = DIRECTION ( 'NONE',  ( 1.000000000000000000, 0.0000000000000000000, 0.0000000000000000000 ) ) ;
#143 = ORIENTED_EDGE ( 'NONE', *, *, #554, .F. ) ;
#144 = PLANE ( 'NONE',  #2790 ) ;
#145 = ORIENTED_EDGE ( 'NONE', *, *, #1360, .T. ) ;
#146 = ORIENTED_EDGE ( 'NONE', *, *, #3599, .T. ) ;
#147 = VECTOR ( 'NONE', #273, 1000.000000000000000 ) ;
#148 = EDGE_LOOP ( 'NONE', ( #78, #3001, #1370, #239 ) ) ;
#149 = CARTESIAN_POINT ( 'NONE',  ( 2.250000000000001300, 2.839999999999999900, -2.619999999999999200 ) ) ;
#150 = DIRECTION ( 'NONE',  ( 0.0000000000000000000, 0.0000000000000000000, 1.000000000000000000 ) ) ;
#151 = CIRCLE ( 'NONE', #1132, 0.5000000000000000000 ) ;
#152 = AXIS2_PLACEMENT_3D ( 'NONE', #2127, #2081, #1573 ) ;
#153 = CARTESIAN_POINT ( 'NONE',  ( 10.35000000000000000, 2.489999999999999800, 4.759999999999999800 ) ) ;
#154 = LINE ( 'NONE', #2751, #1616 ) ;
#155 = ORIENTED_EDGE ( 'NONE', *, *, #43, .T. ) ;
#156 = DIRECTION ( 'NONE',  ( 0.9848077530122080200, 0.1736481776669306900, -2.775557561562891400E-017 ) ) ;
#157 = CIRCLE ( 'NONE', #2604, 0.4999999999999993300 ) ;
#158 = EDGE_CURVE ( 'NONE', #3627, #3668, #514, .T. ) ;
#159 = ORIENTED_EDGE ( 'NONE', *, *, #2624, .T. ) ;
#160 = CARTESIAN_POINT ( 'NONE',  ( -2.250000000000001300, 2.589999999999999400, 2.619999999999999200 ) ) ;
#161 = ORIENTED_EDGE ( 'NONE', *, *, #1534, .T. ) ;
#162 = VECTOR ( 'NONE', #1876, 1000.000000000000000 ) ;
#163 = DIRECTION ( 'NONE',  ( -0.0000000000000000000, -0.0000000000000000000, -1.000000000000000000 ) ) ;
#164 = ORIENTED_EDGE ( 'NONE', *, *, #2939, .T. ) ;
#165 = CARTESIAN_POINT ( 'NONE',  ( 2.550000000000001200, 2.839999999999999900, 2.919999999999999000 ) ) ;
#166 = VECTOR ( 'NONE', #1072, 1000.000000000000000 ) ;
#167 = AXIS2_PLACEMENT_3D ( 'NONE', #3204, #1221, #2906 ) ;
#168 = DIRECTION ( 'NONE',  ( 0.0000000000000000000, 0.0000000000000000000, -1.000000000000000000 ) ) ;
#169 = EDGE_LOOP ( 'NONE', ( #3485, #2928, #1784, #454 ) ) ;
#170 = FACE_OUTER_BOUND ( 'NONE', #2357, .T. ) ;
#171 = CARTESIAN_POINT ( 'NONE',  ( -12.69999999999999900, 0.2500000000000002200, 4.759999999999999800 ) ) ;
#172 = EDGE_LOOP ( 'NONE', ( #497, #933, #1128, #382, #2615, #2462, #1596, #666, #3649, #1789 ) ) ;
#173 = EDGE_CURVE ( 'NONE', #3298, #208, #922, .T. ) ;
#174 = CIRCLE ( 'NONE', #931, 0.4999999999999993300 ) ;
#175 = DIRECTION ( 'NONE',  ( 0.0000000000000000000, 0.0000000000000000000, 1.000000000000000000 ) ) ;
#176 = LINE ( 'NONE', #160, #3263 ) ;
#177 = DIRECTION ( 'NONE',  ( -1.000000000000000000, 0.0000000000000000000, 1.433655765270088800E-016 ) ) ;
#178 = VERTEX_POINT ( 'NONE', #801 ) ;
#179 = CARTESIAN_POINT ( 'NONE',  ( -2.550000000000001200, 2.589999999999999400, 2.619999999999999200 ) ) ;
#180 = AXIS2_PLACEMENT_3D ( 'NONE', #633, #2294, #1480 ) ;
#181 = CARTESIAN_POINT ( 'NONE',  ( 8.249411829663545200, 2.117604155590156400, -1.634753987281774900 ) ) ;
#182 = PLANE ( 'NONE',  #1822 ) ;
#183 = ORIENTED_EDGE ( 'NONE', *, *, #3503, .F. ) ;
#184 = EDGE_CURVE ( 'NONE', #1813, #2956, #295, .T. ) ;
#185 = CARTESIAN_POINT ( 'NONE',  ( 4.240884220458276800, 2.559615506024415200, 4.759999999999999800 ) ) ;
#186 = ADVANCED_FACE ( 'NONE', ( #3467 ), #2257, .F. ) ;
#187 = ORIENTED_EDGE ( 'NONE', *, *, #2202, .T. ) ;
#188 = CARTESIAN_POINT ( 'NONE',  ( -10.25000000000000000, 2.489999999999999800, 4.759999999999999800 ) ) ;
#189 = EDGE_CURVE ( 'NONE', #2838, #898, #2613, .T. ) ;
#190 = ORIENTED_EDGE ( 'NONE', *, *, #1646, .T. ) ;
#191 = VERTEX_POINT ( 'NONE', #2260 ) ;
#192 = DIRECTION ( 'NONE',  ( 0.0000000000000000000, 0.0000000000000000000, -1.000000000000000000 ) ) ;
#193 = LINE ( 'NONE', #68, #3133 ) ;
#194 = ORIENTED_EDGE ( 'NONE', *, *, #2284, .F. ) ;
#195 = ORIENTED_EDGE ( 'NONE', *, *, #940, .T. ) ;
#196 = DIRECTION ( 'NONE',  ( -0.9848077530122080200, -0.1736481776669307800, -8.326672684688674100E-017 ) ) ;
#197 = VECTOR ( 'NONE', #3587, 1000.000000000000000 ) ;
#198 = CARTESIAN_POINT ( 'NONE',  ( 8.303713198479171000, 2.097085792166566900, 1.582555321405446200 ) ) ;
#199 = LINE ( 'NONE', #1577, #106 ) ;
#200 = VECTOR ( 'NONE', #1553, 1000.000000000000000 ) ;
#201 = VECTOR ( 'NONE', #3460, 1000.000000000000000 ) ;
#202 = CARTESIAN_POINT ( 'NONE',  ( -10.25000000000000000, 2.489999999999999800, 4.759999999999999800 ) ) ;
#203 = FACE_OUTER_BOUND ( 'NONE', #1346, .T. ) ;
#204 = FACE_OUTER_BOUND ( 'NONE', #1779, .T. ) ;
#205 = ADVANCED_FACE ( 'NONE', ( #835 ), #1706, .F. ) ;
#206 = CARTESIAN_POINT ( 'NONE',  ( 2.604466659320838800, 3.102016726729526700, 1.569999999999998700 ) ) ;
#207 = AXIS2_PLACEMENT_3D ( 'NONE', #1974, #515, #504 ) ;
#208 = VERTEX_POINT ( 'NONE', #571 ) ;
#209 = EDGE_CURVE ( 'NONE', #2082, #3310, #2482, .T. ) ;
#210 = VERTEX_POINT ( 'NONE', #338 ) ;
#211 = DIRECTION ( 'NONE',  ( -1.000000000000000000, 0.0000000000000000000, 0.0000000000000000000 ) ) ;
#212 = FACE_OUTER_BOUND ( 'NONE', #2323, .T. ) ;
#213 = EDGE_CURVE ( 'NONE', #1139, #780, #2140, .T. ) ;
#214 = DIRECTION ( 'NONE',  ( 0.0000000000000000000, -0.0000000000000000000, -1.000000000000000000 ) ) ;
#215 = VERTEX_POINT ( 'NONE', #1496 ) ;
#216 = VECTOR ( 'NONE', #3695, 1000.000000000000000 ) ;
#217 = CARTESIAN_POINT ( 'NONE',  ( 10.25000000000000000, 2.589999999999999400, 4.759999999999999800 ) ) ;
#218 = ORIENTED_EDGE ( 'NONE', *, *, #325, .F. ) ;
#219 = DIRECTION ( 'NONE',  ( -0.0000000000000000000, -0.0000000000000000000, -1.000000000000000000 ) ) ;
#220 = CARTESIAN_POINT ( 'NONE',  ( -8.260301154062441100, 1.850883853913514800, 1.582555321405446000 ) ) ;
#221 = FACE_BOUND ( 'NONE', #2366, .T. ) ;
#222 = DIRECTION ( 'NONE',  ( 0.0000000000000000000, -0.6940155268692114200, 0.7199600325465649300 ) ) ;
#223 = VERTEX_POINT ( 'NONE', #3158 ) ;
#224 = AXIS2_PLACEMENT_3D ( 'NONE', #3012, #1054, #753 ) ;
#225 = VECTOR ( 'NONE', #1988, 1000.000000000000000 ) ;
#226 = EDGE_LOOP ( 'NONE', ( #2113, #1525, #1940, #1150 ) ) ;
#227 = CARTESIAN_POINT ( 'NONE',  ( -2.550000000000001200, 2.589999999999999400, -1.569999999999998700 ) ) ;
#228 = DIRECTION ( 'NONE',  ( 0.0000000000000000000, 1.000000000000000000, -0.0000000000000000000 ) ) ;
#229 = EDGE_LOOP ( 'NONE', ( #3131, #2197, #771, #1063 ) ) ;
#230 = AXIS2_PLACEMENT_3D ( 'NONE', #2511, #1395, #1086 ) ;
#231 = PLANE ( 'NONE',  #963 ) ;
#232 = CARTESIAN_POINT ( 'NONE',  ( 3.893587865124414900, 0.5899999999999994100, 1.569999999999999200 ) ) ;
#233 = CARTESIAN_POINT ( 'NONE',  ( -10.28999999999999600, 0.2500000000000002200, 4.449999999999994000 ) ) ;
#234 = ORIENTED_EDGE ( 'NONE', *, *, #1587, .T. ) ;
#235 = AXIS2_PLACEMENT_3D ( 'NONE', #910, #2086, #45 ) ;
#236 = CARTESIAN_POINT ( 'NONE',  ( -9.099999999999997900, 2.589999999999999400, -2.419999999999999900 ) ) ;
#237 = PRODUCT ( 'BC-2018-TR', 'BC-2018-TR', '', ( #3239 ) ) ;
#238 = EDGE_CURVE ( 'NONE', #318, #2541, #3278, .T. ) ;
#239 = ORIENTED_EDGE ( 'NONE', *, *, #1062, .F. ) ;
#240 = CARTESIAN_POINT ( 'NONE',  ( 8.599999999999999600, 2.589999999999999400, -2.919999999999999900 ) ) ;
#241 = ORIENTED_EDGE ( 'NONE', *, *, #2744, .F. ) ;
#242 = CARTESIAN_POINT ( 'NONE',  ( 2.250000000000001300, 2.589999999999999400, 2.619999999999999200 ) ) ;
#243 = DIRECTION ( 'NONE',  ( -0.1736481776669307200, 0.9848077530122080200, 0.0000000000000000000 ) ) ;
#244 = CARTESIAN_POINT ( 'NONE',  ( 10.60000000000000000, 0.3500000000000000300, 4.759999999999999800 ) ) ;
#245 = EDGE_CURVE ( 'NONE', #3086, #3699, #3637, .T. ) ;
#246 = DIRECTION ( 'NONE',  ( -0.1736481776669307200, -0.9848077530122080200, 0.0000000000000000000 ) ) ;
#247 = AXIS2_PLACEMENT_3D ( 'NONE', #393, #3257, #3539 ) ;
#248 = VECTOR ( 'NONE', #702, 1000.000000000000000 ) ;
#249 =( NAMED_UNIT ( * ) PLANE_ANGLE_UNIT ( ) SI_UNIT ( $, .RADIAN. ) );
#250 = PLANE ( 'NONE',  #2985 ) ;
#251 = LINE ( 'NONE', #2168, #2757 ) ;
#252 = AXIS2_PLACEMENT_3D ( 'NONE', #624, #2340, #2683 ) ;
#253 = EDGE_CURVE ( 'NONE', #2809, #2676, #978, .T. ) ;
#254 = VECTOR ( 'NONE', #1916, 1000.000000000000000 ) ;
#255 = ORIENTED_EDGE ( 'NONE', *, *, #1928, .T. ) ;
#256 = FACE_OUTER_BOUND ( 'NONE', #2336, .T. ) ;
#257 = AXIS2_PLACEMENT_3D ( 'NONE', #1248, #3220, #3245 ) ;
#258 = EDGE_CURVE ( 'NONE', #2968, #1645, #883, .T. ) ;
#259 = ORIENTED_EDGE ( 'NONE', *, *, #2486, .T. ) ;
#260 = CARTESIAN_POINT ( 'NONE',  ( 12.19999999999999800, 0.2500000000000002200, -2.539999999999999600 ) ) ;
#261 = CARTESIAN_POINT ( 'NONE',  ( 7.774033505667539100, 1.898603637052775000, -1.932555321405448100 ) ) ;
#262 = CARTESIAN_POINT ( 'NONE',  ( 3.893587865124414900, 0.5899999999999994100, -1.569999999999998500 ) ) ;
#263 = ORIENTED_EDGE ( 'NONE', *, *, #1556, .T. ) ;
#264 = EDGE_CURVE ( 'NONE', #7, #1622, #151, .T. ) ;
#265 = LINE ( 'NONE', #417, #166 ) ;
#266 = DIRECTION ( 'NONE',  ( 0.0000000000000000000, -0.0000000000000000000, -1.000000000000000000 ) ) ;
#267 = CARTESIAN_POINT ( 'NONE',  ( -2.561054614904106700, 2.855814788476474400, 1.569999999999998700 ) ) ;
#268 = VERTEX_POINT ( 'NONE', #2857 ) ;
#269 = ADVANCED_FACE ( 'NONE', ( #109 ), #1020, .T. ) ;
#270 = DIRECTION ( 'NONE',  ( -0.1736481776669307200, 0.9848077530122080200, -3.491481338843133400E-015 ) ) ;
#271 = DIRECTION ( 'NONE',  ( 0.0000000000000000000, 0.0000000000000000000, -1.000000000000000000 ) ) ;
#272 = ORIENTED_EDGE ( 'NONE', *, *, #81, .T. ) ;
#273 = DIRECTION ( 'NONE',  ( -0.9848077530122080200, 0.1736481776669307200, -8.031127203596334300E-017 ) ) ;
#274 = VECTOR ( 'NONE', #3104, 1000.000000000000000 ) ;
#275 = DIRECTION ( 'NONE',  ( 0.0000000000000000000, 1.000000000000000000, 0.0000000000000000000 ) ) ;
#276 = VECTOR ( 'NONE', #266, 1000.000000000000000 ) ;
#277 = CARTESIAN_POINT ( 'NONE',  ( -8.210678435694230600, 1.897936162559901400, 1.765250651972595200 ) ) ;
#278 = ORIENTED_EDGE ( 'NONE', *, *, #2987, .T. ) ;
#279 = CARTESIAN_POINT ( 'NONE',  ( 5.280812410220492300, 2.731647422330035100, 1.582555321405446000 ) ) ;
#280 = ORIENTED_EDGE ( 'NONE', *, *, #1431, .T. ) ;
#281 = CARTESIAN_POINT ( 'NONE',  ( -5.280812410220493200, 2.731647422330035100, 1.682555321405445400 ) ) ;
#282 = CARTESIAN_POINT ( 'NONE',  ( -8.260301154062439400, 1.850883853913514800, 1.582555321405446600 ) ) ;
#283 = VERTEX_POINT ( 'NONE', #2042 ) ;
#284 = DIRECTION ( 'NONE',  ( 0.0000000000000000000, 1.000000000000000000, 0.0000000000000000000 ) ) ;
#285 = ORIENTED_EDGE ( 'NONE', *, *, #3359, .F. ) ;
#286 = APPLICATION_PROTOCOL_DEFINITION ( 'draft international standard', 'automotive_design', 1998, #3700 ) ;
#287 = ADVANCED_FACE ( 'NONE', ( #1615 ), #3430, .F. ) ;
#288 = EDGE_CURVE ( 'NONE', #993, #2010, #699, .T. ) ;
#289 = CARTESIAN_POINT ( 'NONE',  ( 2.550000000000001200, 2.839999999999999900, -1.569999999999998700 ) ) ;
#290 = VERTEX_POINT ( 'NONE', #607 ) ;
#291 = CARTESIAN_POINT ( 'NONE',  ( 8.303713198479172800, 2.097085792166566900, -1.582555321405446000 ) ) ;
#292 = LINE ( 'NONE', #3296, #2051 ) ;
#293 = CARTESIAN_POINT ( 'NONE',  ( -8.152559529262079600, 2.225280923471197900, 1.682555321405446100 ) ) ;
#294 = VECTOR ( 'NONE', #350, 1000.000000000000000 ) ;
#295 = LINE ( 'NONE', #3108, #2575 ) ;
#296 = DIRECTION ( 'NONE',  ( -5.273559366969493600E-016, -3.445160823289938900E-015, 1.000000000000000000 ) ) ;
#297 = CARTESIAN_POINT ( 'NONE',  ( 10.69999999999999900, 0.3500000000000000300, -2.540000000000000500 ) ) ;
#298 = CARTESIAN_POINT ( 'NONE',  ( 5.220035548037066600, 2.386964708775761500, 1.569999999999999000 ) ) ;
#299 = AXIS2_PLACEMENT_3D ( 'NONE', #1357, #1911, #2180 ) ;
#300 = ADVANCED_BREP_SHAPE_REPRESENTATION ( 'BC-2018-TR', ( #523, #2411 ), #305 ) ;
#301 = VECTOR ( 'NONE', #2058, 1000.000000000000000 ) ;
#302 = FACE_OUTER_BOUND ( 'NONE', #1925, .T. ) ;
#303 = ORIENTED_EDGE ( 'NONE', *, *, #2715, .F. ) ;
#304 = DIRECTION ( 'NONE',  ( -0.9848077530122080200, 0.1736481776669306900, -2.775557561562891400E-017 ) ) ;
#305 =( GEOMETRIC_REPRESENTATION_CONTEXT ( 3 ) GLOBAL_UNCERTAINTY_ASSIGNED_CONTEXT ( ( #2689 ) ) GLOBAL_UNIT_ASSIGNED_CONTEXT ( ( #1733, #249, #558 ) ) REPRESENTATION_CONTEXT ( 'NONE', 'WORKASPACE' ) );
#306 = AXIS2_PLACEMENT_3D ( 'NONE', #3182, #882, #1166 ) ;
#307 = DIRECTION ( 'NONE',  ( -1.433655765270088800E-016, 0.0000000000000000000, -1.000000000000000000 ) ) ;
#308 = CARTESIAN_POINT ( 'NONE',  ( -2.550000000000001200, 2.589999999999999400, -1.569999999999998700 ) ) ;
#309 = EDGE_LOOP ( 'NONE', ( #183, #533, #94, #838 ) ) ;
#310 = CIRCLE ( 'NONE', #180, 2.250000000000000900 ) ;
#311 = ADVANCED_FACE ( 'NONE', ( #3053 ), #906, .F. ) ;
#312 = DIRECTION ( 'NONE',  ( 6.117155513352461000E-016, -3.437481110144430000E-015, -1.000000000000000000 ) ) ;
#313 = VERTEX_POINT ( 'NONE', #2296 ) ;
#314 = DIRECTION ( 'NONE',  ( 0.0000000000000000000, -0.0000000000000000000, -1.000000000000000000 ) ) ;
#315 = AXIS2_PLACEMENT_3D ( 'NONE', #3215, #2601, #947 ) ;
#316 = CYLINDRICAL_SURFACE ( 'NONE', #2622, 0.1000000000000000500 ) ;
#317 = EDGE_CURVE ( 'NONE', #3294, #2764, #1966, .T. ) ;
#318 = VERTEX_POINT ( 'NONE', #322 ) ;
#319 = SURFACE_STYLE_USAGE ( .BOTH. , #595 ) ;
#320 = CARTESIAN_POINT ( 'NONE',  ( 8.177007647035432900, 2.035456360155073700, -1.894834737668881900 ) ) ;
#321 = CYLINDRICAL_SURFACE ( 'NONE', #1058, 2.000000000000000000 ) ;
#322 = CARTESIAN_POINT ( 'NONE',  ( -4.284296264875009400, 2.805817444277467500, 1.569999999999999000 ) ) ;
#323 = VECTOR ( 'NONE', #2047, 1000.000000000000000 ) ;
#324 = VERTEX_POINT ( 'NONE', #599 ) ;
#325 = EDGE_CURVE ( 'NONE', #2429, #2016, #3015, .T. ) ;
#326 = VECTOR ( 'NONE', #332, 1000.000000000000000 ) ;
#327 = CARTESIAN_POINT ( 'NONE',  ( 12.69999999999999900, 0.2500000000000002200, 4.759999999999999800 ) ) ;
#328 = EDGE_LOOP ( 'NONE', ( #3264, #1687, #908, #598 ) ) ;
#329 = CARTESIAN_POINT ( 'NONE',  ( 0.04979484472297475400, 3.298617641527148000, -1.582555321405446000 ) ) ;
#330 = CARTESIAN_POINT ( 'NONE',  ( 9.099999999999997900, 2.589999999999999400, 2.419999999999999900 ) ) ;
#331 = LINE ( 'NONE', #2161, #1230 ) ;
#332 = DIRECTION ( 'NONE',  ( -0.1736481776669307200, -0.9848077530122080200, 3.491481338843133400E-015 ) ) ;
#333 = EDGE_LOOP ( 'NONE', ( #3663, #754, #2129, #3535 ) ) ;
#334 = CARTESIAN_POINT ( 'NONE',  ( 8.232142819437964200, 1.855848928039627100, -1.674419741066204700 ) ) ;
#335 = AXIS2_PLACEMENT_3D ( 'NONE', #3214, #1521, #1536 ) ;
#336 = ORIENTED_EDGE ( 'NONE', *, *, #501, .T. ) ;
#337 = EDGE_CURVE ( 'NONE', #1578, #1904, #1882, .T. ) ;
#338 = CARTESIAN_POINT ( 'NONE',  ( 8.316351626791643500, 2.094857296261328500, 1.469999999999999500 ) ) ;
#339 = DIRECTION ( 'NONE',  ( 0.0000000000000000000, 0.0000000000000000000, 1.000000000000000000 ) ) ;
#340 = ORIENTED_EDGE ( 'NONE', *, *, #817, .F. ) ;
#341 = CARTESIAN_POINT ( 'NONE',  ( -5.300357436669265200, 2.842492775492899700, 1.932555321405445600 ) ) ;
#342 = AXIS2_PLACEMENT_3D ( 'NONE', #1249, #1849, #994 ) ;
#343 = VERTEX_POINT ( 'NONE', #1562 ) ;
#344 = EDGE_CURVE ( 'NONE', #2004, #2701, #891, .T. ) ;
#345 = DIRECTION ( 'NONE',  ( -0.0000000000000000000, -1.000000000000000000, -0.0000000000000000000 ) ) ;
#346 = PLANE ( 'NONE',  #3266 ) ;
#347 = EDGE_CURVE ( 'NONE', #2384, #2676, #3095, .T. ) ;
#348 = DIRECTION ( 'NONE',  ( 0.1736481776669307200, -0.9848077530122080200, 3.491481338843133400E-015 ) ) ;
#349 = VECTOR ( 'NONE', #2807, 1000.000000000000000 ) ;
#350 = DIRECTION ( 'NONE',  ( 0.9848077530122080200, -0.1736481776669307800, -8.326672684688674100E-017 ) ) ;
#351 = CARTESIAN_POINT ( 'NONE',  ( -2.550000000000001200, 2.589999999999999400, -1.569999999999998700 ) ) ;
#352 = VECTOR ( 'NONE', #66, 1000.000000000000000 ) ;
#353 = CARTESIAN_POINT ( 'NONE',  ( 5.300357436669265200, 2.842492775492899700, 1.932555321405445600 ) ) ;
#354 = LINE ( 'NONE', #185, #3641 ) ;
#355 = CARTESIAN_POINT ( 'NONE',  ( -0.1105717069064015300, 3.643300355081421100, 1.682555321405445400 ) ) ;
#356 = ADVANCED_FACE ( 'NONE', ( #1572 ), #3199, .T. ) ;
#357 = DIRECTION ( 'NONE',  ( -0.0000000000000000000, -0.0000000000000000000, -1.000000000000000000 ) ) ;
#358 = DIRECTION ( 'NONE',  ( 0.0000000000000000000, -0.0000000000000000000, -1.000000000000000000 ) ) ;
#359 = ORIENTED_EDGE ( 'NONE', *, *, #2026, .T. ) ;
#360 = CARTESIAN_POINT ( 'NONE',  ( -7.860857594501006000, 2.391007513558880000, 1.932555321405445200 ) ) ;
#361 = LINE ( 'NONE', #217, #2845 ) ;
#362 = ORIENTED_EDGE ( 'NONE', *, *, #1891, .T. ) ;
#363 = VECTOR ( 'NONE', #69, 1000.000000000000000 ) ;
#364 = DIRECTION ( 'NONE',  ( 0.0000000000000000000, 0.0000000000000000000, 1.000000000000000000 ) ) ;
#365 = ORIENTED_EDGE ( 'NONE', *, *, #861, .F. ) ;
#366 = DIRECTION ( 'NONE',  ( 7.909116335528923700E-017, -1.394590603515816800E-017, -1.000000000000000000 ) ) ;
#367 = ORIENTED_EDGE ( 'NONE', *, *, #173, .T. ) ;
#368 = CARTESIAN_POINT ( 'NONE',  ( 5.230898165602491500, 2.448569674288015600, -1.932555321405447600 ) ) ;
#369 = EDGE_CURVE ( 'NONE', #1262, #898, #1481, .T. ) ;
#370 = VECTOR ( 'NONE', #1362, 1000.000000000000000 ) ;
#371 = EDGE_LOOP ( 'NONE', ( #1610, #1326, #1960, #822 ) ) ;
#372 = ADVANCED_FACE ( 'NONE', ( #396 ), #3534, .F. ) ;
#373 = DIRECTION ( 'NONE',  ( -1.000000000000000000, 0.0000000000000000000, 0.0000000000000000000 ) ) ;
#374 = FACE_OUTER_BOUND ( 'NONE', #2580, .T. ) ;
#375 = EDGE_LOOP ( 'NONE', ( #3354, #2331, #1083, #466 ) ) ;
#376 = DIRECTION ( 'NONE',  ( 0.0000000000000000000, 0.6940155268692114200, 0.7199600325465649300 ) ) ;
#377 = PLANE ( 'NONE',  #315 ) ;
#378 = ORIENTED_EDGE ( 'NONE', *, *, #2987, .F. ) ;
#379 = AXIS2_PLACEMENT_3D ( 'NONE', #1583, #719, #2724 ) ;
#380 = CARTESIAN_POINT ( 'NONE',  ( -10.35000000000000000, 0.3499999999999998700, 2.540000000000000000 ) ) ;
#381 = PLANE ( 'NONE',  #1644 ) ;
#382 = ORIENTED_EDGE ( 'NONE', *, *, #1823, .F. ) ;
#383 = EDGE_CURVE ( 'NONE', #761, #2764, #3236, .T. ) ;
#384 = ORIENTED_EDGE ( 'NONE', *, *, #2744, .T. ) ;
#385 = VERTEX_POINT ( 'NONE', #3513 ) ;
#386 = ORIENTED_EDGE ( 'NONE', *, *, #3604, .F. ) ;
#387 = DIRECTION ( 'NONE',  ( -1.000000000000000000, 0.0000000000000000000, 0.0000000000000000000 ) ) ;
#388 = AXIS2_PLACEMENT_3D ( 'NONE', #660, #1560, #2660 ) ;
#389 = ADVANCED_FACE ( 'NONE', ( #1160 ), #3501, .F. ) ;
#390 = EDGE_CURVE ( 'NONE', #913, #1452, #786, .T. ) ;
#391 = VECTOR ( 'NONE', #1686, 1000.000000000000000 ) ;
#392 = LINE ( 'NONE', #3412, #2663 ) ;
#393 = CARTESIAN_POINT ( 'NONE',  ( 0.04979484472297519100, 3.298617641527148000, 4.759999999999999800 ) ) ;
#394 = DIRECTION ( 'NONE',  ( -0.1736481776669307200, 0.9848077530122080200, 0.0000000000000000000 ) ) ;
#395 = LINE ( 'NONE', #3638, #1570 ) ;
#396 = FACE_OUTER_BOUND ( 'NONE', #824, .T. ) ;
#397 = EDGE_CURVE ( 'NONE', #2004, #1497, #3097, .T. ) ;
#398 = DIRECTION ( 'NONE',  ( -0.9848077530122080200, 0.1736481776669307200, 7.023930430159218900E-017 ) ) ;
#399 = FACE_OUTER_BOUND ( 'NONE', #12, .T. ) ;
#400 = CARTESIAN_POINT ( 'NONE',  ( 2.550000000000001200, 2.589999999999999400, -2.619999999999999200 ) ) ;
#401 = VERTEX_POINT ( 'NONE', #677 ) ;
#402 = CARTESIAN_POINT ( 'NONE',  ( -7.774033505667539100, 1.898603637052775000, -1.932555321405448100 ) ) ;
#403 = CIRCLE ( 'NONE', #695, 0.5000000000000000000 ) ;
#404 = ORIENTED_EDGE ( 'NONE', *, *, #2616, .T. ) ;
#405 = CARTESIAN_POINT ( 'NONE',  ( -2.550000000000001200, 2.839999999999999900, -2.919999999999999000 ) ) ;
#406 = CARTESIAN_POINT ( 'NONE',  ( 10.25000000000000000, 2.589999999999999400, 4.759999999999999800 ) ) ;
#407 = VECTOR ( 'NONE', #1157, 1000.000000000000000 ) ;
#408 = ORIENTED_EDGE ( 'NONE', *, *, #1037, .F. ) ;
#409 = ADVANCED_FACE ( 'NONE', ( #2974 ), #2401, .F. ) ;
#410 = CIRCLE ( 'NONE', #911, 0.2999999999999999300 ) ;
#411 = CARTESIAN_POINT ( 'NONE',  ( 2.550000000000001200, 2.589999999999999400, 1.569999999999998700 ) ) ;
#412 = ORIENTED_EDGE ( 'NONE', *, *, #569, .F. ) ;
#413 = AXIS2_PLACEMENT_3D ( 'NONE', #2383, #3540, #1862 ) ;
#414 = VECTOR ( 'NONE', #1619, 1000.000000000000000 ) ;
#415 = ORIENTED_EDGE ( 'NONE', *, *, #461, .T. ) ;
#416 = DIRECTION ( 'NONE',  ( -7.909116335528923700E-017, -1.394590603515816800E-017, 1.000000000000000000 ) ) ;
#417 = CARTESIAN_POINT ( 'NONE',  ( -2.550000000000001200, 2.589999999999999400, 1.569999999999998700 ) ) ;
#418 = ORIENTED_EDGE ( 'NONE', *, *, #2118, .T. ) ;
#419 = EDGE_LOOP ( 'NONE', ( #2507, #56, #255, #124, #1049, #2001, #2947, #241, #2558, #1563 ) ) ;
#420 = FILL_AREA_STYLE ('',( #1906 ) ) ;
#421 = CARTESIAN_POINT ( 'NONE',  ( -5.263447592453800000, 2.633166647028813800, 1.582555321405445700 ) ) ;
#422 = ORIENTED_EDGE ( 'NONE', *, *, #1827, .T. ) ;
#423 = ADVANCED_FACE ( 'NONE', ( #1379 ), #1200, .T. ) ;
#424 = AXIS2_PLACEMENT_3D ( 'NONE', #1156, #895, #575 ) ;
#425 = EDGE_LOOP ( 'NONE', ( #2255, #1958, #3224, #2280 ) ) ;
#426 = ORIENTED_EDGE ( 'NONE', *, *, #2605, .F. ) ;
#427 = PRESENTATION_LAYER_ASSIGNMENT (  '', '', ( #2678 ) ) ;
#428 = AXIS2_PLACEMENT_3D ( 'NONE', #3474, #1212, #2585 ) ;
#429 =( NAMED_UNIT ( * ) PLANE_ANGLE_UNIT ( ) SI_UNIT ( $, .RADIAN. ) );
#430 = VECTOR ( 'NONE', #134, 1000.000000000000000 ) ;
#431 = DIRECTION ( 'NONE',  ( 0.0000000000000000000, 0.0000000000000000000, -1.000000000000000000 ) ) ;
#432 = LINE ( 'NONE', #3361, #1519 ) ;
#433 = EDGE_CURVE ( 'NONE', #2283, #1262, #3553, .T. ) ;
#434 = LINE ( 'NONE', #79, #3186 ) ;
#435 = DIRECTION ( 'NONE',  ( 6.106226635438361000E-016, 3.431283035482124400E-015, 1.000000000000000000 ) ) ;
#436 = ORIENTED_EDGE ( 'NONE', *, *, #1815, .T. ) ;
#437 = CARTESIAN_POINT ( 'NONE',  ( -2.550000000000001200, 2.589999999999999400, -1.869999999999998800 ) ) ;
#438 = CARTESIAN_POINT ( 'NONE',  ( -3.893587865124414900, 2.589999999999999400, 4.759999999999999800 ) ) ;
#439 = CARTESIAN_POINT ( 'NONE',  ( -8.275590708465687200, 2.102044545920649400, -1.608768886934172300 ) ) ;
#440 = ADVANCED_FACE ( 'NONE', ( #1797 ), #93, .T. ) ;
#441 = CARTESIAN_POINT ( 'NONE',  ( 5.280812410220494100, 2.731647422330035500, 1.932555321405446100 ) ) ;
#442 = VERTEX_POINT ( 'NONE', #1805 ) ;
#443 = CARTESIAN_POINT ( 'NONE',  ( 2.550000000000001200, 2.839999999999999900, -2.619999999999999200 ) ) ;
#444 = AXIS2_PLACEMENT_3D ( 'NONE', #2445, #1368, #3591 ) ;
#445 = ORIENTED_EDGE ( 'NONE', *, *, #2734, .T. ) ;
#446 = FACE_OUTER_BOUND ( 'NONE', #2847, .T. ) ;
#447 = DIRECTION ( 'NONE',  ( 0.9848077530122080200, -0.1736481776669307200, -8.031127203596334300E-017 ) ) ;
#448 = ORIENTED_EDGE ( 'NONE', *, *, #3648, .T. ) ;
#449 = CARTESIAN_POINT ( 'NONE',  ( 12.69999999999999900, 2.168404344971008900E-016, 2.039999999999997800 ) ) ;
#450 = CARTESIAN_POINT ( 'NONE',  ( -5.280812410220492300, 2.731647422330035100, -1.932555321405446700 ) ) ;
#451 = VECTOR ( 'NONE', #2945, 1000.000000000000000 ) ;
#452 = EDGE_CURVE ( 'NONE', #1124, #3025, #1295, .T. ) ;
#453 = VERTEX_POINT ( 'NONE', #2164 ) ;
#454 = ORIENTED_EDGE ( 'NONE', *, *, #1091, .T. ) ;
#455 = AXIS2_PLACEMENT_3D ( 'NONE', #2023, #563, #3139 ) ;
#456 = CARTESIAN_POINT ( 'NONE',  ( -5.263447592453799100, 2.633166647028813800, 1.569999999999999000 ) ) ;
#457 = EDGE_CURVE ( 'NONE', #3168, #2830, #2794, .T. ) ;
#458 = DIRECTION ( 'NONE',  ( 0.0000000000000000000, 0.0000000000000000000, 1.000000000000000000 ) ) ;
#459 = ORIENTED_EDGE ( 'NONE', *, *, #1417, .T. ) ;
#460 = CARTESIAN_POINT ( 'NONE',  ( -9.099999999999997900, 2.839999999999999900, 2.419999999999999900 ) ) ;
#461 = EDGE_CURVE ( 'NONE', #590, #761, #3051, .T. ) ;
#462 = ORIENTED_EDGE ( 'NONE', *, *, #2688, .T. ) ;
#463 = DIRECTION ( 'NONE',  ( 1.000000000000000000, 0.0000000000000000000, -8.031127203596334300E-017 ) ) ;
#464 = ORIENTED_EDGE ( 'NONE', *, *, #264, .F. ) ;
#465 = CARTESIAN_POINT ( 'NONE',  ( -2.550000000000001200, 2.839999999999999900, -2.619999999999999200 ) ) ;
#466 = ORIENTED_EDGE ( 'NONE', *, *, #3305, .F. ) ;
#467 = CARTESIAN_POINT ( 'NONE',  ( 9.099999999999997900, 2.839999999999999900, 2.419999999999999900 ) ) ;
#468 = VERTEX_POINT ( 'NONE', #2739 ) ;
#469 = CARTESIAN_POINT ( 'NONE',  ( -5.230898165602493300, 2.448569674288016500, 1.932555321405446700 ) ) ;
#470 = CARTESIAN_POINT ( 'NONE',  ( -7.780535705868807400, 1.935479446841742000, -1.469999999999999500 ) ) ;
#471 = LINE ( 'NONE', #233, #1197 ) ;
#472 = DIRECTION ( 'NONE',  ( 1.000000000000000000, 0.0000000000000000000, -0.0000000000000000000 ) ) ;
#473 = FACE_OUTER_BOUND ( 'NONE', #2952, .T. ) ;
#474 = EDGE_CURVE ( 'NONE', #3606, #876, #3317, .T. ) ;
#475 = ORIENTED_EDGE ( 'NONE', *, *, #3689, .T. ) ;
#476 = FACE_OUTER_BOUND ( 'NONE', #3370, .T. ) ;
#477 = LINE ( 'NONE', #3135, #3420 ) ;
#478 = EDGE_LOOP ( 'NONE', ( #2274, #3528, #3091, #1989 ) ) ;
#479 = DIRECTION ( 'NONE',  ( 0.0000000000000000000, 1.000000000000000000, 0.0000000000000000000 ) ) ;
#480 = CARTESIAN_POINT ( 'NONE',  ( 5.230898165602491500, 2.448569674288014800, -1.682555321405447400 ) ) ;
#481 = LINE ( 'NONE', #2747, #661 ) ;
#482 = ORIENTED_EDGE ( 'NONE', *, *, #1099, .F. ) ;
#483 = CARTESIAN_POINT ( 'NONE',  ( -10.25000000000000000, 2.489999999999999800, -4.759999999999999800 ) ) ;
#484 = VECTOR ( 'NONE', #2300, 1000.000000000000000 ) ;
#485 = ORIENTED_EDGE ( 'NONE', *, *, #189, .T. ) ;
#486 = CARTESIAN_POINT ( 'NONE',  ( 8.164765774820033100, 2.129847056637205400, -1.932555321405446900 ) ) ;
#487 = AXIS2_PLACEMENT_3D ( 'NONE', #707, #2988, #2690 ) ;
#488 = CARTESIAN_POINT ( 'NONE',  ( -5.230898165602491500, 2.448569674288015600, -1.932555321405447600 ) ) ;
#489 = EDGE_LOOP ( 'NONE', ( #464, #143, #793, #3498, #1538, #2586, #527, #2447, #1763, #100 ) ) ;
#490 = DIRECTION ( 'NONE',  ( -1.000000000000000000, 0.0000000000000000000, 1.433655765270088800E-016 ) ) ;
#491 = CIRCLE ( 'NONE', #2209, 0.2999999999999999300 ) ;
#492 = CARTESIAN_POINT ( 'NONE',  ( -7.780535705868807400, 1.935479446841742000, -1.469999999999999500 ) ) ;
#493 = ORIENTED_EDGE ( 'NONE', *, *, #43, .F. ) ;
#494 = AXIS2_PLACEMENT_3D ( 'NONE', #1000, #1304, #2430 ) ;
#495 = VECTOR ( 'NONE', #2592, 1000.000000000000000 ) ;
#496 = CARTESIAN_POINT ( 'NONE',  ( 3.656245972229342600, 3.018102317301320600, 1.582555321405446000 ) ) ;
#497 = ORIENTED_EDGE ( 'NONE', *, *, #738, .F. ) ;
#498 = CARTESIAN_POINT ( 'NONE',  ( 10.25000000000000000, 2.839999999999999900, -4.759999999999999800 ) ) ;
#499 = AXIS2_PLACEMENT_3D ( 'NONE', #2619, #55, #2903 ) ;
#500 = VERTEX_POINT ( 'NONE', #3544 ) ;
#501 = EDGE_CURVE ( 'NONE', #2691, #2039, #782, .T. ) ;
#502 = ORIENTED_EDGE ( 'NONE', *, *, #2706, .T. ) ;
#503 = DIRECTION ( 'NONE',  ( -5.167230524490704400E-016, -3.384858740164844100E-015, 1.000000000000000000 ) ) ;
#504 = DIRECTION ( 'NONE',  ( 0.9848077530122080200, 0.1736481776669306900, -2.775557561562891400E-017 ) ) ;
#505 = VERTEX_POINT ( 'NONE', #2748 ) ;
#506 = DIRECTION ( 'NONE',  ( -1.000000000000000000, 0.0000000000000000000, 0.0000000000000000000 ) ) ;
#507 = ORIENTED_EDGE ( 'NONE', *, *, #1754, .F. ) ;
#508 = VECTOR ( 'NONE', #3164, 1000.000000000000000 ) ;
#509 = ORIENTED_EDGE ( 'NONE', *, *, #3519, .T. ) ;
#510 = DIRECTION ( 'NONE',  ( -0.0000000000000000000, 1.000000000000000000, -0.0000000000000000000 ) ) ;
#511 = DIRECTION ( 'NONE',  ( -0.1736481776669302800, 0.9848077530122081300, 0.0000000000000000000 ) ) ;
#512 = SHAPE_DEFINITION_REPRESENTATION ( #2822, #300 ) ;
#513 = LINE ( 'NONE', #1151, #1965 ) ;
#514 = LINE ( 'NONE', #240, #1656 ) ;
#515 = DIRECTION ( 'NONE',  ( 0.1736481776669306900, -0.9848077530122080200, 3.491481338843133700E-015 ) ) ;
#516 = CARTESIAN_POINT ( 'NONE',  ( 5.300357436669265200, 2.842492775492899700, 1.932555321405445600 ) ) ;
#517 = LINE ( 'NONE', #3201, #294 ) ;
#518 = LINE ( 'NONE', #2754, #2719 ) ;
#519 = DIRECTION ( 'NONE',  ( 0.0000000000000000000, 1.000000000000000000, 0.0000000000000000000 ) ) ;
#520 = FACE_OUTER_BOUND ( 'NONE', #371, .T. ) ;
#521 = CARTESIAN_POINT ( 'NONE',  ( 10.60000000000000000, 2.168404344971008900E-016, 2.540000000000000000 ) ) ;
#522 = ORIENTED_EDGE ( 'NONE', *, *, #3654, .T. ) ;
#523 = MANIFOLD_SOLID_BREP ( 'Combine1', #1794 ) ;
#524 = DIRECTION ( 'NONE',  ( 0.0000000000000000000, 0.6940155268692114200, 0.7199600325465649300 ) ) ;
#525 = EDGE_CURVE ( 'NONE', #2225, #2283, #292, .T. ) ;
#526 = CARTESIAN_POINT ( 'NONE',  ( 10.25000000000000000, 2.489999999999999800, 4.759999999999999800 ) ) ;
#527 = ORIENTED_EDGE ( 'NONE', *, *, #2559, .F. ) ;
#528 = VECTOR ( 'NONE', #769, 1000.000000000000000 ) ;
#529 = ADVANCED_FACE ( 'NONE', ( #2477 ), #557, .F. ) ;
#530 = ORIENTED_EDGE ( 'NONE', *, *, #3065, .T. ) ;
#531 = DIRECTION ( 'NONE',  ( -1.000000000000000000, 0.0000000000000000000, 1.433655765270088800E-016 ) ) ;
#532 = CARTESIAN_POINT ( 'NONE',  ( -10.25000000000000000, 2.589999999999999400, -4.759999999999999800 ) ) ;
#533 = ORIENTED_EDGE ( 'NONE', *, *, #1337, .F. ) ;
#534 = DIRECTION ( 'NONE',  ( -0.9848077530122080200, -0.1736481776669307800, -8.326672684688664200E-017 ) ) ;
#535 = CARTESIAN_POINT ( 'NONE',  ( -3.893587865124414900, 0.5899999999999994100, -1.569999999999998500 ) ) ;
#536 = CYLINDRICAL_SURFACE ( 'NONE', #3548, 0.5000000000000003300 ) ;
#537 = LINE ( 'NONE', #236, #2777 ) ;
#538 = ORIENTED_EDGE ( 'NONE', *, *, #1425, .F. ) ;
#539 = FACE_OUTER_BOUND ( 'NONE', #3062, .T. ) ;
#540 = VECTOR ( 'NONE', #3401, 1000.000000000000000 ) ;
#541 = DIRECTION ( 'NONE',  ( 0.0000000000000000000, 1.000000000000000000, -0.0000000000000000000 ) ) ;
#542 = ORIENTED_EDGE ( 'NONE', *, *, #1417, .F. ) ;
#543 = AXIS2_PLACEMENT_3D ( 'NONE', #1291, #3007, #3287 ) ;
#544 = CARTESIAN_POINT ( 'NONE',  ( -12.19999999999999600, 0.2500000000000002200, 2.540000000000000000 ) ) ;
#545 = DIRECTION ( 'NONE',  ( 0.1736481776669307200, -0.9848077530122080200, 3.491481338843133400E-015 ) ) ;
#546 = ORIENTED_EDGE ( 'NONE', *, *, #238, .T. ) ;
#547 = DIRECTION ( 'NONE',  ( -1.000000000000000000, 0.0000000000000000000, 1.433655765270088800E-016 ) ) ;
#548 = EDGE_CURVE ( 'NONE', #290, #1813, #3231, .T. ) ;
#549 = EDGE_LOOP ( 'NONE', ( #2184, #141, #336, #803 ) ) ;
#550 = DIRECTION ( 'NONE',  ( -0.0000000000000000000, 1.000000000000000000, -0.0000000000000000000 ) ) ;
#551 = ORIENTED_EDGE ( 'NONE', *, *, #3111, .T. ) ;
#552 = DIRECTION ( 'NONE',  ( 8.031127203596334300E-017, 0.0000000000000000000, 1.000000000000000000 ) ) ;
#553 = VERTEX_POINT ( 'NONE', #1050 ) ;
#554 = EDGE_CURVE ( 'NONE', #2429, #7, #1334, .T. ) ;
#555 = VERTEX_POINT ( 'NONE', #153 ) ;
#556 = AXIS2_PLACEMENT_3D ( 'NONE', #2490, #479, #3031 ) ;
#557 = CYLINDRICAL_SURFACE ( 'NONE', #494, 0.1000000000000000500 ) ;
#558 =( NAMED_UNIT ( * ) SI_UNIT ( $, .STERADIAN. ) SOLID_ANGLE_UNIT ( ) );
#559 = ORIENTED_EDGE ( 'NONE', *, *, #3006, .T. ) ;
#560 = CARTESIAN_POINT ( 'NONE',  ( -8.274771835534684400, 1.932951166664531800, -1.582555321405446600 ) ) ;
#561 = EDGE_CURVE ( 'NONE', #993, #555, #736, .T. ) ;
#562 = PLANE ( 'NONE',  #1927 ) ;
#563 = DIRECTION ( 'NONE',  ( 7.909116335528923700E-017, -1.394590603515816800E-017, 1.000000000000000000 ) ) ;
#564 = ADVANCED_FACE ( 'NONE', ( #1652 ), #1316, .F. ) ;
#565 = ORIENTED_EDGE ( 'NONE', *, *, #635, .T. ) ;
#566 = CARTESIAN_POINT ( 'NONE',  ( 2.561054614904106700, 2.855814788476474400, 1.569999999999998700 ) ) ;
#567 = AXIS2_PLACEMENT_3D ( 'NONE', #675, #2677, #1263 ) ;
#568 = PLANE ( 'NONE',  #2728 ) ;
#569 = EDGE_CURVE ( 'NONE', #553, #283, #3515, .T. ) ;
#570 = ORIENTED_EDGE ( 'NONE', *, *, #2710, .T. ) ;
#571 = CARTESIAN_POINT ( 'NONE',  ( 12.19999999999999800, 0.2500000000000002200, -2.539999999999999600 ) ) ;
#572 = ORIENTED_EDGE ( 'NONE', *, *, #1875, .T. ) ;
#573 = EDGE_CURVE ( 'NONE', #1315, #2625, #2172, .T. ) ;
#574 = VECTOR ( 'NONE', #26, 1000.000000000000000 ) ;
#575 = DIRECTION ( 'NONE',  ( 0.0000000000000000000, 0.0000000000000000000, 1.000000000000000000 ) ) ;
#576 = CARTESIAN_POINT ( 'NONE',  ( 10.60000000000000000, 2.489999999999999800, 4.759999999999999800 ) ) ;
#577 = CARTESIAN_POINT ( 'NONE',  ( 8.152559529262079600, 2.225280923471197400, -1.682555321405446500 ) ) ;
#578 = ORIENTED_EDGE ( 'NONE', *, *, #1330, .T. ) ;
#579 = DIRECTION ( 'NONE',  ( 0.0000000000000000000, -1.000000000000000000, 0.0000000000000000000 ) ) ;
#580 = ORIENTED_EDGE ( 'NONE', *, *, #3679, .F. ) ;
#581 = DIRECTION ( 'NONE',  ( 0.9848077530122080200, -0.1736481776669307200, -8.031127203596334300E-017 ) ) ;
#582 = FILL_AREA_STYLE ('',( #2247 ) ) ;
#583 = ORIENTED_EDGE ( 'NONE', *, *, #1261, .T. ) ;
#584 = ADVANCED_FACE ( 'NONE', ( #2089 ), #1611, .F. ) ;
#585 = DIRECTION ( 'NONE',  ( 0.1736481776669270800, 0.9848077530122086900, 0.0000000000000000000 ) ) ;
#586 = ORIENTED_EDGE ( 'NONE', *, *, #2348, .T. ) ;
#587 = CARTESIAN_POINT ( 'NONE',  ( -12.69999999999999900, 2.168404344971008900E-016, 4.759999999999999800 ) ) ;
#588 = CARTESIAN_POINT ( 'NONE',  ( -3.893587865124414900, 2.589999999999999400, 1.569999999999998700 ) ) ;
#589 = AXIS2_PLACEMENT_3D ( 'NONE', #2253, #3632, #2789 ) ;
#590 = VERTEX_POINT ( 'NONE', #1022 ) ;
#591 = CARTESIAN_POINT ( 'NONE',  ( -4.240884220458276800, 2.559615506024415200, 4.759999999999999800 ) ) ;
#592 = DIRECTION ( 'NONE',  ( -1.000000000000000000, 0.0000000000000000000, 0.0000000000000000000 ) ) ;
#593 = CARTESIAN_POINT ( 'NONE',  ( 8.152559529262081400, 2.225280923471198300, -1.932555321405446700 ) ) ;
#594 = ORIENTED_EDGE ( 'NONE', *, *, #3076, .F. ) ;
#595 = SURFACE_SIDE_STYLE ('',( #799 ) ) ;
#596 = CARTESIAN_POINT ( 'NONE',  ( 8.164765774820033100, 2.129847056637205400, -1.932555321405446900 ) ) ;
#597 = EDGE_CURVE ( 'NONE', #1622, #2856, #1246, .T. ) ;
#598 = ORIENTED_EDGE ( 'NONE', *, *, #3262, .T. ) ;
#599 = CARTESIAN_POINT ( 'NONE',  ( -10.60000000000000000, 0.3500000000000000300, 2.540000000000000000 ) ) ;
#600 = EDGE_LOOP ( 'NONE', ( #1817, #583, #3268, #1287 ) ) ;
#601 = FACE_OUTER_BOUND ( 'NONE', #1787, .T. ) ;
#602 = CARTESIAN_POINT ( 'NONE',  ( -8.303713198479171000, 2.097085792166566900, 1.582555321405446200 ) ) ;
#603 = VECTOR ( 'NONE', #581, 1000.000000000000000 ) ;
#604 = CARTESIAN_POINT ( 'NONE',  ( -7.860857594501006000, 2.391007513558879100, 1.682555321405445400 ) ) ;
#605 = CARTESIAN_POINT ( 'NONE',  ( 9.099999999999997900, 2.589999999999999400, 2.419999999999999900 ) ) ;
#606 = VECTOR ( 'NONE', #2128, 1000.000000000000000 ) ;
#607 = CARTESIAN_POINT ( 'NONE',  ( 8.260301154062441100, 1.850883853913514800, 1.582555321405446000 ) ) ;
#608 = AXIS2_PLACEMENT_3D ( 'NONE', #2174, #1338, #1884 ) ;
#609 = CARTESIAN_POINT ( 'NONE',  ( 3.893587865124414900, 2.839999999999999900, 4.759999999999999800 ) ) ;
#610 = ORIENTED_EDGE ( 'NONE', *, *, #3611, .F. ) ;
#611 = DIRECTION ( 'NONE',  ( 0.7071067811865463500, -0.0000000000000000000, 0.7071067811865487900 ) ) ;
#612 = LINE ( 'NONE', #2385, #1211 ) ;
#613 = ORIENTED_EDGE ( 'NONE', *, *, #131, .F. ) ;
#614 = AXIS2_PLACEMENT_3D ( 'NONE', #2367, #1513, #962 ) ;
#615 = CARTESIAN_POINT ( 'NONE',  ( 1.038535502343272300, -2.873610469527873700, -1.682555321405469200 ) ) ;
#616 = CYLINDRICAL_SURFACE ( 'NONE', #1089, 0.2999999999999999300 ) ;
#617 = EDGE_CURVE ( 'NONE', #3445, #3218, #3677, .T. ) ;
#618 = ORIENTED_EDGE ( 'NONE', *, *, #1909, .T. ) ;
#619 = DIRECTION ( 'NONE',  ( 1.000000000000000000, 0.0000000000000000000, 0.0000000000000000000 ) ) ;
#620 = ADVANCED_FACE ( 'NONE', ( #3463 ), #2933, .F. ) ;
#621 = DIRECTION ( 'NONE',  ( 0.0000000000000000000, 1.000000000000000000, 0.0000000000000000000 ) ) ;
#622 = EDGE_LOOP ( 'NONE', ( #2650, #2162, #2201, #1359 ) ) ;
#623 = EDGE_CURVE ( 'NONE', #2701, #1622, #2871, .T. ) ;
#624 = CARTESIAN_POINT ( 'NONE',  ( 3.893587865124414900, 0.5899999999999994100, 3.170687123922336900 ) ) ;
#625 = DIRECTION ( 'NONE',  ( 0.0000000000000000000, 1.000000000000000000, 0.0000000000000000000 ) ) ;
#626 = FACE_OUTER_BOUND ( 'NONE', #1874, .T. ) ;
#627 = CARTESIAN_POINT ( 'NONE',  ( -3.893587865124414900, 0.5899999999999994100, 3.170687123922336900 ) ) ;
#628 = ORIENTED_EDGE ( 'NONE', *, *, #2899, .F. ) ;
#629 = AXIS2_PLACEMENT_3D ( 'NONE', #1660, #3363, #1973 ) ;
#630 = CARTESIAN_POINT ( 'NONE',  ( 5.280812410220493200, 2.731647422330035500, -1.682555321405446100 ) ) ;
#631 = CIRCLE ( 'NONE', #749, 0.3499999999999996400 ) ;
#632 = ORIENTED_EDGE ( 'NONE', *, *, #2145, .T. ) ;
#633 = CARTESIAN_POINT ( 'NONE',  ( -3.893587865124414900, 0.5899999999999994100, 1.569999999999999200 ) ) ;
#634 = ORIENTED_EDGE ( 'NONE', *, *, #2565, .F. ) ;
#635 = EDGE_CURVE ( 'NONE', #2004, #2707, #1566, .T. ) ;
#636 = CARTESIAN_POINT ( 'NONE',  ( 8.152559529262079600, 2.225280923471197400, -1.682555321405446500 ) ) ;
#637 = ORIENTED_EDGE ( 'NONE', *, *, #452, .F. ) ;
#638 = CARTESIAN_POINT ( 'NONE',  ( -10.69999999999999900, 0.3500000000000000300, -2.540000000000000500 ) ) ;
#639 = AXIS2_PLACEMENT_3D ( 'NONE', #3518, #3189, #1233 ) ;
#640 = ADVANCED_FACE ( 'NONE', ( #104 ), #2884, .F. ) ;
#641 = ORIENTED_EDGE ( 'NONE', *, *, #2238, .T. ) ;
#642 = EDGE_CURVE ( 'NONE', #3427, #2923, #2210, .T. ) ;
#643 = DIRECTION ( 'NONE',  ( 0.9848077530122080200, 0.1736481776669306900, 8.326672684688646900E-017 ) ) ;
#644 = CARTESIAN_POINT ( 'NONE',  ( 3.893587865124414900, 2.589999999999999400, 1.569999999999998700 ) ) ;
#645 = EDGE_LOOP ( 'NONE', ( #565, #2194, #1165, #2693 ) ) ;
#646 = EDGE_CURVE ( 'NONE', #2590, #385, #471, .T. ) ;
#647 = CARTESIAN_POINT ( 'NONE',  ( -8.152559529262083200, 2.225280923471197000, 1.849221988072112400 ) ) ;
#648 = DIRECTION ( 'NONE',  ( 0.0000000000000000000, -0.0000000000000000000, -1.000000000000000000 ) ) ;
#649 = FACE_OUTER_BOUND ( 'NONE', #732, .T. ) ;
#650 = DIRECTION ( 'NONE',  ( -0.1736481776669307200, -0.9848077530122080200, 3.491481338843133400E-015 ) ) ;
#651 = LINE ( 'NONE', #2270, #2481 ) ;
#652 = VECTOR ( 'NONE', #3324, 1000.000000000000000 ) ;
#653 = CARTESIAN_POINT ( 'NONE',  ( 10.60000000000000000, 0.3500000000000000300, 2.540000000000000000 ) ) ;
#654 = LINE ( 'NONE', #1725, #2841 ) ;
#655 = CARTESIAN_POINT ( 'NONE',  ( 5.280812410220493200, 2.731647422330034700, -1.582555321405446200 ) ) ;
#656 = DIRECTION ( 'NONE',  ( 0.0000000000000000000, 0.0000000000000000000, -1.000000000000000000 ) ) ;
#657 = LINE ( 'NONE', #3658, #1581 ) ;
#658 = DIRECTION ( 'NONE',  ( 0.0000000000000000000, 1.000000000000000000, 0.0000000000000000000 ) ) ;
#659 = ORIENTED_EDGE ( 'NONE', *, *, #861, .T. ) ;
#660 = CARTESIAN_POINT ( 'NONE',  ( 7.823947750285539900, 2.181681385094794000, 1.469999999999999500 ) ) ;
#661 = VECTOR ( 'NONE', #2425, 1000.000000000000000 ) ;
#662 = CARTESIAN_POINT ( 'NONE',  ( -15.05000000000000100, 0.2500000000000002200, 0.3100000000000151500 ) ) ;
#663 = ADVANCED_FACE ( 'NONE', ( #3634 ), #2570, .F. ) ;
#664 =( NAMED_UNIT ( * ) PLANE_ANGLE_UNIT ( ) SI_UNIT ( $, .RADIAN. ) );
#665 = CARTESIAN_POINT ( 'NONE',  ( -1.038535502343272300, -2.873610469527873700, -1.682555321405469200 ) ) ;
#666 = ORIENTED_EDGE ( 'NONE', *, *, #1453, .F. ) ;
#667 = PLANE ( 'NONE',  #129 ) ;
#668 = DIRECTION ( 'NONE',  ( 5.273559366969493600E-016, -3.445160823289938900E-015, 1.000000000000000000 ) ) ;
#669 = EDGE_CURVE ( 'NONE', #1856, #3609, #1964, .T. ) ;
#670 = ORIENTED_EDGE ( 'NONE', *, *, #1495, .F. ) ;
#671 = LINE ( 'NONE', #3666, #1214 ) ;
#672 = VERTEX_POINT ( 'NONE', #2199 ) ;
#673 = DIRECTION ( 'NONE',  ( 1.000000000000000000, 0.0000000000000000000, 0.0000000000000000000 ) ) ;
#674 = EDGE_CURVE ( 'NONE', #324, #2082, #2301, .T. ) ;
#675 = CARTESIAN_POINT ( 'NONE',  ( -2.250000000000001300, 2.589999999999999400, -2.619999999999999200 ) ) ;
#676 = ORIENTED_EDGE ( 'NONE', *, *, #1587, .F. ) ;
#677 = CARTESIAN_POINT ( 'NONE',  ( 3.893587865124414900, 2.839999999999999900, 1.569999999999998700 ) ) ;
#678 = VECTOR ( 'NONE', #545, 1000.000000000000000 ) ;
#679 = CYLINDRICAL_SURFACE ( 'NONE', #3683, 0.1000000000000001700 ) ;
#680 = ORIENTED_EDGE ( 'NONE', *, *, #789, .T. ) ;
#681 = DIRECTION ( 'NONE',  ( 0.0000000000000000000, -0.6940155268692114200, 0.7199600325465649300 ) ) ;
#682 = CARTESIAN_POINT ( 'NONE',  ( 8.303713198479172800, 2.097085792166566900, -1.582555321405446000 ) ) ;
#683 = ADVANCED_FACE ( 'NONE', ( #3138 ), #2206, .T. ) ;
#684 = VERTEX_POINT ( 'NONE', #3344 ) ;
#685 = CARTESIAN_POINT ( 'NONE',  ( -12.69999999999999900, 0.2500000000000002200, -2.039999999999995600 ) ) ;
#686 = CARTESIAN_POINT ( 'NONE',  ( -10.60000000000000000, 2.168404344971008900E-016, 4.759999999999999800 ) ) ;
#687 = VECTOR ( 'NONE', #95, 1000.000000000000000 ) ;
#688 = ORIENTED_EDGE ( 'NONE', *, *, #956, .T. ) ;
#689 = AXIS2_PLACEMENT_3D ( 'NONE', #1636, #3318, #3597 ) ;
#690 = DIRECTION ( 'NONE',  ( -0.0000000000000000000, -0.0000000000000000000, -1.000000000000000000 ) ) ;
#691 = DIRECTION ( 'NONE',  ( 0.0000000000000000000, -0.6940155268692114200, 0.7199600325465649300 ) ) ;
#692 = EDGE_LOOP ( 'NONE', ( #3045, #3538, #3209, #1153 ) ) ;
#693 = DIRECTION ( 'NONE',  ( 0.9848077530122140200, -0.1736481776668968900, -8.541845642371284100E-015 ) ) ;
#694 = ORIENTED_EDGE ( 'NONE', *, *, #569, .T. ) ;
#695 = AXIS2_PLACEMENT_3D ( 'NONE', #1335, #1915, #1633 ) ;
#696 = EDGE_CURVE ( 'NONE', #3255, #178, #880, .T. ) ;
#697 = CYLINDRICAL_SURFACE ( 'NONE', #3407, 0.4999999999999991700 ) ;
#698 = DIRECTION ( 'NONE',  ( 1.000000000000000000, 0.0000000000000000000, 0.0000000000000000000 ) ) ;
#699 = LINE ( 'NONE', #2054, #20 ) ;
#700 = ADVANCED_FACE ( 'NONE', ( #601 ), #697, .F. ) ;
#701 = EDGE_CURVE ( 'NONE', #2638, #2410, #1780, .T. ) ;
#702 = DIRECTION ( 'NONE',  ( -0.0000000000000000000, -0.0000000000000000000, -1.000000000000000000 ) ) ;
#703 = ORIENTED_EDGE ( 'NONE', *, *, #3331, .F. ) ;
#704 = DIRECTION ( 'NONE',  ( -1.000000000000000000, 0.0000000000000000000, 0.0000000000000000000 ) ) ;
#705 = VECTOR ( 'NONE', #3283, 1000.000000000000000 ) ;
#706 = ORIENTED_EDGE ( 'NONE', *, *, #2178, .T. ) ;
#707 = CARTESIAN_POINT ( 'NONE',  ( 10.69999999999999900, 0.3500000000000000300, 2.540000000000000500 ) ) ;
#708 = DIRECTION ( 'NONE',  ( 0.0000000000000000000, 0.0000000000000000000, -1.000000000000000000 ) ) ;
#709 = AXIS2_PLACEMENT_3D ( 'NONE', #959, #1252, #2634 ) ;
#710 = EDGE_CURVE ( 'NONE', #2816, #2509, #2792, .T. ) ;
#711 = VERTEX_POINT ( 'NONE', #811 ) ;
#712 = VECTOR ( 'NONE', #243, 1000.000000000000000 ) ;
#713 = SURFACE_STYLE_USAGE ( .BOTH. , #1033 ) ;
#714 = EDGE_LOOP ( 'NONE', ( #164, #1225, #3013, #2223 ) ) ;
#715 = CARTESIAN_POINT ( 'NONE',  ( -10.60000000000000000, 2.839999999999999900, 4.759999999999999800 ) ) ;
#716 = VECTOR ( 'NONE', #1890, 999.9999999999998900 ) ;
#717 = EDGE_CURVE ( 'NONE', #1332, #1980, #3549, .T. ) ;
#718 = VERTEX_POINT ( 'NONE', #2245 ) ;
#719 = DIRECTION ( 'NONE',  ( 0.0000000000000000000, 1.000000000000000000, -0.0000000000000000000 ) ) ;
#720 = CIRCLE ( 'NONE', #97, 0.3499999999999996400 ) ;
#721 = CARTESIAN_POINT ( 'NONE',  ( -10.60000000000000000, 2.489999999999999800, 4.759999999999999800 ) ) ;
#722 = VERTEX_POINT ( 'NONE', #532 ) ;
#723 = EDGE_CURVE ( 'NONE', #3606, #3228, #3592, .T. ) ;
#724 = VECTOR ( 'NONE', #1144, 1000.000000000000000 ) ;
#725 = ORIENTED_EDGE ( 'NONE', *, *, #433, .T. ) ;
#726 = CARTESIAN_POINT ( 'NONE',  ( -0.09320688913970737200, 3.544819579780200200, -1.582555321405446000 ) ) ;
#727 = EDGE_LOOP ( 'NONE', ( #1231, #1864, #1913, #1318 ) ) ;
#728 = VERTEX_POINT ( 'NONE', #2029 ) ;
#729 = CARTESIAN_POINT ( 'NONE',  ( 8.164765774820033100, 2.129847056637205000, 1.932555321405445400 ) ) ;
#730 = CARTESIAN_POINT ( 'NONE',  ( -8.152559529262083200, 2.225280923471198300, 1.932555321405445600 ) ) ;
#731 = DIRECTION ( 'NONE',  ( 5.167230524490704400E-016, -3.384858740164844100E-015, 1.000000000000000000 ) ) ;
#732 = EDGE_LOOP ( 'NONE', ( #3478, #777, #538, #1564 ) ) ;
#733 = CARTESIAN_POINT ( 'NONE',  ( -8.164765774820033100, 2.129847056637205400, -1.932555321405446900 ) ) ;
#734 = ORIENTED_EDGE ( 'NONE', *, *, #2222, .T. ) ;
#735 = PLANE ( 'NONE',  #1081 ) ;
#736 = CIRCLE ( 'NONE', #1277, 0.09999999999999939500 ) ;
#737 = CARTESIAN_POINT ( 'NONE',  ( 10.69999999999999900, 0.3500000000000000300, -2.540000000000000500 ) ) ;
#738 = EDGE_CURVE ( 'NONE', #39, #2956, #392, .T. ) ;
#739 = LINE ( 'NONE', #1280, #881 ) ;
#740 = CARTESIAN_POINT ( 'NONE',  ( 8.249411829663543500, 2.117604155590156400, 1.634753987281774200 ) ) ;
#741 = VECTOR ( 'NONE', #177, 1000.000000000000000 ) ;
#742 = VERTEX_POINT ( 'NONE', #3129 ) ;
#743 = CARTESIAN_POINT ( 'NONE',  ( 10.60000000000000000, 2.658580143037442100, 4.934882204459401400 ) ) ;
#744 = FACE_OUTER_BOUND ( 'NONE', #2271, .T. ) ;
#745 = CARTESIAN_POINT ( 'NONE',  ( 0.04979484472297519100, 3.298617641527148000, 1.582555321405446000 ) ) ;
#746 = ORIENTED_EDGE ( 'NONE', *, *, #2772, .F. ) ;
#747 = FACE_OUTER_BOUND ( 'NONE', #148, .T. ) ;
#748 = CARTESIAN_POINT ( 'NONE',  ( 2.250000000000001300, 2.589999999999999400, 1.869999999999998800 ) ) ;
#749 = AXIS2_PLACEMENT_3D ( 'NONE', #526, #214, #3101 ) ;
#750 = ORIENTED_EDGE ( 'NONE', *, *, #1607, .F. ) ;
#751 = ADVANCED_FACE ( 'NONE', ( #2137 ), #878, .F. ) ;
#752 = VECTOR ( 'NONE', #2088, 1000.000000000000000 ) ;
#753 = DIRECTION ( 'NONE',  ( -1.000000000000000000, -9.293161478447189900E-016, 0.0000000000000000000 ) ) ;
#754 = ORIENTED_EDGE ( 'NONE', *, *, #3035, .T. ) ;
#755 = CIRCLE ( 'NONE', #1576, 0.2999999999999999300 ) ;
#756 = EDGE_CURVE ( 'NONE', #2607, #1980, #3183, .T. ) ;
#757 = ORIENTED_EDGE ( 'NONE', *, *, #140, .T. ) ;
#758 = CARTESIAN_POINT ( 'NONE',  ( -5.300357436669264300, 2.842492775492899200, 1.682555321405444900 ) ) ;
#759 = CARTESIAN_POINT ( 'NONE',  ( -8.303713198479171000, 2.097085792166566900, 1.582555321405446200 ) ) ;
#760 = FACE_OUTER_BOUND ( 'NONE', #2309, .T. ) ;
#761 = VERTEX_POINT ( 'NONE', #863 ) ;
#762 = CARTESIAN_POINT ( 'NONE',  ( 8.232142819437964200, 1.855848928039627100, -1.674419741066204700 ) ) ;
#763 = EDGE_CURVE ( 'NONE', #2607, #1721, #2159, .T. ) ;
#764 = FACE_OUTER_BOUND ( 'NONE', #3077, .T. ) ;
#765 = PLANE ( 'NONE',  #1716 ) ;
#766 = FACE_OUTER_BOUND ( 'NONE', #3212, .T. ) ;
#767 = ORIENTED_EDGE ( 'NONE', *, *, #189, .F. ) ;
#768 = DIRECTION ( 'NONE',  ( 0.0000000000000000000, -0.0000000000000000000, -1.000000000000000000 ) ) ;
#769 = DIRECTION ( 'NONE',  ( 0.1736481776669307800, 0.9848077530122080200, 3.491481338843133400E-015 ) ) ;
#770 = EDGE_CURVE ( 'NONE', #2838, #2283, #3163, .T. ) ;
#771 = ORIENTED_EDGE ( 'NONE', *, *, #245, .T. ) ;
#772 = CARTESIAN_POINT ( 'NONE',  ( -10.60000000000000000, 2.489999999999999800, 4.759999999999999800 ) ) ;
#773 = CARTESIAN_POINT ( 'NONE',  ( -0.04979484472297519100, 3.298617641527148000, 1.582555321405446000 ) ) ;
#774 = ORIENTED_EDGE ( 'NONE', *, *, #1548, .T. ) ;
#775 = DIRECTION ( 'NONE',  ( -1.000000000000000000, 0.0000000000000000000, 0.0000000000000000000 ) ) ;
#776 = LINE ( 'NONE', #1194, #508 ) ;
#777 = ORIENTED_EDGE ( 'NONE', *, *, #3198, .F. ) ;
#778 = VECTOR ( 'NONE', #1653, 1000.000000000000000 ) ;
#779 = CARTESIAN_POINT ( 'NONE',  ( 12.69999999999999900, 2.168404344971008900E-016, -2.039999999999995600 ) ) ;
#780 = VERTEX_POINT ( 'NONE', #3387 ) ;
#781 = PLANE ( 'NONE',  #589 ) ;
#782 = LINE ( 'NONE', #726, #1839 ) ;
#783 = DIRECTION ( 'NONE',  ( 0.0000000000000000000, 0.0000000000000000000, 1.000000000000000000 ) ) ;
#784 = DIRECTION ( 'NONE',  ( -1.000000000000000000, 0.0000000000000000000, -0.0000000000000000000 ) ) ;
#785 = CIRCLE ( 'NONE', #1569, 0.5000000000000001100 ) ;
#786 = LINE ( 'NONE', #411, #2055 ) ;
#787 = CARTESIAN_POINT ( 'NONE',  ( -7.774033505667540000, 1.898603637052775900, 1.932555321405446700 ) ) ;
#788 = ORIENTED_EDGE ( 'NONE', *, *, #369, .T. ) ;
#789 = EDGE_CURVE ( 'NONE', #324, #2816, #3078, .T. ) ;
#790 = ORIENTED_EDGE ( 'NONE', *, *, #548, .F. ) ;
#791 = DIRECTION ( 'NONE',  ( -1.000000000000000000, 0.0000000000000000000, 0.0000000000000000000 ) ) ;
#792 = CYLINDRICAL_SURFACE ( 'NONE', #3291, 0.5000000000000003300 ) ;
#793 = ORIENTED_EDGE ( 'NONE', *, *, #1254, .F. ) ;
#794 = DIRECTION ( 'NONE',  ( 1.000000000000000000, 0.0000000000000000000, 0.0000000000000000000 ) ) ;
#795 = VECTOR ( 'NONE', #3678, 1000.000000000000000 ) ;
#796 = DIRECTION ( 'NONE',  ( 0.0000000000000000000, 1.000000000000000000, -0.0000000000000000000 ) ) ;
#797 = ORIENTED_EDGE ( 'NONE', *, *, #3642, .F. ) ;
#798 = DIRECTION ( 'NONE',  ( 0.0000000000000000000, 0.0000000000000000000, 1.000000000000000000 ) ) ;
#799 = SURFACE_STYLE_FILL_AREA ( #582 ) ;
#800 = FACE_OUTER_BOUND ( 'NONE', #333, .T. ) ;
#801 = CARTESIAN_POINT ( 'NONE',  ( 12.19999999999999600, 0.2500000000000002200, 2.540000000000000000 ) ) ;
#802 = CARTESIAN_POINT ( 'NONE',  ( 8.260301154062441100, 1.850883853913514800, 1.582555321405446000 ) ) ;
#803 = ORIENTED_EDGE ( 'NONE', *, *, #1729, .F. ) ;
#804 = VECTOR ( 'NONE', #1196, 1000.000000000000000 ) ;
#805 = VERTEX_POINT ( 'NONE', #1745 ) ;
#806 = DIRECTION ( 'NONE',  ( 0.0000000000000000000, 0.0000000000000000000, -1.000000000000000000 ) ) ;
#807 = AXIS2_PLACEMENT_3D ( 'NONE', #944, #3210, #691 ) ;
#808 = DIRECTION ( 'NONE',  ( 0.0000000000000000000, 1.000000000000000000, 0.0000000000000000000 ) ) ;
#809 = LINE ( 'NONE', #1953, #3165 ) ;
#810 = ORIENTED_EDGE ( 'NONE', *, *, #2696, .T. ) ;
#811 = CARTESIAN_POINT ( 'NONE',  ( -9.099999999999997900, 2.839999999999999900, -2.419999999999999900 ) ) ;
#812 = VECTOR ( 'NONE', #3550, 1000.000000000000000 ) ;
#813 = CARTESIAN_POINT ( 'NONE',  ( -8.260301154062441100, 1.850883853913514800, 1.582555321405446000 ) ) ;
#814 = ORIENTED_EDGE ( 'NONE', *, *, #1928, .F. ) ;
#815 = ADVANCED_FACE ( 'NONE', ( #764 ), #950, .F. ) ;
#816 = B_SPLINE_CURVE_WITH_KNOTS ( 'NONE', 3,
 ( #1712, #3685, #3673, #277, #2831, #813 ),
 .UNSPECIFIED., .F., .F.,
 ( 4, 2, 4 ),
 ( 0.0000000000000000000, 0.5000000000000000000, 1.000000000000000000 ),
 .UNSPECIFIED. ) ;
#817 = EDGE_CURVE ( 'NONE', #2897, #2821, #1271, .T. ) ;
#818 = DIRECTION ( 'NONE',  ( -0.0000000000000000000, 0.7199600325465649300, -0.6940155268692114200 ) ) ;
#819 = ORIENTED_EDGE ( 'NONE', *, *, #1313, .F. ) ;
#820 = DIRECTION ( 'NONE',  ( 0.1736481776669307200, 0.9848077530122080200, -3.491481338843133400E-015 ) ) ;
#821 = EDGE_CURVE ( 'NONE', #2691, #2016, #1229, .T. ) ;
#822 = ORIENTED_EDGE ( 'NONE', *, *, #2616, .F. ) ;
#823 = DIRECTION ( 'NONE',  ( 1.000000000000000000, 0.0000000000000000000, -0.0000000000000000000 ) ) ;
#824 = EDGE_LOOP ( 'NONE', ( #3545, #860, #572, #810 ) ) ;
#825 = AXIS2_PLACEMENT_3D ( 'NONE', #3643, #2519, #2239 ) ;
#826 = ORIENTED_EDGE ( 'NONE', *, *, #3055, .F. ) ;
#827 = DIRECTION ( 'NONE',  ( -0.7071067811865462400, 0.0000000000000000000, 0.7071067811865487900 ) ) ;
#828 = DIRECTION ( 'NONE',  ( -0.7071067811865487900, 0.0000000000000000000, 0.7071067811865463500 ) ) ;
#829 = CARTESIAN_POINT ( 'NONE',  ( -2.550000000000001200, 2.589999999999999400, 1.869999999999998800 ) ) ;
#830 = DIRECTION ( 'NONE',  ( 0.0000000000000000000, 0.0000000000000000000, -1.000000000000000000 ) ) ;
#831 = EDGE_LOOP ( 'NONE', ( #10, #146, #3, #1951 ) ) ;
#832 = EDGE_CURVE ( 'NONE', #3494, #1645, #1777, .T. ) ;
#833 = CARTESIAN_POINT ( 'NONE',  ( 2.550000000000001200, 2.589999999999999400, -1.569999999999998700 ) ) ;
#834 = FACE_OUTER_BOUND ( 'NONE', #1900, .T. ) ;
#835 = FACE_OUTER_BOUND ( 'NONE', #1907, .T. ) ;
#836 = DIRECTION ( 'NONE',  ( 1.000000000000000000, 0.0000000000000000000, -0.0000000000000000000 ) ) ;
#837 = ADVANCED_FACE ( 'NONE', ( #2699 ), #568, .T. ) ;
#838 = ORIENTED_EDGE ( 'NONE', *, *, #1754, .T. ) ;
#839 = AXIS2_PLACEMENT_3D ( 'NONE', #96, #2102, #2637 ) ;
#840 = DIRECTION ( 'NONE',  ( 0.1736481776669307200, 0.9848077530122080200, 0.0000000000000000000 ) ) ;
#841 = EDGE_CURVE ( 'NONE', #1949, #3218, #2550, .T. ) ;
#842 = LINE ( 'NONE', #2898, #1711 ) ;
#843 = ORIENTED_EDGE ( 'NONE', *, *, #245, .F. ) ;
#844 = DIRECTION ( 'NONE',  ( 0.0000000000000000000, -0.0000000000000000000, -1.000000000000000000 ) ) ;
#845 = EDGE_CURVE ( 'NONE', #505, #1578, #1639, .T. ) ;
#846 = DIRECTION ( 'NONE',  ( 0.0000000000000000000, 1.000000000000000000, 0.0000000000000000000 ) ) ;
#847 = EDGE_LOOP ( 'NONE', ( #1237, #3020, #2281, #23, #2165, #948 ) ) ;
#848 = ORIENTED_EDGE ( 'NONE', *, *, #3442, .T. ) ;
#849 = CARTESIAN_POINT ( 'NONE',  ( 5.280812410220493200, 2.731647422330035100, 1.682555321405445400 ) ) ;
#850 = CARTESIAN_POINT ( 'NONE',  ( -7.860857594501006000, 2.391007513558880000, 1.932555321405445200 ) ) ;
#851 = DIRECTION ( 'NONE',  ( -0.1736481776669307200, 0.9848077530122080200, -6.123233995736764800E-017 ) ) ;
#852 = LINE ( 'NONE', #980, #1314 ) ;
#853 = ORIENTED_EDGE ( 'NONE', *, *, #3524, .F. ) ;
#854 = ADVANCED_FACE ( 'NONE', ( #1726 ), #1788, .F. ) ;
#855 = DIRECTION ( 'NONE',  ( 0.9848077530122080200, 0.1736481776669307200, -8.031127203596334300E-017 ) ) ;
#856 = LINE ( 'NONE', #329, #2326 ) ;
#857 = ORIENTED_EDGE ( 'NONE', *, *, #710, .T. ) ;
#858 = CARTESIAN_POINT ( 'NONE',  ( 10.69999999999999900, 0.3500000000000001400, 4.759999999999999800 ) ) ;
#859 = FACE_OUTER_BOUND ( 'NONE', #3038, .T. ) ;
#860 = ORIENTED_EDGE ( 'NONE', *, *, #3316, .F. ) ;
#861 = EDGE_CURVE ( 'NONE', #401, #3151, #3443, .T. ) ;
#862 = CARTESIAN_POINT ( 'NONE',  ( 0.09320688913970780200, 3.544819579780200200, 4.759999999999999800 ) ) ;
#863 = CARTESIAN_POINT ( 'NONE',  ( 3.893587865124414900, 2.589999999999999400, -1.569999999999998700 ) ) ;
#864 = ORIENTED_EDGE ( 'NONE', *, *, #2818, .F. ) ;
#865 = PLANE ( 'NONE',  #2557 ) ;
#866 = DIRECTION ( 'NONE',  ( -0.9848077530122088000, -0.1736481776669271100, -1.213453996482837600E-013 ) ) ;
#867 = B_SPLINE_CURVE_WITH_KNOTS ( 'NONE', 3,
 ( #99, #2704, #2990, #114, #1286, #3272 ),
 .UNSPECIFIED., .F., .F.,
 ( 4, 2, 4 ),
 ( 0.0000000000000000000, 0.5000000000000000000, 1.000000000000000000 ),
 .UNSPECIFIED. ) ;
#868 = EDGE_CURVE ( 'NONE', #343, #3668, #174, .T. ) ;
#869 = ORIENTED_EDGE ( 'NONE', *, *, #3415, .F. ) ;
#870 = CARTESIAN_POINT ( 'NONE',  ( 5.280812410220493200, 2.731647422330034700, -1.582555321405446200 ) ) ;
#871 = CARTESIAN_POINT ( 'NONE',  ( 5.220035548037066600, 2.386964708775761500, -1.569999999999999000 ) ) ;
#872 = ORIENTED_EDGE ( 'NONE', *, *, #1873, .T. ) ;
#873 = DIRECTION ( 'NONE',  ( 0.0000000000000000000, 1.000000000000000000, 0.0000000000000000000 ) ) ;
#874 = ADVANCED_FACE ( 'NONE', ( #2119 ), #346, .F. ) ;
#875 = CARTESIAN_POINT ( 'NONE',  ( 8.152559529262081400, 2.225280923471197900, 1.682555321405446100 ) ) ;
#876 = VERTEX_POINT ( 'NONE', #14 ) ;
#877 = CARTESIAN_POINT ( 'NONE',  ( -10.25000000000000000, 2.839999999999999900, 4.759999999999999800 ) ) ;
#878 = PLANE ( 'NONE',  #884 ) ;
#879 = AXIS2_PLACEMENT_3D ( 'NONE', #3066, #846, #3351 ) ;
#880 = LINE ( 'NONE', #1684, #3413 ) ;
#881 = VECTOR ( 'NONE', #2720, 1000.000000000000000 ) ;
#882 = DIRECTION ( 'NONE',  ( 0.9848077530122081300, 0.1736481776669307500, 7.023930430159220100E-017 ) ) ;
#883 = LINE ( 'NONE', #2020, #3365 ) ;
#884 = AXIS2_PLACEMENT_3D ( 'NONE', #2290, #1175, #1449 ) ;
#885 = LINE ( 'NONE', #3380, #2940 ) ;
#886 = CARTESIAN_POINT ( 'NONE',  ( 4.284296264875009400, 2.805817444277467500, 1.569999999999999000 ) ) ;
#887 = ORIENTED_EDGE ( 'NONE', *, *, #905, .T. ) ;
#888 = LINE ( 'NONE', #450, #3192 ) ;
#889 = DIRECTION ( 'NONE',  ( 5.285863820367591200E-016, -3.452139025575634900E-015, 1.000000000000000000 ) ) ;
#890 = ORIENTED_EDGE ( 'NONE', *, *, #1106, .F. ) ;
#891 = B_SPLINE_CURVE_WITH_KNOTS ( 'NONE', 3,
 ( #2352, #53, #102, #3225, #1531, #2362 ),
 .UNSPECIFIED., .F., .F.,
 ( 4, 2, 4 ),
 ( 0.0000000000000000000, 0.5000000000000000000, 1.000000000000000000 ),
 .UNSPECIFIED. ) ;
#892 = ORIENTED_EDGE ( 'NONE', *, *, #1067, .T. ) ;
#893 = EDGE_CURVE ( 'NONE', #2267, #1315, #1092, .T. ) ;
#894 = CIRCLE ( 'NONE', #2198, 0.09999999999999939500 ) ;
#895 = DIRECTION ( 'NONE',  ( -0.1736481776669307200, -0.9848077530122080200, -0.0000000000000000000 ) ) ;
#896 = DIRECTION ( 'NONE',  ( 0.0000000000000000000, 0.0000000000000000000, 1.000000000000000000 ) ) ;
#897 = DIRECTION ( 'NONE',  ( 1.000000000000000000, 0.0000000000000000000, 0.0000000000000000000 ) ) ;
#898 = VERTEX_POINT ( 'NONE', #593 ) ;
#899 = LINE ( 'NONE', #2049, #1494 ) ;
#900 = LINE ( 'NONE', #380, #804 ) ;
#901 = DIRECTION ( 'NONE',  ( 0.1736481776669302800, 0.9848077530122081300, 0.0000000000000000000 ) ) ;
#902 = ORIENTED_EDGE ( 'NONE', *, *, #3674, .T. ) ;
#903 = DIRECTION ( 'NONE',  ( 0.0000000000000000000, -0.0000000000000000000, 1.000000000000000000 ) ) ;
#904 = ORIENTED_EDGE ( 'NONE', *, *, #3169, .T. ) ;
#905 = EDGE_CURVE ( 'NONE', #805, #3690, #1544, .T. ) ;
#906 = PLANE ( 'NONE',  #2836 ) ;
#907 = CIRCLE ( 'NONE', #224, 0.3499999999999996400 ) ;
#908 = ORIENTED_EDGE ( 'NONE', *, *, #940, .F. ) ;
#909 = DIRECTION ( 'NONE',  ( 0.0000000000000000000, -1.000000000000000000, 0.0000000000000000000 ) ) ;
#910 = CARTESIAN_POINT ( 'NONE',  ( 10.60000000000000000, 2.168404344971008900E-016, 4.759999999999999800 ) ) ;
#911 = AXIS2_PLACEMENT_3D ( 'NONE', #3205, #2921, #656 ) ;
#912 = ADVANCED_FACE ( 'NONE', ( #170 ), #2335, .T. ) ;
#913 = VERTEX_POINT ( 'NONE', #644 ) ;
#914 = DIRECTION ( 'NONE',  ( 0.9848077530122080200, -0.1736481776669307200, 0.0000000000000000000 ) ) ;
#915 = ORIENTED_EDGE ( 'NONE', *, *, #2324, .T. ) ;
#916 = EDGE_CURVE ( 'NONE', #2881, #3308, #3702, .T. ) ;
#917 = ORIENTED_EDGE ( 'NONE', *, *, #2250, .T. ) ;
#918 = ORIENTED_EDGE ( 'NONE', *, *, #646, .T. ) ;
#919 = ORIENTED_EDGE ( 'NONE', *, *, #1141, .F. ) ;
#920 = DIRECTION ( 'NONE',  ( 0.9848077530122080200, 0.1736481776669306900, -2.775557561562891400E-017 ) ) ;
#921 = LINE ( 'NONE', #2499, #1614 ) ;
#922 = LINE ( 'NONE', #3675, #1071 ) ;
#923 = DIRECTION ( 'NONE',  ( -6.106226635438361000E-016, -3.431283035482124400E-015, -1.000000000000000000 ) ) ;
#924 = CARTESIAN_POINT ( 'NONE',  ( -10.60000000000000000, 2.489999999999999800, 4.759999999999999800 ) ) ;
#925 = DIRECTION ( 'NONE',  ( -0.9848077530122080200, 0.1736481776669306900, 8.326672684688646900E-017 ) ) ;
#926 = CYLINDRICAL_SURFACE ( 'NONE', #252, 2.250000000000000400 ) ;
#927 = FACE_OUTER_BOUND ( 'NONE', #2108, .T. ) ;
#928 = DIRECTION ( 'NONE',  ( 0.1736481776669307200, 0.9848077530122080200, 0.0000000000000000000 ) ) ;
#929 = ADVANCED_FACE ( 'NONE', ( #3655, #76, #221 ), #1800, .T. ) ;
#930 = AXIS2_PLACEMENT_3D ( 'NONE', #2221, #1624, #2187 ) ;
#931 = AXIS2_PLACEMENT_3D ( 'NONE', #3468, #3180, #2360 ) ;
#932 = DIRECTION ( 'NONE',  ( 0.0000000000000000000, 0.0000000000000000000, -1.000000000000000000 ) ) ;
#933 = ORIENTED_EDGE ( 'NONE', *, *, #1801, .F. ) ;
#934 = CARTESIAN_POINT ( 'NONE',  ( 2.550000000000001200, 2.839999999999999900, 2.619999999999999200 ) ) ;
#935 = DIRECTION ( 'NONE',  ( 1.000000000000000000, 0.0000000000000000000, 0.0000000000000000000 ) ) ;
#936 = VECTOR ( 'NONE', #2814, 1000.000000000000000 ) ;
#937 = EDGE_LOOP ( 'NONE', ( #989, #2292, #24, #3582 ) ) ;
#938 = DIRECTION ( 'NONE',  ( -0.0000000000000000000, -1.000000000000000000, -0.0000000000000000000 ) ) ;
#939 = PLANE ( 'NONE',  #2289 ) ;
#940 = EDGE_CURVE ( 'NONE', #3106, #1323, #2731, .T. ) ;
#941 = ORIENTED_EDGE ( 'NONE', *, *, #2823, .F. ) ;
#942 = DIRECTION ( 'NONE',  ( -0.0000000000000000000, 1.000000000000000000, -0.0000000000000000000 ) ) ;
#943 = FACE_OUTER_BOUND ( 'NONE', #1743, .T. ) ;
#944 = CARTESIAN_POINT ( 'NONE',  ( 10.60000000000000000, -2.098215818258307900, -0.0002620950778301628400 ) ) ;
#945 = ORIENTED_EDGE ( 'NONE', *, *, #3394, .F. ) ;
#946 = CARTESIAN_POINT ( 'NONE',  ( 10.69999999999999900, 2.168404344971008900E-016, 4.759999999999999800 ) ) ;
#947 = DIRECTION ( 'NONE',  ( 0.0000000000000000000, 0.0000000000000000000, 1.000000000000000000 ) ) ;
#948 = ORIENTED_EDGE ( 'NONE', *, *, #2658, .F. ) ;
#949 = ADVANCED_FACE ( 'NONE', ( #1985 ), #2896, .F. ) ;
#950 = CYLINDRICAL_SURFACE ( 'NONE', #1009, 0.1000000000000001700 ) ;
#951 = DIRECTION ( 'NONE',  ( 0.9848077530122086900, -0.1736481776669271100, -1.213453996482837100E-013 ) ) ;
#952 = CIRCLE ( 'NONE', #2785, 0.3499999999999996400 ) ;
#953 = CARTESIAN_POINT ( 'NONE',  ( 3.893587865124414900, 0.5899999999999994100, -1.569999999999999400 ) ) ;
#954 = EDGE_LOOP ( 'NONE', ( #2774, #945, #1604, #3375 ) ) ;
#955 = VERTEX_POINT ( 'NONE', #1489 ) ;
#956 = EDGE_CURVE ( 'NONE', #2100, #313, #899, .T. ) ;
#957 =( LENGTH_UNIT ( ) NAMED_UNIT ( * ) SI_UNIT ( .MILLI., .METRE. ) );
#958 = DIRECTION ( 'NONE',  ( -0.9848077530122080200, -0.1736481776669307800, -8.326672684688674100E-017 ) ) ;
#959 = CARTESIAN_POINT ( 'NONE',  ( -12.69999999999999900, 0.2500000000000002200, 4.759999999999999800 ) ) ;
#960 = ORIENTED_EDGE ( 'NONE', *, *, #3198, .T. ) ;
#961 = CARTESIAN_POINT ( 'NONE',  ( 10.60000000000000000, 2.489999999999999800, 4.759999999999999800 ) ) ;
#962 = DIRECTION ( 'NONE',  ( 0.0000000000000000000, 0.0000000000000000000, 1.000000000000000000 ) ) ;
#963 = AXIS2_PLACEMENT_3D ( 'NONE', #2837, #1188, #3132 ) ;
#964 = ORIENTED_EDGE ( 'NONE', *, *, #58, .F. ) ;
#965 = EDGE_CURVE ( 'NONE', #898, #3130, #3157, .T. ) ;
#966 = ORIENTED_EDGE ( 'NONE', *, *, #2752, .T. ) ;
#967 = CARTESIAN_POINT ( 'NONE',  ( -5.220035548037066600, 2.386964708775761500, -1.582555321405446400 ) ) ;
#968 = CARTESIAN_POINT ( 'NONE',  ( -12.19999999999999800, 0.2500000000000002200, -2.539999999999999600 ) ) ;
#969 = FACE_OUTER_BOUND ( 'NONE', #1434, .T. ) ;
#970 = ORIENTED_EDGE ( 'NONE', *, *, #2796, .T. ) ;
#971 = ORIENTED_EDGE ( 'NONE', *, *, #3458, .F. ) ;
#972 = ADVANCED_FACE ( 'NONE', ( #2591 ), #1674, .T. ) ;
#973 = EDGE_CURVE ( 'NONE', #3606, #761, #1036, .T. ) ;
#974 = DIRECTION ( 'NONE',  ( -0.1736481776669307800, -0.9848077530122080200, -3.491481338843133400E-015 ) ) ;
#975 = VECTOR ( 'NONE', #1946, 1000.000000000000000 ) ;
#976 = FACE_OUTER_BOUND ( 'NONE', #2475, .T. ) ;
#977 = VECTOR ( 'NONE', #2574, 1000.000000000000000 ) ;
#978 = CIRCLE ( 'NONE', #3238, 0.09999999999999967200 ) ;
#979 = DIRECTION ( 'NONE',  ( 0.0000000000000000000, 1.000000000000000000, 0.0000000000000000000 ) ) ;
#980 = CARTESIAN_POINT ( 'NONE',  ( -0.09320688913970780200, 3.544819579780200200, 1.582555321405446000 ) ) ;
#981 = ORIENTED_EDGE ( 'NONE', *, *, #2630, .T. ) ;
#982 = VECTOR ( 'NONE', #547, 1000.000000000000000 ) ;
#983 = LINE ( 'NONE', #438, #705 ) ;
#984 = DIRECTION ( 'NONE',  ( 5.273559366969493600E-016, 3.445160823289938900E-015, -1.000000000000000000 ) ) ;
#985 = EDGE_LOOP ( 'NONE', ( #1245, #981, #1910, #263 ) ) ;
#986 = LINE ( 'NONE', #1740, #2540 ) ;
#987 = CARTESIAN_POINT ( 'NONE',  ( -10.25000000000000000, 2.589999999999999400, 4.759999999999999800 ) ) ;
#988 = DIRECTION ( 'NONE',  ( 0.0000000000000000000, 0.0000000000000000000, 1.000000000000000000 ) ) ;
#989 = ORIENTED_EDGE ( 'NONE', *, *, #2394, .F. ) ;
#990 = ADVANCED_FACE ( 'NONE', ( #36 ), #321, .F. ) ;
#991 = VECTOR ( 'NONE', #2567, 1000.000000000000000 ) ;
#992 = DIRECTION ( 'NONE',  ( 0.0000000000000000000, -1.000000000000000000, 0.0000000000000000000 ) ) ;
#993 = VERTEX_POINT ( 'NONE', #406 ) ;
#994 = DIRECTION ( 'NONE',  ( -0.1736481776669307800, -0.9848077530122080200, -3.491481338843133400E-015 ) ) ;
#995 = EDGE_CURVE ( 'NONE', #1516, #1177, #2810, .T. ) ;
#996 = CIRCLE ( 'NONE', #1840, 0.2999999999999999300 ) ;
#997 = B_SPLINE_SURFACE_WITH_KNOTS ( 'NONE', 1, 3, ( 
 ( #3223, #3285, #1590, #2717, #733, #1883 ),
 ( #1302, #439, #1007, #2737, #1599, #1635 ) ),
 .UNSPECIFIED., .F., .F., .F.,
 ( 2, 2 ),
 ( 4, 2, 4 ),
 ( 0.0000000000000000000, 1.000000000000000000 ),
 ( 0.0000000000000000000, 0.5000000000000000000, 1.000000000000000000 ),
 .UNSPECIFIED. ) ;
#998 = CARTESIAN_POINT ( 'NONE',  ( 8.599999999999999600, 2.589999999999999400, 2.919999999999999000 ) ) ;
#999 = ORIENTED_EDGE ( 'NONE', *, *, #1579, .T. ) ;
#1000 = CARTESIAN_POINT ( 'NONE',  ( -9.945644454237019300, 1.909111672496501600, -1.582555321405446600 ) ) ;
#1001 = LINE ( 'NONE', #1664, #1361 ) ;
#1002 = ORIENTED_EDGE ( 'NONE', *, *, #3706, .F. ) ;
#1003 = PLANE ( 'NONE',  #2647 ) ;
#1004 = FACE_OUTER_BOUND ( 'NONE', #3393, .T. ) ;
#1005 = ORIENTED_EDGE ( 'NONE', *, *, #3448, .F. ) ;
#1006 = ORIENTED_EDGE ( 'NONE', *, *, #3626, .T. ) ;
#1007 = CARTESIAN_POINT ( 'NONE',  ( -8.249411829663545200, 2.117604155590156400, -1.634753987281774900 ) ) ;
#1008 = ADVANCED_FACE ( 'NONE', ( #1219 ), #1585, .F. ) ;
#1009 = AXIS2_PLACEMENT_3D ( 'NONE', #1731, #1, #2867 ) ;
#1010 = DIRECTION ( 'NONE',  ( 0.1736481776669307200, 0.9848077530122080200, 0.0000000000000000000 ) ) ;
#1011 = ORIENTED_EDGE ( 'NONE', *, *, #1227, .F. ) ;
#1012 = CARTESIAN_POINT ( 'NONE',  ( -10.25000000000000000, 2.489999999999999800, -4.759999999999999800 ) ) ;
#1013 = CARTESIAN_POINT ( 'NONE',  ( -5.300357436669264300, 2.842492775492899200, 1.682555321405444900 ) ) ;
#1014 = EDGE_LOOP ( 'NONE', ( #2907, #641, #362, #2237 ) ) ;
#1015 = AXIS2_PLACEMENT_3D ( 'NONE', #2991, #1300, #1019 ) ;
#1016 = EDGE_CURVE ( 'NONE', #2701, #3445, #852, .T. ) ;
#1017 = DIRECTION ( 'NONE',  ( 0.1736481776669300000, 0.9848077530122081300, -3.469446951953614600E-015 ) ) ;
#1018 = CARTESIAN_POINT ( 'NONE',  ( -5.220035548037066600, 2.386964708775761500, -1.569999999999999000 ) ) ;
#1019 = DIRECTION ( 'NONE',  ( -1.000000000000000000, 0.0000000000000000000, 0.0000000000000000000 ) ) ;
#1020 = CYLINDRICAL_SURFACE ( 'NONE', #306, 0.3499999999999999200 ) ;
#1021 = EDGE_CURVE ( 'NONE', #2387, #1173, #3075, .T. ) ;
#1022 = CARTESIAN_POINT ( 'NONE',  ( 2.550000000000001200, 2.589999999999999400, -1.569999999999998700 ) ) ;
#1023 = FACE_OUTER_BOUND ( 'NONE', #3624, .T. ) ;
#1024 = CIRCLE ( 'NONE', #3625, 2.250000000000000900 ) ;
#1025 = FACE_OUTER_BOUND ( 'NONE', #2566, .T. ) ;
#1026 = DIRECTION ( 'NONE',  ( 0.9848077530122080200, -0.1736481776669307200, 2.775557561562901200E-017 ) ) ;
#1027 = AXIS2_PLACEMENT_3D ( 'NONE', #3342, #2218, #1101 ) ;
#1028 = ADVANCED_FACE ( 'NONE', ( #3388 ), #2959, .F. ) ;
#1029 = CARTESIAN_POINT ( 'NONE',  ( 8.275590708465683700, 2.102044545920649400, 1.608768886934173400 ) ) ;
#1030 = EDGE_CURVE ( 'NONE', #215, #780, #2631, .T. ) ;
#1031 = ORIENTED_EDGE ( 'NONE', *, *, #2752, .F. ) ;
#1032 = LINE ( 'NONE', #1169, #2767 ) ;
#1033 = SURFACE_SIDE_STYLE ('',( #3360 ) ) ;
#1034 = ORIENTED_EDGE ( 'NONE', *, *, #337, .F. ) ;
#1035 = DIRECTION ( 'NONE',  ( 0.0000000000000000000, 1.000000000000000000, 0.0000000000000000000 ) ) ;
#1036 = CIRCLE ( 'NONE', #3009, 2.000000000000000000 ) ;
#1037 = EDGE_CURVE ( 'NONE', #1383, #1944, #1773, .T. ) ;
#1038 = DIRECTION ( 'NONE',  ( 0.1736481776669307200, 0.9848077530122080200, 0.0000000000000000000 ) ) ;
#1039 = ORIENTED_EDGE ( 'NONE', *, *, #965, .T. ) ;
#1040 = UNCERTAINTY_MEASURE_WITH_UNIT (LENGTH_MEASURE( 1.000000000000000100E-005 ), #2413, 'distance_accuracy_value', 'NONE');
#1041 = CARTESIAN_POINT ( 'NONE',  ( 5.263447592453800000, 2.633166647028813800, 1.582555321405445700 ) ) ;
#1042 = VECTOR ( 'NONE', #25, 1000.000000000000000 ) ;
#1043 = ORIENTED_EDGE ( 'NONE', *, *, #1781, .T. ) ;
#1044 = EDGE_CURVE ( 'NONE', #88, #2966, #1896, .T. ) ;
#1045 = VECTOR ( 'NONE', #840, 1000.000000000000000 ) ;
#1046 = LINE ( 'NONE', #171, #276 ) ;
#1047 = CIRCLE ( 'NONE', #2083, 0.2999999999999999300 ) ;
#1048 = DIRECTION ( 'NONE',  ( -0.0000000000000000000, 0.0000000000000000000, -1.000000000000000000 ) ) ;
#1049 = ORIENTED_EDGE ( 'NONE', *, *, #11, .T. ) ;
#1050 = CARTESIAN_POINT ( 'NONE',  ( -2.250000000000001300, 2.589999999999999400, 2.619999999999999200 ) ) ;
#1051 = CARTESIAN_POINT ( 'NONE',  ( 8.260301154062439400, 1.850883853913515100, -1.582555321405446200 ) ) ;
#1052 = ORIENTED_EDGE ( 'NONE', *, *, #573, .T. ) ;
#1053 = ORIENTED_EDGE ( 'NONE', *, *, #2549, .F. ) ;
#1054 = DIRECTION ( 'NONE',  ( 0.0000000000000000000, 0.0000000000000000000, 1.000000000000000000 ) ) ;
#1055 = ORIENTED_EDGE ( 'NONE', *, *, #3698, .T. ) ;
#1056 = CARTESIAN_POINT ( 'NONE',  ( 2.550000000000001200, 2.589999999999999400, -2.919999999999999500 ) ) ;
#1057 = DIRECTION ( 'NONE',  ( -0.0000000000000000000, -1.000000000000000000, -0.0000000000000000000 ) ) ;
#1058 = AXIS2_PLACEMENT_3D ( 'NONE', #3509, #3551, #1543 ) ;
#1059 = CARTESIAN_POINT ( 'NONE',  ( 8.599999999999999600, 2.839999999999999900, 2.419999999999999900 ) ) ;
#1060 = FACE_OUTER_BOUND ( 'NONE', #3282, .T. ) ;
#1061 = VERTEX_POINT ( 'NONE', #3246 ) ;
#1062 = EDGE_CURVE ( 'NONE', #1508, #2723, #2504, .T. ) ;
#1063 = ORIENTED_EDGE ( 'NONE', *, *, #2505, .T. ) ;
#1064 = CARTESIAN_POINT ( 'NONE',  ( 8.177007647035432900, 2.035456360155073700, -1.894834737668881900 ) ) ;
#1065 = LINE ( 'NONE', #260, #42 ) ;
#1066 = ADVANCED_FACE ( 'NONE', ( #943 ), #2106, .F. ) ;
#1067 = EDGE_CURVE ( 'NONE', #3547, #3427, #1540, .T. ) ;
#1068 = CYLINDRICAL_SURFACE ( 'NONE', #1274, 0.2999999999999999300 ) ;
#1069 = CARTESIAN_POINT ( 'NONE',  ( -7.780535705868807400, 1.935479446841742000, 1.469999999999999500 ) ) ;
#1070 = FACE_OUTER_BOUND ( 'NONE', #62, .T. ) ;
#1071 = VECTOR ( 'NONE', #1401, 1000.000000000000000 ) ;
#1072 = DIRECTION ( 'NONE',  ( 1.000000000000000000, -0.0000000000000000000, -8.031127203596334300E-017 ) ) ;
#1073 = LINE ( 'NONE', #587, #301 ) ;
#1074 = DIRECTION ( 'NONE',  ( 0.0000000000000000000, 1.000000000000000000, 0.0000000000000000000 ) ) ;
#1075 = LINE ( 'NONE', #1750, #3378 ) ;
#1076 = ORIENTED_EDGE ( 'NONE', *, *, #1670, .F. ) ;
#1077 = CIRCLE ( 'NONE', #1162, 0.09999999999999967200 ) ;
#1078 = CARTESIAN_POINT ( 'NONE',  ( 8.199668155050604300, 2.163970487284826200, 1.671778011766427400 ) ) ;
#1079 = ORIENTED_EDGE ( 'NONE', *, *, #1620, .T. ) ;
#1080 = DIRECTION ( 'NONE',  ( -0.1736481776669307200, 0.9848077530122080200, -0.0000000000000000000 ) ) ;
#1081 = AXIS2_PLACEMENT_3D ( 'NONE', #715, #1308, #2450 ) ;
#1082 = LINE ( 'NONE', #2193, #1490 ) ;
#1083 = ORIENTED_EDGE ( 'NONE', *, *, #2710, .F. ) ;
#1084 = ADVANCED_FACE ( 'NONE', ( #2543 ), #381, .T. ) ;
#1085 = CARTESIAN_POINT ( 'NONE',  ( -8.599999999999999600, 2.589999999999999400, -2.919999999999999900 ) ) ;
#1086 = DIRECTION ( 'NONE',  ( -0.1736481776669003600, 0.9848077530122132400, 0.0000000000000000000 ) ) ;
#1087 = VECTOR ( 'NONE', #1488, 1000.000000000000000 ) ;
#1088 = ORIENTED_EDGE ( 'NONE', *, *, #1507, .F. ) ;
#1089 = AXIS2_PLACEMENT_3D ( 'NONE', #3479, #80, #3187 ) ;
#1090 = CARTESIAN_POINT ( 'NONE',  ( 8.210678435694232400, 1.897936162559901800, -1.765250651972596600 ) ) ;
#1091 = EDGE_CURVE ( 'NONE', #468, #39, #867, .T. ) ;
#1092 = LINE ( 'NONE', #2908, #326 ) ;
#1093 = CARTESIAN_POINT ( 'NONE',  ( -2.550000000000001200, 2.589999999999999400, 1.569999999999998700 ) ) ;
#1094 = VECTOR ( 'NONE', #1682, 1000.000000000000000 ) ;
#1095 = ORIENTED_EDGE ( 'NONE', *, *, #2899, .T. ) ;
#1096 = DIRECTION ( 'NONE',  ( 1.000000000000000000, 0.0000000000000000000, -8.031127203596334300E-017 ) ) ;
#1097 = CARTESIAN_POINT ( 'NONE',  ( 8.272939582374910100, 1.848655358008276500, -1.469999999999999500 ) ) ;
#1098 = LINE ( 'NONE', #1272, #2464 ) ;
#1099 = EDGE_CURVE ( 'NONE', #2655, #3086, #265, .T. ) ;
#1100 = ORIENTED_EDGE ( 'NONE', *, *, #369, .F. ) ;
#1101 = DIRECTION ( 'NONE',  ( 0.0000000000000000000, 0.0000000000000000000, -1.000000000000000000 ) ) ;
#1102 = ORIENTED_EDGE ( 'NONE', *, *, #3065, .F. ) ;
#1103 = CARTESIAN_POINT ( 'NONE',  ( 8.599999999999999600, 2.839999999999999900, -2.920000000000000400 ) ) ;
#1104 = EDGE_LOOP ( 'NONE', ( #2343, #3531, #3653, #1994 ) ) ;
#1105 = DIRECTION ( 'NONE',  ( 0.1736481776669302800, 0.9848077530122081300, 0.0000000000000000000 ) ) ;
#1106 = EDGE_CURVE ( 'NONE', #2361, #442, #2416, .T. ) ;
#1107 = VERTEX_POINT ( 'NONE', #3562 ) ;
#1108 = CARTESIAN_POINT ( 'NONE',  ( 3.893587865124414900, 0.5899999999999994100, 1.569999999999998700 ) ) ;
#1109 = VECTOR ( 'NONE', #2314, 1000.000000000000000 ) ;
#1110 = COLOUR_RGB ( '',0.7921568627450980000, 0.8196078431372548800, 0.9333333333333333500 ) ;
#1111 = DIRECTION ( 'NONE',  ( 0.0000000000000000000, 0.0000000000000000000, 1.000000000000000000 ) ) ;
#1112 = AXIS2_PLACEMENT_3D ( 'NONE', #1297, #541, #806 ) ;
#1113 = DIRECTION ( 'NONE',  ( 0.0000000000000000000, 0.0000000000000000000, 1.000000000000000000 ) ) ;
#1114 = DIRECTION ( 'NONE',  ( -1.000000000000000000, 0.0000000000000000000, -0.0000000000000000000 ) ) ;
#1115 = LINE ( 'NONE', #123, #2259 ) ;
#1116 = LINE ( 'NONE', #2098, #606 ) ;
#1117 = LINE ( 'NONE', #2190, #3681 ) ;
#1118 = EDGE_CURVE ( 'NONE', #1856, #1673, #996, .T. ) ;
#1119 = CARTESIAN_POINT ( 'NONE',  ( 4.284296264875009400, 2.805817444277467500, 4.759999999999999800 ) ) ;
#1120 = ORIENTED_EDGE ( 'NONE', *, *, #2470, .T. ) ;
#1121 = LINE ( 'NONE', #1901, #2449 ) ;
#1122 = DIRECTION ( 'NONE',  ( -0.9848077530122081300, -0.1736481776669307500, -7.023930430159220100E-017 ) ) ;
#1123 = CARTESIAN_POINT ( 'NONE',  ( -10.60000000000000000, -2.098215818258307900, -0.0002620950778301628400 ) ) ;
#1124 = VERTEX_POINT ( 'NONE', #449 ) ;
#1125 = CARTESIAN_POINT ( 'NONE',  ( -10.35000000000000000, 2.489999999999999800, 4.759999999999999800 ) ) ;
#1126 = VECTOR ( 'NONE', #3142, 1000.000000000000000 ) ;
#1127 = DIRECTION ( 'NONE',  ( 0.0000000000000000000, 1.000000000000000000, 0.0000000000000000000 ) ) ;
#1128 = ORIENTED_EDGE ( 'NONE', *, *, #1625, .F. ) ;
#1129 = VECTOR ( 'NONE', #2977, 1000.000000000000000 ) ;
#1130 = DIRECTION ( 'NONE',  ( -6.117155513352461000E-016, -3.437481110144430000E-015, -1.000000000000000000 ) ) ;
#1131 = VERTEX_POINT ( 'NONE', #1879 ) ;
#1132 = AXIS2_PLACEMENT_3D ( 'NONE', #2913, #2282, #2874 ) ;
#1133 = VECTOR ( 'NONE', #1447, 1000.000000000000000 ) ;
#1134 = CARTESIAN_POINT ( 'NONE',  ( -8.232214739565142400, 1.855836246580750100, -1.674185107135149200 ) ) ;
#1135 = EDGE_LOOP ( 'NONE', ( #790, #1897, #2656, #613 ) ) ;
#1136 = CARTESIAN_POINT ( 'NONE',  ( 10.60000000000000000, 0.3500000000000000300, -2.540000000000000000 ) ) ;
#1137 = LINE ( 'NONE', #2672, #1902 ) ;
#1138 = DIRECTION ( 'NONE',  ( -1.000000000000000000, 0.0000000000000000000, 0.0000000000000000000 ) ) ;
#1139 = VERTEX_POINT ( 'NONE', #721 ) ;
#1140 = B_SPLINE_SURFACE_WITH_KNOTS ( 'NONE', 1, 3, ( 
 ( #1051, #762, #1090, #1064, #486, #3026 ),
 ( #1948, #3049, #181, #1364, #1638, #3333 ) ),
 .UNSPECIFIED., .F., .F., .F.,
 ( 2, 2 ),
 ( 4, 2, 4 ),
 ( 0.0000000000000000000, 1.000000000000000000 ),
 ( 0.0000000000000000000, 0.5000000000000000000, 1.000000000000000000 ),
 .UNSPECIFIED. ) ;
#1141 = EDGE_CURVE ( 'NONE', #1546, #2390, #2275, .T. ) ;
#1142 = DIRECTION ( 'NONE',  ( 5.273559366969493600E-016, 3.445160823289938900E-015, -1.000000000000000000 ) ) ;
#1143 = ORIENTED_EDGE ( 'NONE', *, *, #2091, .F. ) ;
#1144 = DIRECTION ( 'NONE',  ( -0.0000000000000000000, 1.000000000000000000, -0.0000000000000000000 ) ) ;
#1145 = CARTESIAN_POINT ( 'NONE',  ( -2.250000000000001300, 2.839999999999999900, 1.869999999999998800 ) ) ;
#1146 = ADVANCED_FACE ( 'NONE', ( #3337 ), #1899, .F. ) ;
#1147 = ORIENTED_EDGE ( 'NONE', *, *, #1313, .T. ) ;
#1148 = CARTESIAN_POINT ( 'NONE',  ( -8.260301154062441100, 1.850883853913514800, -1.582555321405446600 ) ) ;
#1149 = ORIENTED_EDGE ( 'NONE', *, *, #1880, .F. ) ;
#1150 = ORIENTED_EDGE ( 'NONE', *, *, #1189, .F. ) ;
#1151 = CARTESIAN_POINT ( 'NONE',  ( -10.60000000000000000, 2.658580143037442100, 4.934882204459401400 ) ) ;
#1152 = DIRECTION ( 'NONE',  ( -0.9848077530122081300, -0.1736481776669307500, -1.848892746611747000E-032 ) ) ;
#1153 = ORIENTED_EDGE ( 'NONE', *, *, #40, .T. ) ;
#1154 = DIRECTION ( 'NONE',  ( -0.1736481776669316900, 0.9848077530122078000, -3.469446951953613400E-015 ) ) ;
#1155 = EDGE_CURVE ( 'NONE', #268, #1659, #2369, .T. ) ;
#1156 = CARTESIAN_POINT ( 'NONE',  ( 7.780535705868807400, 1.935479446841742000, 1.469999999999999500 ) ) ;
#1157 = DIRECTION ( 'NONE',  ( 1.000000000000000000, 0.0000000000000000000, 0.0000000000000000000 ) ) ;
#1158 = PRESENTATION_STYLE_ASSIGNMENT (( #713 ) ) ;
#1159 = VECTOR ( 'NONE', #156, 1000.000000000000000 ) ;
#1160 = FACE_OUTER_BOUND ( 'NONE', #1193, .T. ) ;
#1161 = DIRECTION ( 'NONE',  ( -0.7071067811865463500, 0.0000000000000000000, 0.7071067811865487900 ) ) ;
#1162 = AXIS2_PLACEMENT_3D ( 'NONE', #2272, #866, #1451 ) ;
#1163 = EDGE_CURVE ( 'NONE', #1516, #2541, #1082, .T. ) ;
#1164 = ADVANCED_FACE ( 'NONE', ( #1396 ), #1912, .F. ) ;
#1165 = ORIENTED_EDGE ( 'NONE', *, *, #841, .T. ) ;
#1166 = DIRECTION ( 'NONE',  ( 0.1736481776669302800, -0.9848077530122081300, 0.0000000000000000000 ) ) ;
#1167 = EDGE_CURVE ( 'NONE', #2809, #2225, #1441, .T. ) ;
#1168 = CARTESIAN_POINT ( 'NONE',  ( -8.599999999999999600, 2.839999999999999900, -2.419999999999999900 ) ) ;
#1169 = CARTESIAN_POINT ( 'NONE',  ( -2.250000000000001300, 2.839999999999999900, 2.619999999999999200 ) ) ;
#1170 = ORIENTED_EDGE ( 'NONE', *, *, #1375, .T. ) ;
#1171 = DIRECTION ( 'NONE',  ( 1.000000000000000000, 0.0000000000000000000, 0.0000000000000000000 ) ) ;
#1172 = FACE_OUTER_BOUND ( 'NONE', #3563, .T. ) ;
#1173 = VERTEX_POINT ( 'NONE', #1404 ) ;
#1174 = CARTESIAN_POINT ( 'NONE',  ( -3.893587865124414900, 2.589999999999999400, 1.569999999999998700 ) ) ;
#1175 = DIRECTION ( 'NONE',  ( -0.9848077530122140200, -0.1736481776668968900, -8.541845642371284100E-015 ) ) ;
#1176 = LINE ( 'NONE', #588, #1770 ) ;
#1177 = VERTEX_POINT ( 'NONE', #2800 ) ;
#1178 = CARTESIAN_POINT ( 'NONE',  ( 8.599999999999999600, 2.839999999999999900, -2.919999999999999900 ) ) ;
#1179 = DIRECTION ( 'NONE',  ( 1.000000000000000000, 0.0000000000000000000, -8.031127203596334300E-017 ) ) ;
#1180 = ORIENTED_EDGE ( 'NONE', *, *, #1330, .F. ) ;
#1181 = DIRECTION ( 'NONE',  ( -0.1736481776669307800, -0.9848077530122080200, -3.491481338843133400E-015 ) ) ;
#1182 = ORIENTED_EDGE ( 'NONE', *, *, #2493, .F. ) ;
#1183 = AXIS2_PLACEMENT_3D ( 'NONE', #1457, #1433, #2342 ) ;
#1184 = ADVANCED_FACE ( 'NONE', ( #3070 ), #2825, .F. ) ;
#1185 = EDGE_CURVE ( 'NONE', #453, #3011, #3564, .T. ) ;
#1186 = CARTESIAN_POINT ( 'NONE',  ( 2.250000000000001300, 2.589999999999999400, 2.619999999999999200 ) ) ;
#1187 = ORIENTED_EDGE ( 'NONE', *, *, #2310, .F. ) ;
#1188 = DIRECTION ( 'NONE',  ( 1.433655765270088800E-016, 0.0000000000000000000, -1.000000000000000000 ) ) ;
#1189 = EDGE_CURVE ( 'NONE', #1257, #2966, #671, .T. ) ;
#1190 = ORIENTED_EDGE ( 'NONE', *, *, #1746, .T. ) ;
#1191 = DIRECTION ( 'NONE',  ( 0.0000000000000000000, 0.0000000000000000000, -1.000000000000000000 ) ) ;
#1192 = DIRECTION ( 'NONE',  ( -1.000000000000000000, 0.0000000000000000000, 0.0000000000000000000 ) ) ;
#1193 = EDGE_LOOP ( 'NONE', ( #436, #2204, #3630, #960 ) ) ;
#1194 = CARTESIAN_POINT ( 'NONE',  ( -2.550000000000001200, 2.589999999999999400, -2.919999999999999000 ) ) ;
#1195 = VERTEX_POINT ( 'NONE', #3382 ) ;
#1196 = DIRECTION ( 'NONE',  ( -1.000000000000000000, 7.744301232039327500E-016, 0.0000000000000000000 ) ) ;
#1197 = VECTOR ( 'NONE', #2497, 1000.000000000000000 ) ;
#1198 = CARTESIAN_POINT ( 'NONE',  ( -5.300357436669265200, 2.842492775492899700, 1.932555321405445600 ) ) ;
#1199 = ADVANCED_FACE ( 'NONE', ( #2110 ), #3249, .F. ) ;
#1200 = CYLINDRICAL_SURFACE ( 'NONE', #1865, 0.3499999999999996400 ) ;
#1201 = AXIS2_PLACEMENT_3D ( 'NONE', #2009, #3652, #2832 ) ;
#1202 = CARTESIAN_POINT ( 'NONE',  ( -10.25000000000000000, 2.489999999999999800, 4.759999999999999800 ) ) ;
#1203 = DIRECTION ( 'NONE',  ( -0.0000000000000000000, -0.0000000000000000000, -1.000000000000000000 ) ) ;
#1204 = ORIENTED_EDGE ( 'NONE', *, *, #1378, .F. ) ;
#1205 = DIRECTION ( 'NONE',  ( 1.000000000000000000, 0.0000000000000000000, 0.0000000000000000000 ) ) ;
#1206 = CARTESIAN_POINT ( 'NONE',  ( -8.303713198479172800, 2.097085792166566900, -1.582555321405446000 ) ) ;
#1207 = PLANE ( 'NONE',  #257 ) ;
#1208 = AXIS2_PLACEMENT_3D ( 'NONE', #470, #1609, #150 ) ;
#1209 = DIRECTION ( 'NONE',  ( 0.0000000000000000000, 0.0000000000000000000, -1.000000000000000000 ) ) ;
#1210 = ORIENTED_EDGE ( 'NONE', *, *, #701, .F. ) ;
#1211 = VECTOR ( 'NONE', #942, 1000.000000000000000 ) ;
#1212 = DIRECTION ( 'NONE',  ( -0.0000000000000000000, -1.000000000000000000, -0.0000000000000000000 ) ) ;
#1213 = ORIENTED_EDGE ( 'NONE', *, *, #1507, .T. ) ;
#1214 = VECTOR ( 'NONE', #2520, 1000.000000000000000 ) ;
#1215 = DIRECTION ( 'NONE',  ( -1.000000000000000000, 0.0000000000000000000, 0.0000000000000000000 ) ) ;
#1216 = EDGE_LOOP ( 'NONE', ( #3510, #676, #1542, #570 ) ) ;
#1217 = CARTESIAN_POINT ( 'NONE',  ( 8.260301154062441100, 1.850883853913514800, -1.582555321405446600 ) ) ;
#1218 = ADVANCED_FACE ( 'NONE', ( #3530 ), #781, .F. ) ;
#1219 = FACE_OUTER_BOUND ( 'NONE', #489, .T. ) ;
#1220 = AXIS2_PLACEMENT_3D ( 'NONE', #1168, #5, #3462 ) ;
#1221 = DIRECTION ( 'NONE',  ( -0.9848077530122081300, 0.1736481776669307500, 7.023930430159220100E-017 ) ) ;
#1222 = ORIENTED_EDGE ( 'NONE', *, *, #1030, .F. ) ;
#1223 = VECTOR ( 'NONE', #2640, 1000.000000000000000 ) ;
#1224 = VECTOR ( 'NONE', #2523, 1000.000000000000000 ) ;
#1225 = ORIENTED_EDGE ( 'NONE', *, *, #1037, .T. ) ;
#1226 = AXIS2_PLACEMENT_3D ( 'NONE', #1818, #2085, #376 ) ;
#1227 = EDGE_CURVE ( 'NONE', #2541, #3522, #1668, .T. ) ;
#1228 = CARTESIAN_POINT ( 'NONE',  ( -8.152559529262083200, 2.225280923471198300, 1.932555321405445600 ) ) ;
#1229 = CIRCLE ( 'NONE', #1393, 0.5000000000000000000 ) ;
#1230 = VECTOR ( 'NONE', #490, 1000.000000000000000 ) ;
#1231 = ORIENTED_EDGE ( 'NONE', *, *, #1842, .F. ) ;
#1232 = PLANE ( 'NONE',  #1226 ) ;
#1233 = DIRECTION ( 'NONE',  ( 1.000000000000000000, 0.0000000000000000000, 0.0000000000000000000 ) ) ;
#1234 = AXIS2_PLACEMENT_3D ( 'NONE', #2181, #1926, #2467 ) ;
#1235 = ORIENTED_EDGE ( 'NONE', *, *, #1704, .T. ) ;
#1236 = EDGE_CURVE ( 'NONE', #2723, #3517, #1392, .T. ) ;
#1237 = ORIENTED_EDGE ( 'NONE', *, *, #3512, .F. ) ;
#1238 = ADVANCED_FACE ( 'NONE', ( #3608 ), #316, .F. ) ;
#1239 = EDGE_CURVE ( 'NONE', #2821, #2039, #1893, .T. ) ;
#1240 = ORIENTED_EDGE ( 'NONE', *, *, #2535, .F. ) ;
#1241 = CARTESIAN_POINT ( 'NONE',  ( 12.19999999999999800, 0.2500000000000002200, -2.539999999999999600 ) ) ;
#1242 = ORIENTED_EDGE ( 'NONE', *, *, #63, .T. ) ;
#1243 = DIRECTION ( 'NONE',  ( -0.0000000000000000000, -0.0000000000000000000, -1.000000000000000000 ) ) ;
#1244 = CARTESIAN_POINT ( 'NONE',  ( -0.04979484472297475400, 3.298617641527148000, -1.582555321405446000 ) ) ;
#1245 = ORIENTED_EDGE ( 'NONE', *, *, #2559, .T. ) ;
#1246 = LINE ( 'NONE', #773, #15 ) ;
#1247 = DIRECTION ( 'NONE',  ( 0.0000000000000000000, 0.0000000000000000000, -1.000000000000000000 ) ) ;
#1248 = CARTESIAN_POINT ( 'NONE',  ( 12.69999999999999900, 0.2500000000000002200, 4.759999999999999800 ) ) ;
#1249 = CARTESIAN_POINT ( 'NONE',  ( -1.038535502343272100, -2.873610469527872800, -1.932555321405468900 ) ) ;
#1250 = VECTOR ( 'NONE', #3492, 1000.000000000000000 ) ;
#1251 = ORIENTED_EDGE ( 'NONE', *, *, #3448, .T. ) ;
#1252 = DIRECTION ( 'NONE',  ( -1.000000000000000000, 0.0000000000000000000, 0.0000000000000000000 ) ) ;
#1253 = VERTEX_POINT ( 'NONE', #2215 ) ;
#1254 = EDGE_CURVE ( 'NONE', #1892, #2429, #2853, .T. ) ;
#1255 = CARTESIAN_POINT ( 'NONE',  ( -2.550000000000001200, 2.839999999999999900, -1.569999999999998700 ) ) ;
#1256 = ADVANCED_FACE ( 'NONE', ( #1264 ), #3313, .T. ) ;
#1257 = VERTEX_POINT ( 'NONE', #1651 ) ;
#1258 = CARTESIAN_POINT ( 'NONE',  ( 12.69999999999999900, 0.2500000000000002200, 2.039999999999997800 ) ) ;
#1259 = CARTESIAN_POINT ( 'NONE',  ( -10.35000000000000000, 2.658580143037442100, 4.934882204459401400 ) ) ;
#1260 = LINE ( 'NONE', #308, #1628 ) ;
#1261 = EDGE_CURVE ( 'NONE', #3506, #2830, #1943, .T. ) ;
#1262 = VERTEX_POINT ( 'NONE', #577 ) ;
#1263 = DIRECTION ( 'NONE',  ( 0.0000000000000000000, 0.0000000000000000000, 1.000000000000000000 ) ) ;
#1264 = FACE_OUTER_BOUND ( 'NONE', #2726, .T. ) ;
#1265 = DIRECTION ( 'NONE',  ( 0.1736481776669316900, 0.9848077530122078000, 3.469446951953613400E-015 ) ) ;
#1266 = ORIENTED_EDGE ( 'NONE', *, *, #1556, .F. ) ;
#1267 = DIRECTION ( 'NONE',  ( 0.0000000000000000000, 1.000000000000000000, 0.0000000000000000000 ) ) ;
#1268 = VECTOR ( 'NONE', #1161, 1000.000000000000000 ) ;
#1269 = ORIENTED_EDGE ( 'NONE', *, *, #2696, .F. ) ;
#1270 = AXIS2_PLACEMENT_3D ( 'NONE', #1471, #3434, #3450 ) ;
#1271 = CIRCLE ( 'NONE', #2981, 0.3499999999999999200 ) ;
#1272 = CARTESIAN_POINT ( 'NONE',  ( -8.599999999999999600, 2.589999999999999400, -2.919999999999999900 ) ) ;
#1273 = EDGE_LOOP ( 'NONE', ( #367, #448, #2618, #1608 ) ) ;
#1274 = AXIS2_PLACEMENT_3D ( 'NONE', #2514, #1956, #798 ) ;
#1275 = ADVANCED_FACE ( 'NONE', ( #1982 ), #2277, .F. ) ;
#1276 = VERTEX_POINT ( 'NONE', #8 ) ;
#1277 = AXIS2_PLACEMENT_3D ( 'NONE', #3265, #163, #142 ) ;
#1278 = DIRECTION ( 'NONE',  ( 1.000000000000000000, 0.0000000000000000000, 0.0000000000000000000 ) ) ;
#1279 = CARTESIAN_POINT ( 'NONE',  ( 2.550000000000001200, 2.589999999999999400, -1.569999999999998700 ) ) ;
#1280 = CARTESIAN_POINT ( 'NONE',  ( 5.230898165602491500, 2.448569674288015600, -1.932555321405447600 ) ) ;
#1281 = VERTEX_POINT ( 'NONE', #1145 ) ;
#1282 = AXIS2_PLACEMENT_3D ( 'NONE', #934, #3493, #2929 ) ;
#1283 = EDGE_CURVE ( 'NONE', #453, #223, #2727, .T. ) ;
#1284 = ORIENTED_EDGE ( 'NONE', *, *, #137, .F. ) ;
#1285 = DIRECTION ( 'NONE',  ( -0.9848077530122080200, -0.1736481776669307200, -8.031127203596334300E-017 ) ) ;
#1286 = CARTESIAN_POINT ( 'NONE',  ( 8.275626783981875800, 2.102038184833801900, 1.608735260185361100 ) ) ;
#1287 = ORIENTED_EDGE ( 'NONE', *, *, #1375, .F. ) ;
#1288 = CARTESIAN_POINT ( 'NONE',  ( 2.550000000000001200, 2.589999999999999400, -2.619999999999999200 ) ) ;
#1289 = EDGE_CURVE ( 'NONE', #1323, #3627, #1310, .T. ) ;
#1290 = CARTESIAN_POINT ( 'NONE',  ( 5.300357436669263400, 2.842492775492898400, -1.682555321405446100 ) ) ;
#1291 = CARTESIAN_POINT ( 'NONE',  ( -2.550000000000001200, 2.589999999999999400, 2.619999999999999200 ) ) ;
#1292 = CARTESIAN_POINT ( 'NONE',  ( -8.199668155050606100, 2.163970487284826700, -1.671778011766428000 ) ) ;
#1293 = CARTESIAN_POINT ( 'NONE',  ( 10.25000000000000000, 2.839999999999999900, -4.759999999999999800 ) ) ;
#1294 = CIRCLE ( 'NONE', #2458, 0.5000000000000001100 ) ;
#1295 = LINE ( 'NONE', #3565, #248 ) ;
#1296 = ADVANCED_FACE ( 'NONE', ( #3334 ), #3406, .T. ) ;
#1297 = CARTESIAN_POINT ( 'NONE',  ( 8.599999999999999600, 2.589999999999999400, 2.419999999999999900 ) ) ;
#1298 = ORIENTED_EDGE ( 'NONE', *, *, #2202, .F. ) ;
#1299 = AXIS2_PLACEMENT_3D ( 'NONE', #400, #2392, #364 ) ;
#1300 = DIRECTION ( 'NONE',  ( 0.0000000000000000000, 0.0000000000000000000, 1.000000000000000000 ) ) ;
#1301 = EDGE_CURVE ( 'NONE', #3228, #1792, #1858, .T. ) ;
#1302 = CARTESIAN_POINT ( 'NONE',  ( -8.303713198479172800, 2.097085792166566900, -1.582555321405446400 ) ) ;
#1303 = CARTESIAN_POINT ( 'NONE',  ( -9.099999999999997900, 2.839999999999999900, 2.419999999999999900 ) ) ;
#1304 = DIRECTION ( 'NONE',  ( 0.9848077530122081300, 0.1736481776669307500, 7.023930430159220100E-017 ) ) ;
#1305 = EDGE_LOOP ( 'NONE', ( #610, #3160, #259, #408 ) ) ;
#1306 = FACE_OUTER_BOUND ( 'NONE', #2116, .T. ) ;
#1307 = AXIS2_PLACEMENT_3D ( 'NONE', #638, #1526, #1205 ) ;
#1308 = DIRECTION ( 'NONE',  ( -1.000000000000000000, 0.0000000000000000000, 0.0000000000000000000 ) ) ;
#1309 = ORIENTED_EDGE ( 'NONE', *, *, #3118, .T. ) ;
#1310 = CIRCLE ( 'NONE', #1772, 0.4999999999999993300 ) ;
#1311 = CARTESIAN_POINT ( 'NONE',  ( -10.69999999999999900, 0.3500000000000000300, -2.540000000000000500 ) ) ;
#1312 = ORIENTED_EDGE ( 'NONE', *, *, #3145, .F. ) ;
#1313 = EDGE_CURVE ( 'NONE', #88, #2655, #1176, .T. ) ;
#1314 = VECTOR ( 'NONE', #128, 1000.000000000000000 ) ;
#1315 = VERTEX_POINT ( 'NONE', #1456 ) ;
#1316 = PLANE ( 'NONE',  #608 ) ;
#1317 = LINE ( 'NONE', #2224, #37 ) ;
#1318 = ORIENTED_EDGE ( 'NONE', *, *, #669, .T. ) ;
#1319 = DIRECTION ( 'NONE',  ( 0.0000000000000000000, 0.0000000000000000000, -1.000000000000000000 ) ) ;
#1320 = LINE ( 'NONE', #460, #3000 ) ;
#1321 = ORIENTED_EDGE ( 'NONE', *, *, #1851, .F. ) ;
#1322 = CARTESIAN_POINT ( 'NONE',  ( 10.35000000000000000, -2.098215818258307900, -0.0002620950778301628400 ) ) ;
#1323 = VERTEX_POINT ( 'NONE', #2879 ) ;
#1324 = AXIS2_PLACEMENT_3D ( 'NONE', #488, #534, #1723 ) ;
#1325 = DIRECTION ( 'NONE',  ( 0.9848077530122080200, 0.1736481776669307200, 7.023930430159218900E-017 ) ) ;
#1326 = ORIENTED_EDGE ( 'NONE', *, *, #2171, .T. ) ;
#1327 = CARTESIAN_POINT ( 'NONE',  ( 2.250000000000001300, 2.589999999999999400, -1.869999999999998800 ) ) ;
#1328 = ORIENTED_EDGE ( 'NONE', *, *, #3642, .T. ) ;
#1329 = ORIENTED_EDGE ( 'NONE', *, *, #1378, .T. ) ;
#1330 = EDGE_CURVE ( 'NONE', #1467, #2880, #2227, .T. ) ;
#1331 = DIRECTION ( 'NONE',  ( 0.0000000000000000000, -1.000000000000000000, 0.0000000000000000000 ) ) ;
#1332 = VERTEX_POINT ( 'NONE', #886 ) ;
#1333 = LINE ( 'NONE', #3093, #778 ) ;
#1334 = LINE ( 'NONE', #3276, #1747 ) ;
#1335 = CARTESIAN_POINT ( 'NONE',  ( 7.823947750285539900, 2.181681385094794000, -1.469999999999999500 ) ) ;
#1336 = CARTESIAN_POINT ( 'NONE',  ( 10.70000000000000100, 0.2500000000000002200, 2.540000000000000000 ) ) ;
#1337 = EDGE_CURVE ( 'NONE', #2126, #2707, #2806, .T. ) ;
#1338 = DIRECTION ( 'NONE',  ( 1.000000000000000000, 0.0000000000000000000, -0.0000000000000000000 ) ) ;
#1339 = CIRCLE ( 'NONE', #1416, 0.2999999999999999300 ) ;
#1340 = ORIENTED_EDGE ( 'NONE', *, *, #1827, .F. ) ;
#1341 = DIRECTION ( 'NONE',  ( -0.0000000000000000000, 1.000000000000000000, -0.0000000000000000000 ) ) ;
#1342 = FACE_OUTER_BOUND ( 'NONE', #375, .T. ) ;
#1343 = ORIENTED_EDGE ( 'NONE', *, *, #710, .F. ) ;
#1344 = CARTESIAN_POINT ( 'NONE',  ( 8.232142819437964200, 1.855848928039626600, 1.674419741066205800 ) ) ;
#1345 = EDGE_CURVE ( 'NONE', #1792, #2676, #1353, .T. ) ;
#1346 = EDGE_LOOP ( 'NONE', ( #190, #1321, #1005, #3404 ) ) ;
#1347 = ADVANCED_FACE ( 'NONE', ( #2950 ), #3455, .F. ) ;
#1348 = LINE ( 'NONE', #576, #484 ) ;
#1349 = DIRECTION ( 'NONE',  ( 0.0000000000000000000, 0.0000000000000000000, 1.000000000000000000 ) ) ;
#1350 = ORIENTED_EDGE ( 'NONE', *, *, #3442, .F. ) ;
#1351 = AXIS2_PLACEMENT_3D ( 'NONE', #627, #2620, #1808 ) ;
#1352 = DIRECTION ( 'NONE',  ( -0.9848077530122080200, 0.1736481776669306900, -2.775557561562891400E-017 ) ) ;
#1353 = LINE ( 'NONE', #1461, #216 ) ;
#1354 = EDGE_CURVE ( 'NONE', #3298, #3494, #894, .T. ) ;
#1355 = CARTESIAN_POINT ( 'NONE',  ( 12.69999999999999900, 0.2500000000000002200, -2.039999999999995600 ) ) ;
#1356 = EDGE_LOOP ( 'NONE', ( #3315, #3449, #2553, #3170 ) ) ;
#1357 = CARTESIAN_POINT ( 'NONE',  ( -7.774033505667539100, 1.898603637052774400, -1.682555321405447800 ) ) ;
#1358 = CARTESIAN_POINT ( 'NONE',  ( -5.220035548037066600, 2.386964708775761500, 1.569999999999999000 ) ) ;
#1359 = ORIENTED_EDGE ( 'NONE', *, *, #209, .T. ) ;
#1360 = EDGE_CURVE ( 'NONE', #3580, #191, #2588, .T. ) ;
#1361 = VECTOR ( 'NONE', #506, 1000.000000000000000 ) ;
#1362 = DIRECTION ( 'NONE',  ( -0.7071067811865463500, 0.0000000000000000000, -0.7071067811865487900 ) ) ;
#1363 = ORIENTED_EDGE ( 'NONE', *, *, #965, .F. ) ;
#1364 = CARTESIAN_POINT ( 'NONE',  ( 8.199668155050606100, 2.163970487284826700, -1.671778011766428000 ) ) ;
#1365 = ORIENTED_EDGE ( 'NONE', *, *, #2032, .F. ) ;
#1366 = ADVANCED_FACE ( 'NONE', ( #446 ), #2840, .F. ) ;
#1367 = ORIENTED_EDGE ( 'NONE', *, *, #2222, .F. ) ;
#1368 = DIRECTION ( 'NONE',  ( 0.0000000000000000000, 1.000000000000000000, 0.0000000000000000000 ) ) ;
#1369 = DIRECTION ( 'NONE',  ( -0.9848077530122080200, -0.1736481776669307200, -8.031127203596334300E-017 ) ) ;
#1370 = ORIENTED_EDGE ( 'NONE', *, *, #3171, .F. ) ;
#1371 = PLANE ( 'NONE',  #3300 ) ;
#1372 = AXIS2_PLACEMENT_3D ( 'NONE', #1845, #2918, #2905 ) ;
#1373 = CARTESIAN_POINT ( 'NONE',  ( -8.152559529262079600, 2.225280923471197400, -1.682555321405446500 ) ) ;
#1374 = EDGE_LOOP ( 'NONE', ( #2228, #1242, #2071, #1095 ) ) ;
#1375 = EDGE_CURVE ( 'NONE', #1276, #3168, #3651, .T. ) ;
#1376 = DIRECTION ( 'NONE',  ( 1.433655765270088800E-016, 0.0000000000000000000, 1.000000000000000000 ) ) ;
#1377 = DIRECTION ( 'NONE',  ( 0.0000000000000000000, 0.0000000000000000000, -1.000000000000000000 ) ) ;
#1378 = EDGE_CURVE ( 'NONE', #2583, #2561, #410, .T. ) ;
#1379 = FACE_OUTER_BOUND ( 'NONE', #3067, .T. ) ;
#1380 = ORIENTED_EDGE ( 'NONE', *, *, #1704, .F. ) ;
#1381 = CARTESIAN_POINT ( 'NONE',  ( 5.280812410220491400, 2.731647422330035100, 1.582555321405446000 ) ) ;
#1382 = LINE ( 'NONE', #662, #3060 ) ;
#1383 = VERTEX_POINT ( 'NONE', #2105 ) ;
#1384 = DIRECTION ( 'NONE',  ( 0.0000000000000000000, 0.6940155268692114200, 0.7199600325465649300 ) ) ;
#1385 = DIRECTION ( 'NONE',  ( 0.0000000000000000000, -0.0000000000000000000, 1.000000000000000000 ) ) ;
#1386 = LINE ( 'NONE', #1198, #2725 ) ;
#1387 = DIRECTION ( 'NONE',  ( -0.0000000000000000000, -0.0000000000000000000, 1.000000000000000000 ) ) ;
#1388 = ORIENTED_EDGE ( 'NONE', *, *, #158, .T. ) ;
#1389 = CARTESIAN_POINT ( 'NONE',  ( -5.220035548037066600, 2.386964708775761500, -1.582555321405445700 ) ) ;
#1390 = AXIS2_PLACEMENT_3D ( 'NONE', #2973, #693, #3556 ) ;
#1391 = DIRECTION ( 'NONE',  ( 0.0000000000000000000, 0.0000000000000000000, -1.000000000000000000 ) ) ;
#1392 = LINE ( 'NONE', #1097, #2687 ) ;
#1393 = AXIS2_PLACEMENT_3D ( 'NONE', #3143, #3661, #3670 ) ;
#1394 = ORIENTED_EDGE ( 'NONE', *, *, #3191, .F. ) ;
#1395 = DIRECTION ( 'NONE',  ( -0.9848077530122140200, -0.1736481776668968900, -8.541845642371280900E-015 ) ) ;
#1396 = FACE_OUTER_BOUND ( 'NONE', #3252, .T. ) ;
#1397 = EDGE_LOOP ( 'NONE', ( #422, #1594, #1482, #2437 ) ) ;
#1398 = AXIS2_PLACEMENT_3D ( 'NONE', #1991, #2829, #2642 ) ;
#1399 = CARTESIAN_POINT ( 'NONE',  ( -2.250000000000001300, 2.589999999999999400, 1.869999999999998800 ) ) ;
#1400 = EDGE_CURVE ( 'NONE', #1139, #1061, #3153, .T. ) ;
#1401 = DIRECTION ( 'NONE',  ( 1.000000000000000000, 0.0000000000000000000, -0.0000000000000000000 ) ) ;
#1402 = CARTESIAN_POINT ( 'NONE',  ( 10.35000000000000000, 2.658580143037442100, 4.934882204459401400 ) ) ;
#1403 = ORIENTED_EDGE ( 'NONE', *, *, #3273, .T. ) ;
#1404 = CARTESIAN_POINT ( 'NONE',  ( -12.19999999999999800, 2.168404344971008900E-016, -2.539999999999999600 ) ) ;
#1405 = FACE_OUTER_BOUND ( 'NONE', #1305, .T. ) ;
#1406 = ORIENTED_EDGE ( 'NONE', *, *, #1189, .T. ) ;
#1407 = ADVANCED_FACE ( 'NONE', ( #2986 ), #1207, .T. ) ;
#1408 = DIRECTION ( 'NONE',  ( 0.0000000000000000000, 0.0000000000000000000, 1.000000000000000000 ) ) ;
#1409 = CARTESIAN_POINT ( 'NONE',  ( 10.35000000000000000, 2.489999999999999800, -4.759999999999999800 ) ) ;
#1410 = EDGE_LOOP ( 'NONE', ( #2982, #2080, #2989, #2873 ) ) ;
#1411 = AXIS2_PLACEMENT_3D ( 'NONE', #2603, #2344, #901 ) ;
#1412 = DIRECTION ( 'NONE',  ( -1.000000000000000000, -0.0000000000000000000, 0.0000000000000000000 ) ) ;
#1413 = DIRECTION ( 'NONE',  ( -1.000000000000000000, 0.0000000000000000000, -8.031127203596334300E-017 ) ) ;
#1414 = EDGE_LOOP ( 'NONE', ( #340, #3304, #2155, #2087 ) ) ;
#1415 = CARTESIAN_POINT ( 'NONE',  ( -8.316351626791643500, 2.094857296261328500, -1.469999999999999500 ) ) ;
#1416 = AXIS2_PLACEMENT_3D ( 'NONE', #443, #1267, #988 ) ;
#1417 = EDGE_CURVE ( 'NONE', #1790, #3106, #2627, .T. ) ;
#1418 = EDGE_LOOP ( 'NONE', ( #115, #2406, #234, #915 ) ) ;
#1419 = PLANE ( 'NONE',  #1809 ) ;
#1420 = CARTESIAN_POINT ( 'NONE',  ( -8.275590708465683700, 2.102044545920649400, 1.608768886934173400 ) ) ;
#1421 = CARTESIAN_POINT ( 'NONE',  ( -9.099999999999997900, 2.589999999999999400, 2.419999999999999900 ) ) ;
#1422 = VERTEX_POINT ( 'NONE', #3258 ) ;
#1423 = CARTESIAN_POINT ( 'NONE',  ( -4.284296264875009400, 2.805817444277467500, -1.569999999999999600 ) ) ;
#1424 = DIRECTION ( 'NONE',  ( 0.0000000000000000000, 0.0000000000000000000, -1.000000000000000000 ) ) ;
#1425 = EDGE_CURVE ( 'NONE', #1452, #3570, #755, .T. ) ;
#1426 = CARTESIAN_POINT ( 'NONE',  ( -10.25000000000000000, 2.839999999999999900, 4.759999999999999800 ) ) ;
#1427 = ADVANCED_FACE ( 'NONE', ( #2769 ), #2713, .F. ) ;
#1428 = CIRCLE ( 'NONE', #335, 0.2999999999999999300 ) ;
#1429 = DIRECTION ( 'NONE',  ( 0.1736481776669316900, 0.9848077530122078000, 3.469446951953613400E-015 ) ) ;
#1430 = VECTOR ( 'NONE', #3019, 1000.000000000000000 ) ;
#1431 = EDGE_CURVE ( 'NONE', #3168, #1645, #2322, .T. ) ;
#1432 = FACE_BOUND ( 'NONE', #2131, .T. ) ;
#1433 = DIRECTION ( 'NONE',  ( -0.9848077530122080200, -0.1736481776669307200, -0.0000000000000000000 ) ) ;
#1434 = EDGE_LOOP ( 'NONE', ( #1895, #2371, #1367, #964 ) ) ;
#1435 = DIRECTION ( 'NONE',  ( -0.0000000000000000000, -0.0000000000000000000, -1.000000000000000000 ) ) ;
#1436 = VERTEX_POINT ( 'NONE', #3366 ) ;
#1437 = DIRECTION ( 'NONE',  ( 0.0000000000000000000, 0.0000000000000000000, 1.000000000000000000 ) ) ;
#1438 = CARTESIAN_POINT ( 'NONE',  ( 5.263447592453799100, 2.633166647028813800, 1.569999999999999000 ) ) ;
#1439 = CARTESIAN_POINT ( 'NONE',  ( 10.60000000000000000, 2.658580143037442100, 4.934882204459401400 ) ) ;
#1440 = ORIENTED_EDGE ( 'NONE', *, *, #3123, .F. ) ;
#1441 = LINE ( 'NONE', #480, #528 ) ;
#1442 = DIRECTION ( 'NONE',  ( 0.1736481776669307200, 0.9848077530122080200, 0.0000000000000000000 ) ) ;
#1443 = DIRECTION ( 'NONE',  ( 0.9848077530122080200, 0.1736481776669307200, -8.031127203596334300E-017 ) ) ;
#1444 = ORIENTED_EDGE ( 'NONE', *, *, #2354, .T. ) ;
#1445 = AXIS2_PLACEMENT_3D ( 'NONE', #2626, #2883, #903 ) ;
#1446 = EDGE_CURVE ( 'NONE', #1578, #2134, #33, .T. ) ;
#1447 = DIRECTION ( 'NONE',  ( -0.0000000000000000000, 1.000000000000000000, -0.0000000000000000000 ) ) ;
#1448 = VERTEX_POINT ( 'NONE', #1584 ) ;
#1449 = DIRECTION ( 'NONE',  ( -0.1736481776668968600, 0.9848077530122139000, 0.0000000000000000000 ) ) ;
#1450 = LINE ( 'NONE', #2828, #3617 ) ;
#1451 = DIRECTION ( 'NONE',  ( -0.1736481776669270800, 0.9848077530122086900, 0.0000000000000000000 ) ) ;
#1452 = VERTEX_POINT ( 'NONE', #1679 ) ;
#1453 = EDGE_CURVE ( 'NONE', #1332, #876, #2901, .T. ) ;
#1454 = ORIENTED_EDGE ( 'NONE', *, *, #3604, .T. ) ;
#1455 = CARTESIAN_POINT ( 'NONE',  ( 8.152559529262079600, 2.225280923471197400, -1.682555321405446500 ) ) ;
#1456 = CARTESIAN_POINT ( 'NONE',  ( 5.280812410220494100, 2.731647422330035500, 1.932555321405446100 ) ) ;
#1457 = CARTESIAN_POINT ( 'NONE',  ( -5.220035548037066600, 2.386964708775761500, 1.569999999999999000 ) ) ;
#1458 = LINE ( 'NONE', #2101, #687 ) ;
#1459 = VERTEX_POINT ( 'NONE', #2446 ) ;
#1460 = PLANE ( 'NONE',  #2975 ) ;
#1461 = CARTESIAN_POINT ( 'NONE',  ( 5.263447592453799100, 2.633166647028813800, -1.569999999999999000 ) ) ;
#1462 = DIRECTION ( 'NONE',  ( 0.9848077530122080200, -0.1736481776669307800, -8.326672684688664200E-017 ) ) ;
#1463 = AXIS2_PLACEMENT_3D ( 'NONE', #1760, #284, #2288 ) ;
#1464 = EDGE_LOOP ( 'NONE', ( #3336, #919, #2667, #285 ) ) ;
#1465 = CARTESIAN_POINT ( 'NONE',  ( -8.599999999999999600, 2.589999999999999400, 2.919999999999999000 ) ) ;
#1466 = ADVANCED_FACE ( 'NONE', ( #125 ), #1963, .F. ) ;
#1467 = VERTEX_POINT ( 'NONE', #3667 ) ;
#1468 = CARTESIAN_POINT ( 'NONE',  ( -10.60000000000000000, 0.2500000000000002200, 2.540000000000000000 ) ) ;
#1469 = EDGE_LOOP ( 'NONE', ( #819, #1190, #966, #1266 ) ) ;
#1470 = AXIS2_PLACEMENT_3D ( 'NONE', #279, #3122, #1105 ) ;
#1471 = CARTESIAN_POINT ( 'NONE',  ( 7.774033505667540000, 1.898603637052775900, 1.932555321405446700 ) ) ;
#1472 = DIRECTION ( 'NONE',  ( -1.000000000000000000, 0.0000000000000000000, -8.031127203596334300E-017 ) ) ;
#1473 = VECTOR ( 'NONE', #1931, 1000.000000000000000 ) ;
#1474 = VECTOR ( 'NONE', #1191, 1000.000000000000000 ) ;
#1475 = CARTESIAN_POINT ( 'NONE',  ( -8.210678435694232400, 1.897936162559901800, -1.765250651972595900 ) ) ;
#1476 = AXIS2_PLACEMENT_3D ( 'NONE', #1523, #2891, #1537 ) ;
#1477 = DIRECTION ( 'NONE',  ( -0.9848077530122086900, -0.1736481776669271100, -1.213453996482837100E-013 ) ) ;
#1478 = EDGE_CURVE ( 'NONE', #876, #1792, #2189, .T. ) ;
#1479 = ORIENTED_EDGE ( 'NONE', *, *, #2843, .T. ) ;
#1480 = DIRECTION ( 'NONE',  ( -1.000000000000000000, 0.0000000000000000000, 0.0000000000000000000 ) ) ;
#1481 = B_SPLINE_CURVE_WITH_KNOTS ( 'NONE', 3,
 ( #636, #2376, #2632, #2951 ),
 .UNSPECIFIED., .F., .F.,
 ( 4, 4 ),
 ( 0.0000000000000000000, 1.000000000000000000 ),
 .UNSPECIFIED. ) ;
#1482 = ORIENTED_EDGE ( 'NONE', *, *, #1646, .F. ) ;
#1483 = DIRECTION ( 'NONE',  ( 0.0000000000000000000, 0.0000000000000000000, -1.000000000000000000 ) ) ;
#1484 = CIRCLE ( 'NONE', #2483, 2.250000000000000400 ) ;
#1485 = EDGE_LOOP ( 'NONE', ( #1406, #1832, #1102, #67 ) ) ;
#1486 = PLANE ( 'NONE',  #499 ) ;
#1487 = ORIENTED_EDGE ( 'NONE', *, *, #617, .T. ) ;
#1488 = DIRECTION ( 'NONE',  ( 5.273559366969493600E-016, -3.445160823289938900E-015, 1.000000000000000000 ) ) ;
#1489 = CARTESIAN_POINT ( 'NONE',  ( 7.860857594501006000, 2.391007513558880000, 1.932555321405445200 ) ) ;
#1490 = VECTOR ( 'NONE', #2455, 1000.000000000000000 ) ;
#1491 = ORIENTED_EDGE ( 'NONE', *, *, #1185, .T. ) ;
#1492 = CARTESIAN_POINT ( 'NONE',  ( 10.69999999999999900, 2.168404344971008900E-016, -2.539999999999999600 ) ) ;
#1493 = CARTESIAN_POINT ( 'NONE',  ( 8.210678435694232400, 1.897936162559901800, -1.765250651972596600 ) ) ;
#1494 = VECTOR ( 'NONE', #358, 1000.000000000000000 ) ;
#1495 = EDGE_CURVE ( 'NONE', #1546, #3494, #122, .T. ) ;
#1496 = CARTESIAN_POINT ( 'NONE',  ( -10.35000000000000000, 0.3499999999999998700, 2.540000000000000000 ) ) ;
#1497 = VERTEX_POINT ( 'NONE', #730 ) ;
#1498 = LINE ( 'NONE', #1786, #3110 ) ;
#1499 = DIRECTION ( 'NONE',  ( 0.9848077530122080200, 0.1736481776669307200, 7.023930430159218900E-017 ) ) ;
#1500 = CIRCLE ( 'NONE', #2670, 2.250000000000000400 ) ;
#1501 = CARTESIAN_POINT ( 'NONE',  ( -4.240884220458276800, 2.559615506024415200, -1.569999999999999000 ) ) ;
#1502 = ORIENTED_EDGE ( 'NONE', *, *, #3055, .T. ) ;
#1503 = CARTESIAN_POINT ( 'NONE',  ( -8.303713198479171000, 2.097085792166566900, 1.582555321405446200 ) ) ;
#1504 = CARTESIAN_POINT ( 'NONE',  ( 0.1105717069063999100, 3.643300355081422000, -1.932555321405446100 ) ) ;
#1505 = ORIENTED_EDGE ( 'NONE', *, *, #2284, .T. ) ;
#1506 = ADVANCED_FACE ( 'NONE', ( #73 ), #1695, .F. ) ;
#1507 = EDGE_CURVE ( 'NONE', #805, #780, #3024, .T. ) ;
#1508 = VERTEX_POINT ( 'NONE', #1217 ) ;
#1509 = CARTESIAN_POINT ( 'NONE',  ( 0.09320688913970737200, 3.544819579780200200, -1.582555321405446000 ) ) ;
#1510 = DIRECTION ( 'NONE',  ( 0.1736481776669316900, 0.9848077530122078000, -3.469446951953613400E-015 ) ) ;
#1511 = ORIENTED_EDGE ( 'NONE', *, *, #1983, .F. ) ;
#1512 = CARTESIAN_POINT ( 'NONE',  ( 5.300357436669263400, 2.842492775492899200, -1.932555321405446500 ) ) ;
#1513 = DIRECTION ( 'NONE',  ( -0.1736481776669307200, 0.9848077530122080200, 0.0000000000000000000 ) ) ;
#1514 = ORIENTED_EDGE ( 'NONE', *, *, #2226, .F. ) ;
#1515 = CARTESIAN_POINT ( 'NONE',  ( -5.300357436669263400, 2.842492775492899200, -1.932555321405446500 ) ) ;
#1516 = VERTEX_POINT ( 'NONE', #1501 ) ;
#1517 = CARTESIAN_POINT ( 'NONE',  ( -8.599999999999999600, 2.839999999999999900, 2.919999999999999000 ) ) ;
#1518 = DIRECTION ( 'NONE',  ( 0.0000000000000000000, 1.000000000000000000, -0.0000000000000000000 ) ) ;
#1519 = VECTOR ( 'NONE', #855, 1000.000000000000000 ) ;
#1520 = AXIS2_PLACEMENT_3D ( 'NONE', #64, #3250, #958 ) ;
#1521 = DIRECTION ( 'NONE',  ( 0.0000000000000000000, 1.000000000000000000, 0.0000000000000000000 ) ) ;
#1522 = LINE ( 'NONE', #1552, #352 ) ;
#1523 = CARTESIAN_POINT ( 'NONE',  ( 10.69999999999999900, 0.3500000000000000300, 2.540000000000000500 ) ) ;
#1524 = FACE_OUTER_BOUND ( 'NONE', #1972, .T. ) ;
#1525 = ORIENTED_EDGE ( 'NONE', *, *, #1163, .T. ) ;
#1526 = DIRECTION ( 'NONE',  ( 0.0000000000000000000, -0.0000000000000000000, 1.000000000000000000 ) ) ;
#1527 = ADVANCED_FACE ( 'NONE', ( #31 ), #3247, .F. ) ;
#1528 = PLANE ( 'NONE',  #247 ) ;
#1529 = EDGE_CURVE ( 'NONE', #2509, #2082, #2185, .T. ) ;
#1530 = ORIENTED_EDGE ( 'NONE', *, *, #1942, .T. ) ;
#1531 = CARTESIAN_POINT ( 'NONE',  ( -8.275590708465683700, 2.102044545920649400, 1.608768886934173400 ) ) ;
#1532 = CARTESIAN_POINT ( 'NONE',  ( -8.275590708465687200, 2.102044545920649400, -1.608768886934172300 ) ) ;
#1533 = ORIENTED_EDGE ( 'NONE', *, *, #1301, .F. ) ;
#1534 = EDGE_CURVE ( 'NONE', #2384, #1508, #2053, .T. ) ;
#1535 = VECTOR ( 'NONE', #447, 1000.000000000000000 ) ;
#1536 = DIRECTION ( 'NONE',  ( 0.0000000000000000000, 0.0000000000000000000, 1.000000000000000000 ) ) ;
#1537 = DIRECTION ( 'NONE',  ( -1.000000000000000000, 0.0000000000000000000, 0.0000000000000000000 ) ) ;
#1538 = ORIENTED_EDGE ( 'NONE', *, *, #1767, .F. ) ;
#1539 = PLANE ( 'NONE',  #614 ) ;
#1540 = LINE ( 'NONE', #3521, #1129 ) ;
#1541 = AXIS2_PLACEMENT_3D ( 'NONE', #1202, #339, #1192 ) ;
#1542 = ORIENTED_EDGE ( 'NONE', *, *, #3581, .F. ) ;
#1543 = DIRECTION ( 'NONE',  ( -1.000000000000000000, 0.0000000000000000000, 0.0000000000000000000 ) ) ;
#1544 = LINE ( 'NONE', #2060, #1223 ) ;
#1545 = CARTESIAN_POINT ( 'NONE',  ( 5.263447592453799100, 2.633166647028813800, -1.569999999999999000 ) ) ;
#1546 = VERTEX_POINT ( 'NONE', #653 ) ;
#1547 = ADVANCED_FACE ( 'NONE', ( #1765 ), #2955, .F. ) ;
#1548 = EDGE_CURVE ( 'NONE', #1718, #2966, #2946, .T. ) ;
#1549 = CARTESIAN_POINT ( 'NONE',  ( -8.152559529262083200, 2.225280923471197000, 1.765888654738779300 ) ) ;
#1550 = CYLINDRICAL_SURFACE ( 'NONE', #3039, 0.3499999999999996400 ) ;
#1551 = ORIENTED_EDGE ( 'NONE', *, *, #2706, .F. ) ;
#1552 = CARTESIAN_POINT ( 'NONE',  ( -5.263447592453799100, 2.633166647028813800, -1.569999999999999000 ) ) ;
#1553 = DIRECTION ( 'NONE',  ( -1.000000000000000000, 0.0000000000000000000, 0.0000000000000000000 ) ) ;
#1554 = AXIS2_PLACEMENT_3D ( 'NONE', #2037, #312, #270 ) ;
#1555 = ORIENTED_EDGE ( 'NONE', *, *, #2505, .F. ) ;
#1556 = EDGE_CURVE ( 'NONE', #2655, #223, #3603, .T. ) ;
#1557 = CARTESIAN_POINT ( 'NONE',  ( 7.774033505667540000, 1.898603637052775000, 1.682555321405446900 ) ) ;
#1558 = CARTESIAN_POINT ( 'NONE',  ( -3.893587865124414900, 2.839999999999999900, 4.759999999999999800 ) ) ;
#1559 = ORIENTED_EDGE ( 'NONE', *, *, #3273, .F. ) ;
#1560 = DIRECTION ( 'NONE',  ( -0.1736481776669307200, -0.9848077530122080200, -0.0000000000000000000 ) ) ;
#1561 = EDGE_CURVE ( 'NONE', #2004, #3218, #1855, .T. ) ;
#1562 = CARTESIAN_POINT ( 'NONE',  ( 9.099999999999997900, 2.839999999999999900, -2.419999999999999900 ) ) ;
#1563 = ORIENTED_EDGE ( 'NONE', *, *, #1236, .T. ) ;
#1564 = ORIENTED_EDGE ( 'NONE', *, *, #3706, .T. ) ;
#1565 = ADVANCED_FACE ( 'NONE', ( #2452 ), #2330, .T. ) ;
#1566 = CIRCLE ( 'NONE', #2216, 0.4999999999999999400 ) ;
#1567 = DIRECTION ( 'NONE',  ( -0.1736481776669307200, 0.9848077530122080200, 0.0000000000000000000 ) ) ;
#1568 = DIRECTION ( 'NONE',  ( 0.7071067811865487900, 0.0000000000000000000, 0.7071067811865463500 ) ) ;
#1569 = AXIS2_PLACEMENT_3D ( 'NONE', #2649, #2954, #1510 ) ;
#1570 = VECTOR ( 'NONE', #775, 1000.000000000000000 ) ;
#1571 = FACE_OUTER_BOUND ( 'NONE', #2602, .T. ) ;
#1572 = FACE_OUTER_BOUND ( 'NONE', #2079, .T. ) ;
#1573 = DIRECTION ( 'NONE',  ( -0.0000000000000000000, 0.0000000000000000000, 1.000000000000000000 ) ) ;
#1574 = LINE ( 'NONE', #3162, #2718 ) ;
#1575 = EDGE_LOOP ( 'NONE', ( #2595, #194, #2077, #2993 ) ) ;
#1576 = AXIS2_PLACEMENT_3D ( 'NONE', #3069, #228, #1391 ) ;
#1577 = CARTESIAN_POINT ( 'NONE',  ( 5.300357436669264300, 2.842492775492899200, 1.682555321405444900 ) ) ;
#1578 = VERTEX_POINT ( 'NONE', #46 ) ;
#1579 = EDGE_CURVE ( 'NONE', #1262, #2809, #2024, .T. ) ;
#1580 = LINE ( 'NONE', #1647, #2760 ) ;
#1581 = VECTOR ( 'NONE', #2307, 1000.000000000000000 ) ;
#1582 = EDGE_LOOP ( 'NONE', ( #1735, #2978, #1741, #3618 ) ) ;
#1583 = CARTESIAN_POINT ( 'NONE',  ( 2.550000000000001200, 2.839999999999999900, 1.869999999999998800 ) ) ;
#1584 = CARTESIAN_POINT ( 'NONE',  ( 12.19999999999999800, 2.168404344971008900E-016, -2.539999999999999600 ) ) ;
#1585 = PLANE ( 'NONE',  #3465 ) ;
#1586 = LINE ( 'NONE', #1605, #2273 ) ;
#1587 = EDGE_CURVE ( 'NONE', #2267, #672, #1938, .T. ) ;
#1588 = ORIENTED_EDGE ( 'NONE', *, *, #501, .F. ) ;
#1589 = DIRECTION ( 'NONE',  ( -0.0000000000000000000, 1.000000000000000000, -0.0000000000000000000 ) ) ;
#1590 = CARTESIAN_POINT ( 'NONE',  ( -8.210678435694232400, 1.897936162559901800, -1.765250651972596600 ) ) ;
#1591 = ADVANCED_FACE ( 'NONE', ( #2316 ), #1539, .T. ) ;
#1592 = VECTOR ( 'NONE', #1443, 1000.000000000000000 ) ;
#1593 = DIRECTION ( 'NONE',  ( -6.212555477917150200E-016, -3.491585118607219200E-015, -1.000000000000000000 ) ) ;
#1594 = ORIENTED_EDGE ( 'NONE', *, *, #3082, .T. ) ;
#1595 = VECTOR ( 'NONE', #708, 1000.000000000000000 ) ;
#1596 = ORIENTED_EDGE ( 'NONE', *, *, #1478, .F. ) ;
#1597 = DIRECTION ( 'NONE',  ( -0.0000000000000000000, 0.0000000000000000000, 1.000000000000000000 ) ) ;
#1598 = ORIENTED_EDGE ( 'NONE', *, *, #561, .F. ) ;
#1599 = CARTESIAN_POINT ( 'NONE',  ( -8.176130081391354700, 2.194506847150331700, -1.682555321405446500 ) ) ;
#1600 = ORIENTED_EDGE ( 'NONE', *, *, #995, .T. ) ;
#1601 = AXIS2_PLACEMENT_3D ( 'NONE', #3099, #844, #3688 ) ;
#1602 = CARTESIAN_POINT ( 'NONE',  ( 10.35000000000000000, 2.489999999999999800, -4.759999999999999800 ) ) ;
#1603 = CARTESIAN_POINT ( 'NONE',  ( -5.263447592453799100, 2.633166647028813800, -1.569999999999999000 ) ) ;
#1604 = ORIENTED_EDGE ( 'NONE', *, *, #2375, .F. ) ;
#1605 = CARTESIAN_POINT ( 'NONE',  ( -12.69999999999999900, 2.168404344971008900E-016, 2.039999999999997800 ) ) ;
#1606 = ADVANCED_FACE ( 'NONE', ( #212 ), #3692, .T. ) ;
#1607 = EDGE_CURVE ( 'NONE', #718, #1852, #2849, .T. ) ;
#1608 = ORIENTED_EDGE ( 'NONE', *, *, #3409, .F. ) ;
#1609 = DIRECTION ( 'NONE',  ( -0.1736481776669307200, 0.9848077530122080200, 0.0000000000000000000 ) ) ;
#1610 = ORIENTED_EDGE ( 'NONE', *, *, #2072, .F. ) ;
#1611 = PLANE ( 'NONE',  #2266 ) ;
#1612 = EDGE_LOOP ( 'NONE', ( #971, #2246, #2104, #2170 ) ) ;
#1613 = AXIS2_PLACEMENT_3D ( 'NONE', #2382, #3271, #698 ) ;
#1614 = VECTOR ( 'NONE', #3346, 1000.000000000000000 ) ;
#1615 = FACE_OUTER_BOUND ( 'NONE', #1666, .T. ) ;
#1616 = VECTOR ( 'NONE', #2200, 999.9999999999998900 ) ;
#1617 = DIRECTION ( 'NONE',  ( -0.1736481776669307200, 0.9848077530122080200, 0.0000000000000000000 ) ) ;
#1618 = ORIENTED_EDGE ( 'NONE', *, *, #868, .F. ) ;
#1619 = DIRECTION ( 'NONE',  ( 0.1736481776669307200, -0.9848077530122080200, 3.491481338843133400E-015 ) ) ;
#1620 = EDGE_CURVE ( 'NONE', #3288, #1107, #1586, .T. ) ;
#1621 = DIRECTION ( 'NONE',  ( 0.9848077530122080200, -0.1736481776669307800, -8.326672684688674100E-017 ) ) ;
#1622 = VERTEX_POINT ( 'NONE', #2075 ) ;
#1623 = AXIS2_PLACEMENT_3D ( 'NONE', #1288, #1589, #3542 ) ;
#1624 = DIRECTION ( 'NONE',  ( 0.0000000000000000000, 0.7199600325465649300, 0.6940155268692114200 ) ) ;
#1625 = EDGE_CURVE ( 'NONE', #500, #210, #3107, .T. ) ;
#1626 = VERTEX_POINT ( 'NONE', #2846 ) ;
#1627 = PLANE ( 'NONE',  #3554 ) ;
#1628 = VECTOR ( 'NONE', #1472, 1000.000000000000000 ) ;
#1629 = CARTESIAN_POINT ( 'NONE',  ( 8.303713198479171000, 2.097085792166566900, 1.582555321405446200 ) ) ;
#1630 = ORIENTED_EDGE ( 'NONE', *, *, #2470, .F. ) ;
#1631 = DIRECTION ( 'NONE',  ( -0.9848077530122080200, -0.1736481776669307200, -0.0000000000000000000 ) ) ;
#1632 = EDGE_CURVE ( 'NONE', #2126, #2361, #2983, .T. ) ;
#1633 = DIRECTION ( 'NONE',  ( 0.0000000000000000000, 0.0000000000000000000, -1.000000000000000000 ) ) ;
#1634 = EDGE_LOOP ( 'NONE', ( #1363, #1149, #384, #2824 ) ) ;
#1635 = CARTESIAN_POINT ( 'NONE',  ( -8.152559529262081400, 2.225280923471198300, -1.682555321405446300 ) ) ;
#1636 = CARTESIAN_POINT ( 'NONE',  ( 2.550000000000001200, 2.589999999999999400, -1.869999999999998800 ) ) ;
#1637 = ORIENTED_EDGE ( 'NONE', *, *, #3674, .F. ) ;
#1638 = CARTESIAN_POINT ( 'NONE',  ( 8.176130081391354700, 2.194506847150331700, -1.682555321405446500 ) ) ;
#1639 = CIRCLE ( 'NONE', #3286, 0.4999999999999993300 ) ;
#1640 = CIRCLE ( 'NONE', #3426, 0.5000000000000000000 ) ;
#1641 = ORIENTED_EDGE ( 'NONE', *, *, #617, .F. ) ;
#1642 = CARTESIAN_POINT ( 'NONE',  ( 8.152559529262079600, 2.225280923471197900, 1.682555321405446100 ) ) ;
#1643 = ORIENTED_EDGE ( 'NONE', *, *, #383, .T. ) ;
#1644 = AXIS2_PLACEMENT_3D ( 'NONE', #2692, #2372, #673 ) ;
#1645 = VERTEX_POINT ( 'NONE', #3477 ) ;
#1646 = EDGE_CURVE ( 'NONE', #722, #1276, #3292, .T. ) ;
#1647 = CARTESIAN_POINT ( 'NONE',  ( 2.550000000000001200, 2.589999999999999400, -1.569999999999998700 ) ) ;
#1648 = ORIENTED_EDGE ( 'NONE', *, *, #2609, .T. ) ;
#1649 = EDGE_CURVE ( 'NONE', #1281, #1436, #1032, .T. ) ;
#1650 = ORIENTED_EDGE ( 'NONE', *, *, #158, .F. ) ;
#1651 = CARTESIAN_POINT ( 'NONE',  ( -3.893587865124414900, 2.589999999999999400, -1.569999999999998700 ) ) ;
#1652 = FACE_OUTER_BOUND ( 'NONE', #1683, .T. ) ;
#1653 = DIRECTION ( 'NONE',  ( 1.000000000000000000, 7.744301232039327500E-016, -0.0000000000000000000 ) ) ;
#1654 = DIRECTION ( 'NONE',  ( -0.0000000000000000000, 1.000000000000000000, -0.0000000000000000000 ) ) ;
#1655 = FACE_OUTER_BOUND ( 'NONE', #3134, .T. ) ;
#1656 = VECTOR ( 'NONE', #550, 1000.000000000000000 ) ;
#1657 = DIRECTION ( 'NONE',  ( -0.0000000000000000000, 1.000000000000000000, -0.0000000000000000000 ) ) ;
#1658 = AXIS2_PLACEMENT_3D ( 'NONE', #1693, #2538, #2262 ) ;
#1659 = VERTEX_POINT ( 'NONE', #2312 ) ;
#1660 = CARTESIAN_POINT ( 'NONE',  ( -7.774033505667539100, 1.898603637052775000, -1.932555321405448100 ) ) ;
#1661 = CARTESIAN_POINT ( 'NONE',  ( -8.152559529262081400, 2.225280923471197400, 1.932555321405446100 ) ) ;
#1662 = LINE ( 'NONE', #1402, #117 ) ;
#1663 = ORIENTED_EDGE ( 'NONE', *, *, #2057, .F. ) ;
#1664 = CARTESIAN_POINT ( 'NONE',  ( 10.60000000000000000, 0.2500000000000002200, 2.540000000000000000 ) ) ;
#1665 = DIRECTION ( 'NONE',  ( 6.106226635438361000E-016, -3.431283035482124400E-015, -1.000000000000000000 ) ) ;
#1666 = EDGE_LOOP ( 'NONE', ( #2544, #1714, #507, #3339 ) ) ;
#1667 = PLANE ( 'NONE',  #930 ) ;
#1668 = LINE ( 'NONE', #3054, #3697 ) ;
#1669 = B_SPLINE_CURVE_WITH_KNOTS ( 'NONE', 3,
 ( #2808, #2488, #2502, #802 ),
 .UNSPECIFIED., .F., .F.,
 ( 4, 4 ),
 ( 0.0000000000000000000, 1.000000000000000000 ),
 .UNSPECIFIED. ) ;
#1670 = EDGE_CURVE ( 'NONE', #1673, #1257, #1260, .T. ) ;
#1671 = DIRECTION ( 'NONE',  ( 1.000000000000000000, 0.0000000000000000000, -8.031127203596334300E-017 ) ) ;
#1672 = DIRECTION ( 'NONE',  ( -0.0000000000000000000, -0.0000000000000000000, 1.000000000000000000 ) ) ;
#1673 = VERTEX_POINT ( 'NONE', #351 ) ;
#1674 = CYLINDRICAL_SURFACE ( 'NONE', #2138, 0.3499999999999999200 ) ;
#1675 = DIRECTION ( 'NONE',  ( 0.0000000000000000000, 0.0000000000000000000, -1.000000000000000000 ) ) ;
#1676 = LINE ( 'NONE', #2370, #3208 ) ;
#1677 = CARTESIAN_POINT ( 'NONE',  ( -8.210678435694232400, 1.897936162559901400, 1.765250651972594600 ) ) ;
#1678 = ORIENTED_EDGE ( 'NONE', *, *, #3331, .T. ) ;
#1679 = CARTESIAN_POINT ( 'NONE',  ( 2.550000000000001200, 2.589999999999999400, 1.569999999999999000 ) ) ;
#1680 = EDGE_CURVE ( 'NONE', #2390, #2830, #1348, .T. ) ;
#1681 = LINE ( 'NONE', #2531, #1094 ) ;
#1682 = DIRECTION ( 'NONE',  ( 0.0000000000000000000, -1.000000000000000000, 0.0000000000000000000 ) ) ;
#1683 = EDGE_LOOP ( 'NONE', ( #1918, #1555, #3017, #2064 ) ) ;
#1684 = CARTESIAN_POINT ( 'NONE',  ( 12.19999999999999600, 0.2500000000000002200, 2.540000000000000000 ) ) ;
#1685 = VECTOR ( 'NONE', #992, 1000.000000000000000 ) ;
#1686 = DIRECTION ( 'NONE',  ( -0.0000000000000000000, 1.000000000000000000, -0.0000000000000000000 ) ) ;
#1687 = ORIENTED_EDGE ( 'NONE', *, *, #2609, .F. ) ;
#1688 = CARTESIAN_POINT ( 'NONE',  ( 8.210678435694232400, 1.897936162559901400, 1.765250651972594600 ) ) ;
#1689 = CARTESIAN_POINT ( 'NONE',  ( 10.25000000000000000, 2.489999999999999800, 4.759999999999999800 ) ) ;
#1690 = AXIS2_PLACEMENT_3D ( 'NONE', #1806, #932, #54 ) ;
#1691 = ORIENTED_EDGE ( 'NONE', *, *, #390, .T. ) ;
#1692 = EDGE_CURVE ( 'NONE', #2880, #191, #2682, .T. ) ;
#1693 = CARTESIAN_POINT ( 'NONE',  ( 9.945644454237019300, 1.909111672496501600, -1.582555321405446600 ) ) ;
#1694 = DIRECTION ( 'NONE',  ( 0.0000000000000000000, -0.0000000000000000000, -1.000000000000000000 ) ) ;
#1695 = PLANE ( 'NONE',  #1183 ) ;
#1696 = DIRECTION ( 'NONE',  ( 0.9848077530122081300, -0.1736481776669307500, -1.848892746611747000E-032 ) ) ;
#1697 = AXIS2_PLACEMENT_3D ( 'NONE', #368, #1462, #3193 ) ;
#1698 = ORIENTED_EDGE ( 'NONE', *, *, #717, .T. ) ;
#1699 = ORIENTED_EDGE ( 'NONE', *, *, #3581, .T. ) ;
#1700 = ADVANCED_FACE ( 'NONE', ( #2409 ), #2485, .F. ) ;
#1701 = B_SPLINE_CURVE_WITH_KNOTS ( 'NONE', 3,
 ( #1969, #3417, #1736, #1688, #1702, #2235 ),
 .UNSPECIFIED., .F., .F.,
 ( 4, 2, 4 ),
 ( 0.0000000000000000000, 0.5000000000000000000, 1.000000000000000000 ),
 .UNSPECIFIED. ) ;
#1702 = CARTESIAN_POINT ( 'NONE',  ( 8.232142819437964200, 1.855848928039626600, 1.674419741066205800 ) ) ;
#1703 = PLANE ( 'NONE',  #2686 ) ;
#1704 = EDGE_CURVE ( 'NONE', #3690, #2010, #986, .T. ) ;
#1705 = DIRECTION ( 'NONE',  ( 0.0000000000000000000, 1.000000000000000000, 0.0000000000000000000 ) ) ;
#1706 = CYLINDRICAL_SURFACE ( 'NONE', #1601, 0.09999999999999939500 ) ;
#1707 = DIRECTION ( 'NONE',  ( 0.0000000000000000000, 0.0000000000000000000, 1.000000000000000000 ) ) ;
#1708 = CIRCLE ( 'NONE', #1299, 0.2999999999999999300 ) ;
#1709 = FACE_OUTER_BOUND ( 'NONE', #2633, .T. ) ;
#1710 = ORIENTED_EDGE ( 'NONE', *, *, #2178, .F. ) ;
#1711 = VECTOR ( 'NONE', #2052, 1000.000000000000000 ) ;
#1712 = CARTESIAN_POINT ( 'NONE',  ( -8.152559529262083200, 2.225280923471198300, 1.932555321405445600 ) ) ;
#1713 = ORIENTED_EDGE ( 'NONE', *, *, #2291, .F. ) ;
#1714 = ORIENTED_EDGE ( 'NONE', *, *, #841, .F. ) ;
#1715 = DIRECTION ( 'NONE',  ( 0.0000000000000000000, -0.0000000000000000000, -1.000000000000000000 ) ) ;
#1716 = AXIS2_PLACEMENT_3D ( 'NONE', #1093, #3628, #1671 ) ;
#1717 = ADVANCED_FACE ( 'NONE', ( #3428 ), #182, .F. ) ;
#1718 = VERTEX_POINT ( 'NONE', #2721 ) ;
#1719 = CARTESIAN_POINT ( 'NONE',  ( -10.69999999999999900, 0.3500000000000000300, 2.540000000000000500 ) ) ;
#1720 = VECTOR ( 'NONE', #3152, 1000.000000000000000 ) ;
#1721 = VERTEX_POINT ( 'NONE', #1438 ) ;
#1722 = CARTESIAN_POINT ( 'NONE',  ( 10.25000000000000000, 2.839999999999999900, 4.759999999999999800 ) ) ;
#1723 = DIRECTION ( 'NONE',  ( -0.1736481776669307800, 0.9848077530122080200, 3.491481338843133400E-015 ) ) ;
#1724 = ORIENTED_EDGE ( 'NONE', *, *, #1163, .F. ) ;
#1725 = CARTESIAN_POINT ( 'NONE',  ( 8.272939582374910100, 1.848655358008276500, -1.469999999999999500 ) ) ;
#1726 = FACE_OUTER_BOUND ( 'NONE', #1612, .T. ) ;
#1727 = DIRECTION ( 'NONE',  ( 0.0000000000000000000, 0.0000000000000000000, -1.000000000000000000 ) ) ;
#1728 = FACE_OUTER_BOUND ( 'NONE', #98, .T. ) ;
#1729 = EDGE_CURVE ( 'NONE', #2881, #2039, #1077, .T. ) ;
#1730 = ORIENTED_EDGE ( 'NONE', *, *, #3262, .F. ) ;
#1731 = CARTESIAN_POINT ( 'NONE',  ( -3.656245972229342600, 3.018102317301320600, 1.582555321405446000 ) ) ;
#1732 = EDGE_LOOP ( 'NONE', ( #2628, #2851, #3459, #1055 ) ) ;
#1733 =( LENGTH_UNIT ( ) NAMED_UNIT ( * ) SI_UNIT ( .MILLI., .METRE. ) );
#1734 = ADVANCED_FACE ( 'NONE', ( #1172 ), #250, .F. ) ;
#1735 = ORIENTED_EDGE ( 'NONE', *, *, #2072, .T. ) ;
#1736 = CARTESIAN_POINT ( 'NONE',  ( 8.177007647035432900, 2.035456360155071000, 1.894834737668880800 ) ) ;
#1737 = EDGE_CURVE ( 'NONE', #1124, #3255, #1075, .T. ) ;
#1738 = VERTEX_POINT ( 'NONE', #3155 ) ;
#1739 = DIRECTION ( 'NONE',  ( -0.0000000000000000000, 1.000000000000000000, -0.0000000000000000000 ) ) ;
#1740 = CARTESIAN_POINT ( 'NONE',  ( 2.501111815307353500E-016, 2.839999999999999900, 4.759999999999999800 ) ) ;
#1741 = ORIENTED_EDGE ( 'NONE', *, *, #325, .T. ) ;
#1742 = CARTESIAN_POINT ( 'NONE',  ( 8.599999999999999600, 2.589999999999999400, -2.419999999999999900 ) ) ;
#1743 = EDGE_LOOP ( 'NONE', ( #485, #1039, #3047, #1403 ) ) ;
#1744 = CARTESIAN_POINT ( 'NONE',  ( -8.164734598447404700, 2.130090807410506900, -1.932555321405446900 ) ) ;
#1745 = CARTESIAN_POINT ( 'NONE',  ( -10.25000000000000000, 2.589999999999999400, 4.759999999999999800 ) ) ;
#1746 = EDGE_CURVE ( 'NONE', #88, #318, #310, .T. ) ;
#1747 = VECTOR ( 'NONE', #2146, 1000.000000000000000 ) ;
#1748 = DIRECTION ( 'NONE',  ( 0.0000000000000000000, 0.0000000000000000000, 1.000000000000000000 ) ) ;
#1749 = APPLICATION_CONTEXT ( 'automotive_design' ) ;
#1750 = CARTESIAN_POINT ( 'NONE',  ( 12.69999999999999900, 2.168404344971008900E-016, 2.039999999999997800 ) ) ;
#1751 = B_SPLINE_CURVE_WITH_KNOTS ( 'NONE', 3,
 ( #1148, #1134, #1475, #2017, #1744, #3454 ),
 .UNSPECIFIED., .F., .F.,
 ( 4, 2, 4 ),
 ( 0.0000000000000000000, 0.5000000000000000000, 1.000000000000000000 ),
 .UNSPECIFIED. ) ;
#1752 = FACE_OUTER_BOUND ( 'NONE', #2473, .T. ) ;
#1753 = VECTOR ( 'NONE', #1518, 1000.000000000000000 ) ;
#1754 = EDGE_CURVE ( 'NONE', #2361, #1949, #1386, .T. ) ;
#1755 = CARTESIAN_POINT ( 'NONE',  ( 7.780535705868807400, 1.935479446841742000, 1.469999999999999500 ) ) ;
#1756 = CIRCLE ( 'NONE', #1541, 0.3499999999999996400 ) ;
#1757 = LINE ( 'NONE', #16, #3281 ) ;
#1758 = ADVANCED_FACE ( 'NONE', ( #747 ), #2581, .T. ) ;
#1759 = VERTEX_POINT ( 'NONE', #1517 ) ;
#1760 = CARTESIAN_POINT ( 'NONE',  ( 2.550000000000001200, 2.839999999999999900, -1.869999999999998800 ) ) ;
#1761 = DIRECTION ( 'NONE',  ( 0.0000000000000000000, -0.0000000000000000000, -1.000000000000000000 ) ) ;
#1762 = DIRECTION ( 'NONE',  ( -0.1736481776669271100, 0.9848077530122086900, 0.0000000000000000000 ) ) ;
#1763 = ORIENTED_EDGE ( 'NONE', *, *, #2118, .F. ) ;
#1764 = DIRECTION ( 'NONE',  ( 0.0000000000000000000, 0.0000000000000000000, 1.000000000000000000 ) ) ;
#1765 = FACE_OUTER_BOUND ( 'NONE', #133, .T. ) ;
#1766 = CARTESIAN_POINT ( 'NONE',  ( -9.099999999999997900, 2.589999999999999400, -2.419999999999999900 ) ) ;
#1767 = EDGE_CURVE ( 'NONE', #1177, #2821, #1978, .T. ) ;
#1768 = DIRECTION ( 'NONE',  ( 1.000000000000000000, 0.0000000000000000000, 1.433655765270088800E-016 ) ) ;
#1769 = ORIENTED_EDGE ( 'NONE', *, *, #1400, .F. ) ;
#1770 = VECTOR ( 'NONE', #3691, 1000.000000000000000 ) ;
#1771 = ORIENTED_EDGE ( 'NONE', *, *, #2436, .T. ) ;
#1772 = AXIS2_PLACEMENT_3D ( 'NONE', #1742, #873, #3113 ) ;
#1773 = LINE ( 'NONE', #3233, #2151 ) ;
#1774 = DIRECTION ( 'NONE',  ( -0.0000000000000000000, -0.0000000000000000000, -1.000000000000000000 ) ) ;
#1775 = ORIENTED_EDGE ( 'NONE', *, *, #763, .T. ) ;
#1776 = DIRECTION ( 'NONE',  ( -0.0000000000000000000, -1.000000000000000000, -0.0000000000000000000 ) ) ;
#1777 = LINE ( 'NONE', #1136, #274 ) ;
#1778 = DIRECTION ( 'NONE',  ( 6.106226635438361000E-016, -3.431283035482124400E-015, -1.000000000000000000 ) ) ;
#1779 = EDGE_LOOP ( 'NONE', ( #580, #3566, #2022, #530 ) ) ;
#1780 = B_SPLINE_CURVE_WITH_KNOTS ( 'NONE', 1,
 ( #1373, #1954 ),
 .UNSPECIFIED., .F., .F.,
 ( 2, 2 ),
 ( 0.0000000000000000000, 1.000000000000000000 ),
 .UNSPECIFIED. ) ;
#1781 = EDGE_CURVE ( 'NONE', #1828, #3397, #612, .T. ) ;
#1782 = DIRECTION ( 'NONE',  ( -0.9848077530122080200, -0.1736481776669307200, 2.775557561562901200E-017 ) ) ;
#1783 = LINE ( 'NONE', #2120, #1685 ) ;
#1784 = ORIENTED_EDGE ( 'NONE', *, *, #1935, .F. ) ;
#1785 = CARTESIAN_POINT ( 'NONE',  ( 8.199668155050606100, 2.163970487284827100, -1.671778011766428000 ) ) ;
#1786 = CARTESIAN_POINT ( 'NONE',  ( -2.250000000000001300, 2.589999999999999400, -2.619999999999999200 ) ) ;
#1787 = EDGE_LOOP ( 'NONE', ( #1551, #3109, #2768, #3453 ) ) ;
#1788 = PLANE ( 'NONE',  #1697 ) ;
#1789 = ORIENTED_EDGE ( 'NONE', *, *, #3466, .F. ) ;
#1790 = VERTEX_POINT ( 'NONE', #998 ) ;
#1791 = DIRECTION ( 'NONE',  ( -0.0000000000000000000, -0.0000000000000000000, -1.000000000000000000 ) ) ;
#1792 = VERTEX_POINT ( 'NONE', #1545 ) ;
#1793 = CARTESIAN_POINT ( 'NONE',  ( 2.550000000000001200, 2.839999999999999900, -1.569999999999998700 ) ) ;
#1794 = CLOSED_SHELL ( 'NONE', ( #2813, #949, #3237, #2623, #929, #2368, #1407, #2212, #3217, #2062, #1427, #423, #1084, #683, #837, #2669, #3156, #2014, #1734, #50, #584, #409, #3686, #2332, #91, #663, #1347, #1831, #311, #2308, #389, #3529, #1952, #3088, #640, #3429, #1796, #3256, #2427, #3391, #3367, #990, #1547, #1758, #1218, #1366, #1275, #3578, #2695, #1238, #3063, #3197, #440, #2643, #1066, #854, #2967, #3472, #2554, #2711, #1466, #3121, #3511, #1164, #3176, #356, #2870, #1008, #1506, #2932, #1591, #1028, #3341, #2254, #205, #3495, #3307, #2850, #2534, #1296, #2912, #1199, #1976, #2135, #3543, #2117, #110, #3408, #2980, #2443, #700, #1700, #620, #564, #186, #17, #1717, #2093, #1814, #2948, #1871, #1565, #2045, #1606, #1527, #1146, #1995, #3559, #2350, #2893, #1917, #874, #529, #269, #372, #912, #2386, #2286, #70, #1256, #751, #815, #972, #1184, #2405, #287, #1853, #2076, #3452, #3610 ) ) ;
#1795 = PLANE ( 'NONE',  #1869 ) ;
#1796 = ADVANCED_FACE ( 'NONE', ( #1306 ), #3424, .F. ) ;
#1797 = FACE_OUTER_BOUND ( 'NONE', #1356, .T. ) ;
#1798 = CARTESIAN_POINT ( 'NONE',  ( 10.25000000000000000, 2.489999999999999800, -4.759999999999999800 ) ) ;
#1799 = AXIS2_PLACEMENT_3D ( 'NONE', #2653, #83, #387 ) ;
#1800 = PLANE ( 'NONE',  #1445 ) ;
#1801 = EDGE_CURVE ( 'NONE', #210, #39, #3021, .T. ) ;
#1802 = LINE ( 'NONE', #1013, #1159 ) ;
#1803 = ORIENTED_EDGE ( 'NONE', *, *, #3379, .F. ) ;
#1804 = DIRECTION ( 'NONE',  ( 0.0000000000000000000, 1.000000000000000000, 0.0000000000000000000 ) ) ;
#1805 = CARTESIAN_POINT ( 'NONE',  ( -5.280812410220494100, 2.731647422330035500, 1.932555321405446100 ) ) ;
#1806 = CARTESIAN_POINT ( 'NONE',  ( 3.893587865124414900, 0.5899999999999994100, -1.569999999999998500 ) ) ;
#1807 = VERTEX_POINT ( 'NONE', #90 ) ;
#1808 = DIRECTION ( 'NONE',  ( 1.000000000000000000, 0.0000000000000000000, 0.0000000000000000000 ) ) ;
#1809 = AXIS2_PLACEMENT_3D ( 'NONE', #833, #552, #1096 ) ;
#1810 = ORIENTED_EDGE ( 'NONE', *, *, #817, .T. ) ;
#1811 = DIRECTION ( 'NONE',  ( -0.9848077530122080200, 0.1736481776669307200, 7.023930430159218900E-017 ) ) ;
#1812 = DIRECTION ( 'NONE',  ( -0.1736481776669302800, 0.9848077530122081300, 0.0000000000000000000 ) ) ;
#1813 = VERTEX_POINT ( 'NONE', #116 ) ;
#1814 = ADVANCED_FACE ( 'NONE', ( #3523 ), #1826, .F. ) ;
#1815 = EDGE_CURVE ( 'NONE', #728, #2036, #481, .T. ) ;
#1816 = DIRECTION ( 'NONE',  ( -1.000000000000000000, -0.0000000000000000000, -8.031127203596334300E-017 ) ) ;
#1817 = ORIENTED_EDGE ( 'NONE', *, *, #3082, .F. ) ;
#1818 = CARTESIAN_POINT ( 'NONE',  ( -10.60000000000000000, 2.658580143037442100, 4.934882204459401400 ) ) ;
#1819 = PLANE ( 'NONE',  #235 ) ;
#1820 = VECTOR ( 'NONE', #643, 1000.000000000000000 ) ;
#1821 = ORIENTED_EDGE ( 'NONE', *, *, #3145, .T. ) ;
#1822 = AXIS2_PLACEMENT_3D ( 'NONE', #2765, #3616, #1413 ) ;
#1823 = EDGE_CURVE ( 'NONE', #2384, #500, #403, .T. ) ;
#1824 = CARTESIAN_POINT ( 'NONE',  ( -2.561054614904106700, 2.855814788476474400, -1.569999999999998700 ) ) ;
#1825 = ORIENTED_EDGE ( 'NONE', *, *, #2011, .T. ) ;
#1826 = PLANE ( 'NONE',  #567 ) ;
#1827 = EDGE_CURVE ( 'NONE', #1807, #3506, #1121, .T. ) ;
#1828 = VERTEX_POINT ( 'NONE', #1056 ) ;
#1829 = ORIENTED_EDGE ( 'NONE', *, *, #1345, .T. ) ;
#1830 = CARTESIAN_POINT ( 'NONE',  ( 8.260301154062441100, 1.850883853913514800, -1.582555321405446600 ) ) ;
#1831 = ADVANCED_FACE ( 'NONE', ( #256 ), #1933, .F. ) ;
#1832 = ORIENTED_EDGE ( 'NONE', *, *, #1548, .F. ) ;
#1833 = ORIENTED_EDGE ( 'NONE', *, *, #3181, .F. ) ;
#1834 = CARTESIAN_POINT ( 'NONE',  ( 7.860857594501004200, 2.391007513558879100, -1.932555321405446500 ) ) ;
#1835 = DIRECTION ( 'NONE',  ( 0.0000000000000000000, 1.000000000000000000, 0.0000000000000000000 ) ) ;
#1836 = ORIENTED_EDGE ( 'NONE', *, *, #2943, .T. ) ;
#1837 = ORIENTED_EDGE ( 'NONE', *, *, #2939, .F. ) ;
#1838 = LINE ( 'NONE', #3087, #982 ) ;
#1839 = VECTOR ( 'NONE', #1325, 1000.000000000000000 ) ;
#1840 = AXIS2_PLACEMENT_3D ( 'NONE', #437, #3607, #3573 ) ;
#1841 = CIRCLE ( 'NONE', #3595, 0.2999999999999999300 ) ;
#1842 = EDGE_CURVE ( 'NONE', #191, #3609, #3196, .T. ) ;
#1843 = LINE ( 'NONE', #1178, #741 ) ;
#1844 = CIRCLE ( 'NONE', #1470, 0.3499999999999999200 ) ;
#1845 = CARTESIAN_POINT ( 'NONE',  ( -10.25000000000000000, 2.489999999999999800, 4.759999999999999800 ) ) ;
#1846 = CYLINDRICAL_SURFACE ( 'NONE', #1270, 0.5000000000000001100 ) ;
#1847 = DIRECTION ( 'NONE',  ( 1.000000000000000000, 0.0000000000000000000, 0.0000000000000000000 ) ) ;
#1848 = CYLINDRICAL_SURFACE ( 'NONE', #3558, 0.2999999999999999300 ) ;
#1849 = DIRECTION ( 'NONE',  ( -5.285863820367591200E-016, -3.452139025575634900E-015, 1.000000000000000000 ) ) ;
#1850 = CARTESIAN_POINT ( 'NONE',  ( 2.550000000000001200, 2.589999999999999400, 1.569999999999998700 ) ) ;
#1851 = EDGE_CURVE ( 'NONE', #993, #1276, #361, .T. ) ;
#1852 = VERTEX_POINT ( 'NONE', #2759 ) ;
#1853 = ADVANCED_FACE ( 'NONE', ( #2621 ), #3127, .F. ) ;
#1854 = ORIENTED_EDGE ( 'NONE', *, *, #3689, .F. ) ;
#1855 = LINE ( 'NONE', #355, #3064 ) ;
#1856 = VERTEX_POINT ( 'NONE', #3646 ) ;
#1857 = COLOUR_RGB ( '',0.7921568627450980000, 0.8196078431372548800, 0.9333333333333333500 ) ;
#1858 = LINE ( 'NONE', #2589, #3433 ) ;
#1859 = AXIS2_PLACEMENT_3D ( 'NONE', #483, #1111, #2781 ) ;
#1860 = DIRECTION ( 'NONE',  ( 0.0000000000000000000, 0.0000000000000000000, 1.000000000000000000 ) ) ;
#1861 = ORIENTED_EDGE ( 'NONE', *, *, #2512, .F. ) ;
#1862 = DIRECTION ( 'NONE',  ( 0.0000000000000000000, 0.0000000000000000000, -1.000000000000000000 ) ) ;
#1863 = LINE ( 'NONE', #38, #3297 ) ;
#1864 = ORIENTED_EDGE ( 'NONE', *, *, #1360, .F. ) ;
#1865 = AXIS2_PLACEMENT_3D ( 'NONE', #2645, #2112, #373 ) ;
#1866 = VECTOR ( 'NONE', #2651, 1000.000000000000000 ) ;
#1867 = VECTOR ( 'NONE', #2229, 1000.000000000000000 ) ;
#1868 = ORIENTED_EDGE ( 'NONE', *, *, #11, .F. ) ;
#1869 = AXIS2_PLACEMENT_3D ( 'NONE', #3202, #3464, #3505 ) ;
#1870 = CYLINDRICAL_SURFACE ( 'NONE', #3230, 0.5000000000000000000 ) ;
#1871 = ADVANCED_FACE ( 'NONE', ( #3557 ), #231, .F. ) ;
#1872 = ORIENTED_EDGE ( 'NONE', *, *, #3421, .T. ) ;
#1873 = EDGE_CURVE ( 'NONE', #468, #2524, #3446, .T. ) ;
#1874 = EDGE_LOOP ( 'NONE', ( #3574, #3525, #2261, #2203 ) ) ;
#1875 = EDGE_CURVE ( 'NONE', #2729, #1253, #842, .T. ) ;
#1876 = DIRECTION ( 'NONE',  ( 0.0000000000000000000, 0.0000000000000000000, 1.000000000000000000 ) ) ;
#1877 = ORIENTED_EDGE ( 'NONE', *, *, #131, .T. ) ;
#1878 = ORIENTED_EDGE ( 'NONE', *, *, #51, .T. ) ;
#1879 = CARTESIAN_POINT ( 'NONE',  ( 12.69999999999999900, 0.2500000000000002200, 2.039999999999997800 ) ) ;
#1880 = EDGE_CURVE ( 'NONE', #1508, #898, #3358, .T. ) ;
#1881 = LINE ( 'NONE', #1981, #391 ) ;
#1882 = LINE ( 'NONE', #18, #1474 ) ;
#1883 = CARTESIAN_POINT ( 'NONE',  ( -8.152559529262081400, 2.225280923471200100, -1.932555321405446500 ) ) ;
#1884 = DIRECTION ( 'NONE',  ( 0.0000000000000000000, 0.0000000000000000000, 1.000000000000000000 ) ) ;
#1885 = VECTOR ( 'NONE', #431, 1000.000000000000000 ) ;
#1886 = ORIENTED_EDGE ( 'NONE', *, *, #1632, .F. ) ;
#1887 = DIRECTION ( 'NONE',  ( 0.0000000000000000000, 1.000000000000000000, 0.0000000000000000000 ) ) ;
#1888 = VECTOR ( 'NONE', #3004, 1000.000000000000000 ) ;
#1889 = ORIENTED_EDGE ( 'NONE', *, *, #1478, .T. ) ;
#1890 = DIRECTION ( 'NONE',  ( 0.0000000000000000000, 0.6940155268692114200, 0.7199600325465649300 ) ) ;
#1891 = EDGE_CURVE ( 'NONE', #1626, #1061, #657, .T. ) ;
#1892 = VERTEX_POINT ( 'NONE', #2694 ) ;
#1893 = LINE ( 'NONE', #1389, #2501 ) ;
#1894 = DIRECTION ( 'NONE',  ( 0.0000000000000000000, -0.0000000000000000000, 1.000000000000000000 ) ) ;
#1895 = ORIENTED_EDGE ( 'NONE', *, *, #3111, .F. ) ;
#1896 = LINE ( 'NONE', #1558, #1595 ) ;
#1897 = ORIENTED_EDGE ( 'NONE', *, *, #140, .F. ) ;
#1898 = LINE ( 'NONE', #3058, #370 ) ;
#1899 = PLANE ( 'NONE',  #2244 ) ;
#1900 = EDGE_LOOP ( 'NONE', ( #3036, #2925, #2971, #857, #2287, #49 ) ) ;
#1901 = CARTESIAN_POINT ( 'NONE',  ( 2.501111815307353500E-016, 2.839999999999999900, -4.759999999999999800 ) ) ;
#1902 = VECTOR ( 'NONE', #979, 1000.000000000000000 ) ;
#1903 = AXIS2_PLACEMENT_3D ( 'NONE', #3589, #3299, #1919 ) ;
#1904 = VERTEX_POINT ( 'NONE', #1766 ) ;
#1905 = AXIS2_PLACEMENT_3D ( 'NONE', #665, #2680, #974 ) ;
#1906 = FILL_AREA_STYLE_COLOUR ( '', #1110 ) ;
#1907 = EDGE_LOOP ( 'NONE', ( #3347, #3343, #1343, #2468 ) ) ;
#1908 = DIRECTION ( 'NONE',  ( 1.000000000000000000, 0.0000000000000000000, 0.0000000000000000000 ) ) ;
#1909 = EDGE_CURVE ( 'NONE', #2827, #2387, #1382, .T. ) ;
#1910 = ORIENTED_EDGE ( 'NONE', *, *, #1998, .F. ) ;
#1911 = DIRECTION ( 'NONE',  ( 5.273559366969493600E-016, -3.445160823289938900E-015, 1.000000000000000000 ) ) ;
#1912 = PLANE ( 'NONE',  #1234 ) ;
#1913 = ORIENTED_EDGE ( 'NONE', *, *, #2310, .T. ) ;
#1914 = ORIENTED_EDGE ( 'NONE', *, *, #258, .F. ) ;
#1915 = DIRECTION ( 'NONE',  ( -0.1736481776669307200, -0.9848077530122080200, 0.0000000000000000000 ) ) ;
#1916 = DIRECTION ( 'NONE',  ( -0.9848077530122080200, 0.1736481776669306900, -2.775557561562891400E-017 ) ) ;
#1917 = ADVANCED_FACE ( 'NONE', ( #520 ), #997, .T. ) ;
#1918 = ORIENTED_EDGE ( 'NONE', *, *, #1649, .F. ) ;
#1919 = DIRECTION ( 'NONE',  ( 0.0000000000000000000, 0.0000000000000000000, 1.000000000000000000 ) ) ;
#1920 = DIRECTION ( 'NONE',  ( -1.000000000000000000, 0.0000000000000000000, 1.433655765270088800E-016 ) ) ;
#1921 = AXIS2_PLACEMENT_3D ( 'NONE', #1557, #435, #1017 ) ;
#1922 = FACE_OUTER_BOUND ( 'NONE', #3188, .T. ) ;
#1923 = DIRECTION ( 'NONE',  ( 0.0000000000000000000, 0.0000000000000000000, 1.000000000000000000 ) ) ;
#1924 = LINE ( 'NONE', #57, #3320 ) ;
#1925 = EDGE_LOOP ( 'NONE', ( #2904, #2454, #1663, #826 ) ) ;
#1926 = DIRECTION ( 'NONE',  ( -6.117155513352461000E-016, -3.437481110144430000E-015, -1.000000000000000000 ) ) ;
#1927 = AXIS2_PLACEMENT_3D ( 'NONE', #2610, #307, #2299 ) ;
#1928 = EDGE_CURVE ( 'NONE', #1813, #2607, #2492, .T. ) ;
#1929 = LINE ( 'NONE', #1465, #2756 ) ;
#1930 = CARTESIAN_POINT ( 'NONE',  ( 8.152559529262083200, 2.225280923471198300, 1.932555321405445600 ) ) ;
#1931 = DIRECTION ( 'NONE',  ( 0.0000000000000000000, -0.0000000000000000000, -1.000000000000000000 ) ) ;
#1932 = ORIENTED_EDGE ( 'NONE', *, *, #3499, .F. ) ;
#1933 = CYLINDRICAL_SURFACE ( 'NONE', #2942, 0.4999999999999991700 ) ;
#1934 = AXIS2_PLACEMENT_3D ( 'NONE', #3487, #928, #2924 ) ;
#1935 = EDGE_CURVE ( 'NONE', #468, #2625, #3102, .T. ) ;
#1936 = ORIENTED_EDGE ( 'NONE', *, *, #1227, .T. ) ;
#1937 = PLANE ( 'NONE',  #1324 ) ;
#1938 = LINE ( 'NONE', #3229, #752 ) ;
#1939 = DIRECTION ( 'NONE',  ( 0.0000000000000000000, 0.0000000000000000000, 1.000000000000000000 ) ) ;
#1940 = ORIENTED_EDGE ( 'NONE', *, *, #2512, .T. ) ;
#1941 = DIRECTION ( 'NONE',  ( -0.1736481776669307200, 0.9848077530122080200, -6.123233995736764800E-017 ) ) ;
#1942 = EDGE_CURVE ( 'NONE', #1904, #1195, #157, .T. ) ;
#1943 = CIRCLE ( 'NONE', #3190, 0.3499999999999996400 ) ;
#1944 = VERTEX_POINT ( 'NONE', #1336 ) ;
#1945 = DIRECTION ( 'NONE',  ( 0.1736481776669003600, 0.9848077530122132400, 0.0000000000000000000 ) ) ;
#1946 = DIRECTION ( 'NONE',  ( 0.0000000000000000000, 1.000000000000000000, 0.0000000000000000000 ) ) ;
#1947 = EDGE_LOOP ( 'NONE', ( #1825, #2878, #280, #1914 ) ) ;
#1948 = CARTESIAN_POINT ( 'NONE',  ( 8.303713198479172800, 2.097085792166566900, -1.582555321405446400 ) ) ;
#1949 = VERTEX_POINT ( 'NONE', #758 ) ;
#1950 = EDGE_CURVE ( 'NONE', #2242, #1448, #2722, .T. ) ;
#1951 = ORIENTED_EDGE ( 'NONE', *, *, #635, .F. ) ;
#1952 = ADVANCED_FACE ( 'NONE', ( #65 ), #939, .F. ) ;
#1953 = CARTESIAN_POINT ( 'NONE',  ( 8.599999999999999600, 2.589999999999999400, -2.919999999999999900 ) ) ;
#1954 = CARTESIAN_POINT ( 'NONE',  ( -8.152559529262081400, 2.225280923471198300, -1.932555321405446700 ) ) ;
#1955 = ORIENTED_EDGE ( 'NONE', *, *, #2758, .T. ) ;
#1956 = DIRECTION ( 'NONE',  ( -0.0000000000000000000, 1.000000000000000000, -0.0000000000000000000 ) ) ;
#1957 = B_SPLINE_CURVE_WITH_KNOTS ( 'NONE', 3,
 ( #2136, #3251, #560, #2875 ),
 .UNSPECIFIED., .F., .F.,
 ( 4, 4 ),
 ( 0.0000000000000000000, 1.000000000000000000 ),
 .UNSPECIFIED. ) ;
#1958 = ORIENTED_EDGE ( 'NONE', *, *, #2394, .T. ) ;
#1959 = CARTESIAN_POINT ( 'NONE',  ( -10.60000000000000000, 0.2500000000000002200, -2.539999999999999600 ) ) ;
#1960 = ORIENTED_EDGE ( 'NONE', *, *, #701, .T. ) ;
#1961 = CARTESIAN_POINT ( 'NONE',  ( 5.280812410220492300, 2.731647422330035500, -1.932555321405446700 ) ) ;
#1962 = CARTESIAN_POINT ( 'NONE',  ( 9.945644454237019300, 1.909111672496501600, -1.582555321405446600 ) ) ;
#1963 = PLANE ( 'NONE',  #2964 ) ;
#1964 = LINE ( 'NONE', #2219, #975 ) ;
#1965 = VECTOR ( 'NONE', #2008, 999.9999999999998900 ) ;
#1966 = LINE ( 'NONE', #289, #2303 ) ;
#1967 = CARTESIAN_POINT ( 'NONE',  ( 0.0000000000000000000, 0.0000000000000000000, 0.0000000000000000000 ) ) ;
#1968 = VECTOR ( 'NONE', #2276, 1000.000000000000000 ) ;
#1969 = CARTESIAN_POINT ( 'NONE',  ( 8.152559529262083200, 2.225280923471198300, 1.932555321405445600 ) ) ;
#1970 = CARTESIAN_POINT ( 'NONE',  ( -5.263447592453800900, 2.633166647028813800, -1.582555321405445700 ) ) ;
#1971 = CIRCLE ( 'NONE', #1398, 0.2999999999999999300 ) ;
#1972 = EDGE_LOOP ( 'NONE', ( #917, #1771, #2233, #746, #3270, #3150 ) ) ;
#1973 = DIRECTION ( 'NONE',  ( -0.1736481776669316900, 0.9848077530122078000, 3.469446951953613400E-015 ) ) ;
#1974 = CARTESIAN_POINT ( 'NONE',  ( -5.300357436669265200, 2.842492775492899700, 1.932555321405445600 ) ) ;
#1975 = AXIS2_PLACEMENT_3D ( 'NONE', #2963, #984, #1265 ) ;
#1976 = ADVANCED_FACE ( 'NONE', ( #3373 ), #2714, .F. ) ;
#1977 = CARTESIAN_POINT ( 'NONE',  ( -2.250000000000001300, 2.839999999999999900, -2.619999999999999200 ) ) ;
#1978 = LINE ( 'NONE', #2629, #3647 ) ;
#1979 = CARTESIAN_POINT ( 'NONE',  ( 4.240884220458276800, 2.559615506024415200, 1.569999999999999000 ) ) ;
#1980 = VERTEX_POINT ( 'NONE', #2435 ) ;
#1981 = CARTESIAN_POINT ( 'NONE',  ( 2.250000000000001300, 2.589999999999999400, 2.619999999999999200 ) ) ;
#1982 = FACE_OUTER_BOUND ( 'NONE', #2415, .T. ) ;
#1983 = EDGE_CURVE ( 'NONE', #178, #1131, #3475, .T. ) ;
#1984 = ORIENTED_EDGE ( 'NONE', *, *, #3216, .T. ) ;
#1985 = FACE_OUTER_BOUND ( 'NONE', #3504, .T. ) ;
#1986 = ORIENTED_EDGE ( 'NONE', *, *, #2428, .F. ) ;
#1987 = UNCERTAINTY_MEASURE_WITH_UNIT (LENGTH_MEASURE( 1.000000000000000100E-005 ), #957, 'distance_accuracy_value', 'NONE');
#1988 = DIRECTION ( 'NONE',  ( 0.0000000000000000000, 0.0000000000000000000, -1.000000000000000000 ) ) ;
#1989 = ORIENTED_EDGE ( 'NONE', *, *, #317, .T. ) ;
#1990 = AXIS2_PLACEMENT_3D ( 'NONE', #2213, #1130, #820 ) ;
#1991 = CARTESIAN_POINT ( 'NONE',  ( -2.550000000000001200, 2.589999999999999400, -2.619999999999999200 ) ) ;
#1992 = VECTOR ( 'NONE', #1331, 1000.000000000000000 ) ;
#1993 = VECTOR ( 'NONE', #3390, 1000.000000000000000 ) ;
#1994 = ORIENTED_EDGE ( 'NONE', *, *, #209, .F. ) ;
#1995 = ADVANCED_FACE ( 'NONE', ( #3148 ), #2265, .T. ) ;
#1996 = CARTESIAN_POINT ( 'NONE',  ( -10.60000000000000000, 0.3500000000000000300, -2.540000000000000000 ) ) ;
#1997 = ORIENTED_EDGE ( 'NONE', *, *, #1935, .T. ) ;
#1998 = EDGE_CURVE ( 'NONE', #2655, #1257, #983, .T. ) ;
#1999 = CARTESIAN_POINT ( 'NONE',  ( -2.550000000000001200, 2.589999999999999400, 1.569999999999999000 ) ) ;
#2000 = DIRECTION ( 'NONE',  ( -0.1736481776669306900, -0.9848077530122080200, 3.491481338843133700E-015 ) ) ;
#2001 = ORIENTED_EDGE ( 'NONE', *, *, #723, .T. ) ;
#2002 = AXIS2_PLACEMENT_3D ( 'NONE', #1689, #2211, #211 ) ;
#2003 = DIRECTION ( 'NONE',  ( -1.000000000000000000, 0.0000000000000000000, -0.0000000000000000000 ) ) ;
#2004 = VERTEX_POINT ( 'NONE', #3629 ) ;
#2005 = CARTESIAN_POINT ( 'NONE',  ( -2.550000000000001200, 2.589999999999999400, -1.869999999999998800 ) ) ;
#2006 = EDGE_CURVE ( 'NONE', #2897, #2881, #888, .T. ) ;
#2007 = CARTESIAN_POINT ( 'NONE',  ( 10.60000000000000000, 0.2500000000000002200, 4.759999999999999800 ) ) ;
#2008 = DIRECTION ( 'NONE',  ( 0.0000000000000000000, 0.6940155268692114200, 0.7199600325465649300 ) ) ;
#2009 = CARTESIAN_POINT ( 'NONE',  ( -10.69999999999999900, 0.3500000000000000300, 2.540000000000000500 ) ) ;
#2010 = VERTEX_POINT ( 'NONE', #3349 ) ;
#2011 = EDGE_CURVE ( 'NONE', #2968, #555, #1662, .T. ) ;
#2012 = CARTESIAN_POINT ( 'NONE',  ( 8.275626783981875800, 2.102038184833801900, -1.608735260185361700 ) ) ;
#2013 = LINE ( 'NONE', #327, #2568 ) ;
#2014 = ADVANCED_FACE ( 'NONE', ( #3284 ), #2761, .F. ) ;
#2015 = VECTOR ( 'NONE', #681, 999.9999999999998900 ) ;
#2016 = VERTEX_POINT ( 'NONE', #1415 ) ;
#2017 = CARTESIAN_POINT ( 'NONE',  ( -8.177007647035434700, 2.035456360155072800, -1.894834737668881400 ) ) ;
#2018 = FACE_OUTER_BOUND ( 'NONE', #226, .T. ) ;
#2019 = ORIENTED_EDGE ( 'NONE', *, *, #1067, .F. ) ;
#2020 = CARTESIAN_POINT ( 'NONE',  ( 10.35000000000000000, 0.3499999999999998700, 4.759999999999999800 ) ) ;
#2021 = VECTOR ( 'NONE', #650, 1000.000000000000000 ) ;
#2022 = ORIENTED_EDGE ( 'NONE', *, *, #1118, .T. ) ;
#2023 = CARTESIAN_POINT ( 'NONE',  ( 2.561054614904106700, 2.855814788476474400, -1.569999999999998700 ) ) ;
#2024 = LINE ( 'NONE', #2931, #3329 ) ;
#2025 = AXIS2_PLACEMENT_3D ( 'NONE', #2863, #1727, #1171 ) ;
#2026 = EDGE_CURVE ( 'NONE', #876, #2764, #1484, .T. ) ;
#2027 = EDGE_LOOP ( 'NONE', ( #2919, #1650, #2489, #1648 ) ) ;
#2028 = CARTESIAN_POINT ( 'NONE',  ( -10.69999999999999900, 0.3500000000000000300, 2.540000000000000500 ) ) ;
#2029 = CARTESIAN_POINT ( 'NONE',  ( 2.250000000000001300, 2.839999999999999900, 1.869999999999998800 ) ) ;
#2030 = VECTOR ( 'NONE', #2826, 999.9999999999998900 ) ;
#2031 = ORIENTED_EDGE ( 'NONE', *, *, #1998, .T. ) ;
#2032 = EDGE_CURVE ( 'NONE', #39, #290, #1669, .T. ) ;
#2033 = LINE ( 'NONE', #3438, #1820 ) ;
#2034 = ORIENTED_EDGE ( 'NONE', *, *, #3311, .T. ) ;
#2035 = DIRECTION ( 'NONE',  ( 0.1736481776669307200, 0.9848077530122080200, 0.0000000000000000000 ) ) ;
#2036 = VERTEX_POINT ( 'NONE', #3362 ) ;
#2037 = CARTESIAN_POINT ( 'NONE',  ( -0.6145951490459098400, 6.501759339148346600, 1.932555321405435200 ) ) ;
#2038 = CARTESIAN_POINT ( 'NONE',  ( -8.599999999999999600, 2.589999999999999400, 2.419999999999999900 ) ) ;
#2039 = VERTEX_POINT ( 'NONE', #1970 ) ;
#2040 = CARTESIAN_POINT ( 'NONE',  ( 8.260301154062441100, 1.850883853913514800, -1.582555321405446600 ) ) ;
#2041 = ORIENTED_EDGE ( 'NONE', *, *, #1301, .T. ) ;
#2042 = CARTESIAN_POINT ( 'NONE',  ( -2.550000000000001200, 2.589999999999999400, 2.919999999999999000 ) ) ;
#2043 =( GEOMETRIC_REPRESENTATION_CONTEXT ( 3 ) GLOBAL_UNCERTAINTY_ASSIGNED_CONTEXT ( ( #1040 ) ) GLOBAL_UNIT_ASSIGNED_CONTEXT ( ( #2413, #429, #2995 ) ) REPRESENTATION_CONTEXT ( 'NONE', 'WORKASPACE' ) );
#2044 = ORIENTED_EDGE ( 'NONE', *, *, #3473, .F. ) ;
#2045 = ADVANCED_FACE ( 'NONE', ( #2018 ), #1703, .T. ) ;
#2046 = ORIENTED_EDGE ( 'NONE', *, *, #623, .F. ) ;
#2047 = DIRECTION ( 'NONE',  ( 0.1736481776669307200, -0.9848077530122080200, 0.0000000000000000000 ) ) ;
#2048 = AXIS2_PLACEMENT_3D ( 'NONE', #2500, #1376, #1920 ) ;
#2049 = CARTESIAN_POINT ( 'NONE',  ( -10.69999999999999900, 2.168404344971008900E-016, 4.759999999999999800 ) ) ;
#2050 = EDGE_CURVE ( 'NONE', #2524, #1315, #477, .T. ) ;
#2051 = VECTOR ( 'NONE', #1621, 1000.000000000000000 ) ;
#2052 = DIRECTION ( 'NONE',  ( -0.9848077530122080200, -0.1736481776669307800, -8.326672684688674100E-017 ) ) ;
#2053 = B_SPLINE_CURVE_WITH_KNOTS ( 'NONE', 1,
 ( #2358, #1830 ),
 .UNSPECIFIED., .F., .F.,
 ( 2, 2 ),
 ( 0.0000000000000000000, 1.000000000000000000 ),
 .UNSPECIFIED. ) ;
#2054 = CARTESIAN_POINT ( 'NONE',  ( 10.25000000000000000, 2.589999999999999400, 4.759999999999999800 ) ) ;
#2055 = VECTOR ( 'NONE', #1816, 1000.000000000000000 ) ;
#2056 = CARTESIAN_POINT ( 'NONE',  ( -8.152559529262079600, 2.225280923471197400, -1.682555321405446500 ) ) ;
#2057 = EDGE_CURVE ( 'NONE', #2590, #2816, #22, .T. ) ;
#2058 = DIRECTION ( 'NONE',  ( 0.0000000000000000000, -0.0000000000000000000, -1.000000000000000000 ) ) ;
#2059 = VERTEX_POINT ( 'NONE', #19 ) ;
#2060 = CARTESIAN_POINT ( 'NONE',  ( -10.25000000000000000, 2.589999999999999400, 4.759999999999999800 ) ) ;
#2061 = ORIENTED_EDGE ( 'NONE', *, *, #1950, .T. ) ;
#2062 = ADVANCED_FACE ( 'NONE', ( #2402 ), #2646, .T. ) ;
#2063 = EDGE_CURVE ( 'NONE', #1497, #442, #2578, .T. ) ;
#2064 = ORIENTED_EDGE ( 'NONE', *, *, #2848, .T. ) ;
#2065 = VECTOR ( 'NONE', #2521, 1000.000000000000000 ) ;
#2066 = CARTESIAN_POINT ( 'NONE',  ( 10.60000000000000000, -2.098215818258307900, -0.0002620950778301628400 ) ) ;
#2067 = ORIENTED_EDGE ( 'NONE', *, *, #258, .T. ) ;
#2068 = CARTESIAN_POINT ( 'NONE',  ( -3.893587865124414900, 0.5899999999999994100, 1.569999999999998700 ) ) ;
#2069 = ORIENTED_EDGE ( 'NONE', *, *, #1091, .F. ) ;
#2070 = CARTESIAN_POINT ( 'NONE',  ( 5.220035548037066600, 2.386964708775761500, 1.569999999999999000 ) ) ;
#2071 = ORIENTED_EDGE ( 'NONE', *, *, #2250, .F. ) ;
#2072 = EDGE_CURVE ( 'NONE', #2691, #1892, #1957, .T. ) ;
#2073 = CYLINDRICAL_SURFACE ( 'NONE', #1613, 0.3499999999999996400 ) ;
#2074 = ORIENTED_EDGE ( 'NONE', *, *, #1099, .T. ) ;
#2075 = CARTESIAN_POINT ( 'NONE',  ( -8.260301154062441100, 1.850883853913514800, 1.582555321405446000 ) ) ;
#2076 = ADVANCED_FACE ( 'NONE', ( #113 ), #2143, .T. ) ;
#2077 = ORIENTED_EDGE ( 'NONE', *, *, #2949, .T. ) ;
#2078 = CARTESIAN_POINT ( 'NONE',  ( 5.263447592453800900, 2.633166647028813800, -1.582555321405445700 ) ) ;
#2079 = EDGE_LOOP ( 'NONE', ( #3585, #2859, #1514, #2962 ) ) ;
#2080 = ORIENTED_EDGE ( 'NONE', *, *, #832, .T. ) ;
#2081 = DIRECTION ( 'NONE',  ( -1.000000000000000000, 0.0000000000000000000, -0.0000000000000000000 ) ) ;
#2082 = VERTEX_POINT ( 'NONE', #3184 ) ;
#2083 = AXIS2_PLACEMENT_3D ( 'NONE', #2804, #3096, #1437 ) ;
#2084 = STYLED_ITEM ( 'NONE', ( #1158 ), #523 ) ;
#2085 = DIRECTION ( 'NONE',  ( 0.0000000000000000000, 0.7199600325465649300, -0.6940155268692114200 ) ) ;
#2086 = DIRECTION ( 'NONE',  ( 0.0000000000000000000, 1.000000000000000000, 0.0000000000000000000 ) ) ;
#2087 = ORIENTED_EDGE ( 'NONE', *, *, #1239, .F. ) ;
#2088 = DIRECTION ( 'NONE',  ( -6.106226635438361000E-016, -3.431283035482124400E-015, -1.000000000000000000 ) ) ;
#2089 = FACE_OUTER_BOUND ( 'NONE', #1273, .T. ) ;
#2090 = DIRECTION ( 'NONE',  ( -0.0000000000000000000, -0.0000000000000000000, 1.000000000000000000 ) ) ;
#2091 = EDGE_CURVE ( 'NONE', #2593, #3580, #1971, .T. ) ;
#2092 = VERTEX_POINT ( 'NONE', #3704 ) ;
#2093 = ADVANCED_FACE ( 'NONE', ( #204 ), #1848, .F. ) ;
#2094 = CARTESIAN_POINT ( 'NONE',  ( -8.152559529262081400, 2.225280923471197900, 1.682555321405446100 ) ) ;
#2095 = CARTESIAN_POINT ( 'NONE',  ( -7.774033505667540000, 1.898603637052775900, 1.932555321405446700 ) ) ;
#2096 = FACE_OUTER_BOUND ( 'NONE', #692, .T. ) ;
#2097 = EDGE_CURVE ( 'NONE', #805, #722, #2674, .T. ) ;
#2098 = CARTESIAN_POINT ( 'NONE',  ( -10.60000000000000000, 2.168404344971008900E-016, 2.540000000000000000 ) ) ;
#2099 = CARTESIAN_POINT ( 'NONE',  ( 8.599999999999999600, 2.589999999999999400, 2.919999999999999000 ) ) ;
#2100 = VERTEX_POINT ( 'NONE', #2953 ) ;
#2101 = CARTESIAN_POINT ( 'NONE',  ( -5.220035548037066600, 2.386964708775761500, -1.569999999999999000 ) ) ;
#2102 = DIRECTION ( 'NONE',  ( 0.9848077530122080200, -0.1736481776669307200, 0.0000000000000000000 ) ) ;
#2103 = LINE ( 'NONE', #2365, #2021 ) ;
#2104 = ORIENTED_EDGE ( 'NONE', *, *, #1167, .T. ) ;
#2105 = CARTESIAN_POINT ( 'NONE',  ( 10.70000000000000100, 0.0000000000000000000, 2.540000000000000000 ) ) ;
#2106 = PLANE ( 'NONE',  #342 ) ;
#2107 = VECTOR ( 'NONE', #6, 1000.000000000000000 ) ;
#2108 = EDGE_LOOP ( 'NONE', ( #1821, #2780, #3005, #2167 ) ) ;
#2109 = DIRECTION ( 'NONE',  ( 0.7071067811865463500, 0.0000000000000000000, -0.7071067811865487900 ) ) ;
#2110 = FACE_OUTER_BOUND ( 'NONE', #2123, .T. ) ;
#2111 = EDGE_CURVE ( 'NONE', #1107, #2100, #1116, .T. ) ;
#2112 = DIRECTION ( 'NONE',  ( -0.0000000000000000000, -0.0000000000000000000, -1.000000000000000000 ) ) ;
#2113 = ORIENTED_EDGE ( 'NONE', *, *, #2630, .F. ) ;
#2114 = CARTESIAN_POINT ( 'NONE',  ( -5.300357436669263400, 2.842492775492898400, -1.682555321405446100 ) ) ;
#2115 = PLANE ( 'NONE',  #2733 ) ;
#2116 = EDGE_LOOP ( 'NONE', ( #848, #386, #703, #1043 ) ) ;
#2117 = ADVANCED_FACE ( 'NONE', ( #302 ), #2664, .F. ) ;
#2118 = EDGE_CURVE ( 'NONE', #2856, #453, #1757, .T. ) ;
#2119 = FACE_OUTER_BOUND ( 'NONE', #1414, .T. ) ;
#2120 = CARTESIAN_POINT ( 'NONE',  ( -10.25000000000000000, 2.839999999999999900, -4.759999999999999800 ) ) ;
#2121 = LINE ( 'NONE', #2852, #225 ) ;
#2122 = DIRECTION ( 'NONE',  ( -0.9848077530122080200, -0.1736481776669307200, -8.031127203596334300E-017 ) ) ;
#2123 = EDGE_LOOP ( 'NONE', ( #2522, #3356, #1213, #902 ) ) ;
#2124 = DIRECTION ( 'NONE',  ( 8.031127203596334300E-017, 0.0000000000000000000, -1.000000000000000000 ) ) ;
#2125 = EDGE_CURVE ( 'NONE', #505, #1759, #1929, .T. ) ;
#2126 = VERTEX_POINT ( 'NONE', #360 ) ;
#2127 = CARTESIAN_POINT ( 'NONE',  ( 2.250000000000001300, 2.589999999999999400, 2.619999999999999200 ) ) ;
#2128 = DIRECTION ( 'NONE',  ( 1.000000000000000000, -0.0000000000000000000, -0.0000000000000000000 ) ) ;
#2129 = ORIENTED_EDGE ( 'NONE', *, *, #717, .F. ) ;
#2130 = CARTESIAN_POINT ( 'NONE',  ( 2.250000000000001300, 2.589999999999999400, -2.619999999999999200 ) ) ;
#2131 = EDGE_LOOP ( 'NONE', ( #2031, #1076, #2778, #1187, #1143, #3431, #3588, #1034, #3029, #2403, #412, #3033, #843, #482 ) ) ;
#2132 = CARTESIAN_POINT ( 'NONE',  ( -2.561054614904106700, 2.855814788476474400, -1.569999999999998700 ) ) ;
#2133 = EDGE_CURVE ( 'NONE', #401, #1332, #1024, .T. ) ;
#2134 = VERTEX_POINT ( 'NONE', #1303 ) ;
#2135 = ADVANCED_FACE ( 'NONE', ( #1709 ), #865, .F. ) ;
#2136 = CARTESIAN_POINT ( 'NONE',  ( -8.303713198479172800, 2.097085792166566900, -1.582555321405446000 ) ) ;
#2137 = FACE_OUTER_BOUND ( 'NONE', #3614, .T. ) ;
#2138 = AXIS2_PLACEMENT_3D ( 'NONE', #3483, #2347, #1812 ) ;
#2139 = DIRECTION ( 'NONE',  ( 0.0000000000000000000, -1.000000000000000000, 0.0000000000000000000 ) ) ;
#2140 = LINE ( 'NONE', #2573, #3321 ) ;
#2141 = VECTOR ( 'NONE', #909, 1000.000000000000000 ) ;
#2142 = CARTESIAN_POINT ( 'NONE',  ( -8.316351626791643500, 2.094857296261328500, 1.469999999999999500 ) ) ;
#2143 = CYLINDRICAL_SURFACE ( 'NONE', #3440, 0.5000000000000001100 ) ;
#2144 = ORIENTED_EDGE ( 'NONE', *, *, #723, .F. ) ;
#2145 = EDGE_CURVE ( 'NONE', #3086, #1422, #1924, .T. ) ;
#2146 = DIRECTION ( 'NONE',  ( 0.0000000000000000000, 0.0000000000000000000, 1.000000000000000000 ) ) ;
#2147 = ORIENTED_EDGE ( 'NONE', *, *, #1453, .T. ) ;
#2148 = ORIENTED_EDGE ( 'NONE', *, *, #51, .F. ) ;
#2149 = VECTOR ( 'NONE', #3383, 1000.000000000000000 ) ;
#2150 = ORIENTED_EDGE ( 'NONE', *, *, #3171, .T. ) ;
#2151 = VECTOR ( 'NONE', #1835, 1000.000000000000000 ) ;
#2152 = ORIENTED_EDGE ( 'NONE', *, *, #554, .T. ) ;
#2153 = AXIS2_PLACEMENT_3D ( 'NONE', #179, #519, #1349 ) ;
#2154 = LINE ( 'NONE', #2882, #1133 ) ;
#2155 = ORIENTED_EDGE ( 'NONE', *, *, #1729, .T. ) ;
#2156 = CARTESIAN_POINT ( 'NONE',  ( 8.599999999999999600, 2.839999999999999900, 2.919999999999999000 ) ) ;
#2157 = CYLINDRICAL_SURFACE ( 'NONE', #1658, 0.3499999999999999200 ) ;
#2158 = LINE ( 'NONE', #1722, #540 ) ;
#2159 = LINE ( 'NONE', #298, #1045 ) ;
#2160 = ORIENTED_EDGE ( 'NONE', *, *, #2549, .T. ) ;
#2161 = CARTESIAN_POINT ( 'NONE',  ( -8.599999999999999600, 2.589999999999999400, 2.919999999999999900 ) ) ;
#2162 = ORIENTED_EDGE ( 'NONE', *, *, #2652, .F. ) ;
#2163 = CARTESIAN_POINT ( 'NONE',  ( 8.599999999999999600, 2.589999999999999400, 2.419999999999999900 ) ) ;
#2164 = CARTESIAN_POINT ( 'NONE',  ( -5.220035548037066600, 2.386964708775761500, 1.569999999999999000 ) ) ;
#2165 = ORIENTED_EDGE ( 'NONE', *, *, #3269, .T. ) ;
#2166 = CARTESIAN_POINT ( 'NONE',  ( -12.19999999999999800, 0.2500000000000002200, -2.539999999999999600 ) ) ;
#2167 = ORIENTED_EDGE ( 'NONE', *, *, #3409, .T. ) ;
#2168 = CARTESIAN_POINT ( 'NONE',  ( 8.272939582374910100, 1.848655358008276500, 1.469999999999999500 ) ) ;
#2169 = DIRECTION ( 'NONE',  ( 1.000000000000000000, 0.0000000000000000000, 0.0000000000000000000 ) ) ;
#2170 = ORIENTED_EDGE ( 'NONE', *, *, #2298, .F. ) ;
#2171 = EDGE_CURVE ( 'NONE', #2691, #2638, #2516, .T. ) ;
#2172 = LINE ( 'NONE', #441, #2834 ) ;
#2173 = CARTESIAN_POINT ( 'NONE',  ( 3.893587865124414900, 0.5899999999999994100, 1.569999999999999200 ) ) ;
#2174 = CARTESIAN_POINT ( 'NONE',  ( -2.250000000000001300, 2.589999999999999400, 2.619999999999999200 ) ) ;
#2175 = LINE ( 'NONE', #946, #2444 ) ;
#2176 = LINE ( 'NONE', #2657, #3137 ) ;
#2177 = LINE ( 'NONE', #1355, #652 ) ;
#2178 = EDGE_CURVE ( 'NONE', #3668, #3397, #1843, .T. ) ;
#2179 = LINE ( 'NONE', #242, #2263 ) ;
#2180 = DIRECTION ( 'NONE',  ( -0.1736481776669316900, 0.9848077530122078000, 3.469446951953613400E-015 ) ) ;
#2181 = CARTESIAN_POINT ( 'NONE',  ( 0.6145951490459098400, 6.501759339148346600, 1.932555321405435200 ) ) ;
#2182 = FACE_OUTER_BOUND ( 'NONE', #714, .T. ) ;
#2183 = EDGE_CURVE ( 'NONE', #1061, #2082, #2356, .T. ) ;
#2184 = ORIENTED_EDGE ( 'NONE', *, *, #2679, .F. ) ;
#2185 = CIRCLE ( 'NONE', #1307, 0.09999999999999939500 ) ;
#2186 = ORIENTED_EDGE ( 'NONE', *, *, #1625, .T. ) ;
#2187 = DIRECTION ( 'NONE',  ( 0.0000000000000000000, -0.6940155268692114200, 0.7199600325465649300 ) ) ;
#2188 = DIRECTION ( 'NONE',  ( 1.000000000000000000, 0.0000000000000000000, 0.0000000000000000000 ) ) ;
#2189 = LINE ( 'NONE', #2241, #1535 ) ;
#2190 = CARTESIAN_POINT ( 'NONE',  ( 3.893587865124414900, 2.589999999999999400, 4.759999999999999800 ) ) ;
#2191 = ORIENTED_EDGE ( 'NONE', *, *, #1842, .T. ) ;
#2192 = CARTESIAN_POINT ( 'NONE',  ( -10.35000000000000000, 0.3499999999999998700, 4.759999999999999800 ) ) ;
#2193 = CARTESIAN_POINT ( 'NONE',  ( -4.240884220458276800, 2.559615506024415200, -1.569999999999999000 ) ) ;
#2194 = ORIENTED_EDGE ( 'NONE', *, *, #3503, .T. ) ;
#2195 = FACE_OUTER_BOUND ( 'NONE', #172, .T. ) ;
#2196 = DIRECTION ( 'NONE',  ( 0.0000000000000000000, 1.000000000000000000, 0.0000000000000000000 ) ) ;
#2197 = ORIENTED_EDGE ( 'NONE', *, *, #2145, .F. ) ;
#2198 = AXIS2_PLACEMENT_3D ( 'NONE', #297, #1761, #592 ) ;
#2199 = CARTESIAN_POINT ( 'NONE',  ( 5.300357436669264300, 2.842492775492899200, 1.682555321405444900 ) ) ;
#2200 = DIRECTION ( 'NONE',  ( 0.0000000000000000000, -0.6940155268692114200, 0.7199600325465649300 ) ) ;
#2201 = ORIENTED_EDGE ( 'NONE', *, *, #1529, .T. ) ;
#2202 = EDGE_CURVE ( 'NONE', #2856, #3445, #651, .T. ) ;
#2203 = ORIENTED_EDGE ( 'NONE', *, *, #1680, .T. ) ;
#2204 = ORIENTED_EDGE ( 'NONE', *, *, #3626, .F. ) ;
#2205 = DIRECTION ( 'NONE',  ( -1.000000000000000000, 0.0000000000000000000, 0.0000000000000000000 ) ) ;
#2206 = PLANE ( 'NONE',  #2861 ) ;
#2207 = ORIENTED_EDGE ( 'NONE', *, *, #2715, .T. ) ;
#2208 = CARTESIAN_POINT ( 'NONE',  ( -2.250000000000001300, 2.839999999999999900, -1.869999999999998800 ) ) ;
#2209 = AXIS2_PLACEMENT_3D ( 'NONE', #60, #345, #1247 ) ;
#2210 = CIRCLE ( 'NONE', #2459, 0.4999999999999993300 ) ;
#2211 = DIRECTION ( 'NONE',  ( -0.0000000000000000000, -0.0000000000000000000, -1.000000000000000000 ) ) ;
#2212 = ADVANCED_FACE ( 'NONE', ( #1524 ), #2654, .T. ) ;
#2213 = CARTESIAN_POINT ( 'NONE',  ( 0.6145951490459096200, 6.501759339148345700, 1.682555321405435400 ) ) ;
#2214 = VECTOR ( 'NONE', #2844, 1000.000000000000000 ) ;
#2215 = CARTESIAN_POINT ( 'NONE',  ( -7.860857594501004200, 2.391007513558879100, -1.932555321405446500 ) ) ;
#2216 = AXIS2_PLACEMENT_3D ( 'NONE', #2771, #1665, #2763 ) ;
#2217 = ORIENTED_EDGE ( 'NONE', *, *, #3698, .F. ) ;
#2218 = DIRECTION ( 'NONE',  ( -1.000000000000000000, 0.0000000000000000000, 0.0000000000000000000 ) ) ;
#2219 = CARTESIAN_POINT ( 'NONE',  ( -2.250000000000001300, 2.589999999999999400, -1.869999999999998800 ) ) ;
#2220 = ORIENTED_EDGE ( 'NONE', *, *, #347, .F. ) ;
#2221 = CARTESIAN_POINT ( 'NONE',  ( -10.60000000000000000, -2.098215818258307900, -0.0002620950778301628400 ) ) ;
#2222 = EDGE_CURVE ( 'NONE', #2897, #2729, #3235, .T. ) ;
#2223 = ORIENTED_EDGE ( 'NONE', *, *, #2420, .F. ) ;
#2224 = CARTESIAN_POINT ( 'NONE',  ( 10.25000000000000000, 2.839999999999999900, -4.759999999999999800 ) ) ;
#2225 = VERTEX_POINT ( 'NONE', #1290 ) ;
#2226 = EDGE_CURVE ( 'NONE', #1448, #3025, #2176, .T. ) ;
#2227 = LINE ( 'NONE', #2264, #991 ) ;
#2228 = ORIENTED_EDGE ( 'NONE', *, *, #452, .T. ) ;
#2229 = DIRECTION ( 'NONE',  ( 0.1736481776669307200, 0.9848077530122080200, -6.123233995736764800E-017 ) ) ;
#2230 = DIRECTION ( 'NONE',  ( 0.9848077530122080200, 0.1736481776669307200, 1.848892746611746400E-032 ) ) ;
#2231 = VECTOR ( 'NONE', #2122, 1000.000000000000000 ) ;
#2232 = FACE_OUTER_BOUND ( 'NONE', #32, .T. ) ;
#2233 = ORIENTED_EDGE ( 'NONE', *, *, #173, .F. ) ;
#2234 = CARTESIAN_POINT ( 'NONE',  ( 10.69999999999999900, 0.3500000000000001400, 4.759999999999999800 ) ) ;
#2235 = CARTESIAN_POINT ( 'NONE',  ( 8.260301154062441100, 1.850883853913514800, 1.582555321405446000 ) ) ;
#2236 = LINE ( 'NONE', #1085, #3392 ) ;
#2237 = ORIENTED_EDGE ( 'NONE', *, *, #2448, .F. ) ;
#2238 = EDGE_CURVE ( 'NONE', #722, #1626, #3364, .T. ) ;
#2239 = DIRECTION ( 'NONE',  ( -1.000000000000000000, 0.0000000000000000000, 0.0000000000000000000 ) ) ;
#2240 = FACE_OUTER_BOUND ( 'NONE', #2341, .T. ) ;
#2241 = CARTESIAN_POINT ( 'NONE',  ( 2.604466659320838800, 3.102016726729526700, -1.569999999999998700 ) ) ;
#2242 = VERTEX_POINT ( 'NONE', #1492 ) ;
#2243 = CARTESIAN_POINT ( 'NONE',  ( -10.69999999999999900, 0.2500000000000001700, -2.539999999999999600 ) ) ;
#2244 = AXIS2_PLACEMENT_3D ( 'NONE', #1018, #1631, #3003 ) ;
#2245 = CARTESIAN_POINT ( 'NONE',  ( 2.250000000000001300, 2.589999999999999400, -2.619999999999999200 ) ) ;
#2246 = ORIENTED_EDGE ( 'NONE', *, *, #3123, .T. ) ;
#2247 = FILL_AREA_STYLE_COLOUR ( '', #1857 ) ;
#2248 = B_SPLINE_CURVE_WITH_KNOTS ( 'NONE', 3,
 ( #291, #2012, #3405, #1785, #2877, #1455 ),
 .UNSPECIFIED., .F., .F.,
 ( 4, 2, 4 ),
 ( 0.0000000000000000000, 0.5000000000000000000, 1.000000000000000000 ),
 .UNSPECIFIED. ) ;
#2249 = ORIENTED_EDGE ( 'NONE', *, *, #2848, .F. ) ;
#2250 = EDGE_CURVE ( 'NONE', #1131, #2092, #2013, .T. ) ;
#2251 = ORIENTED_EDGE ( 'NONE', *, *, #40, .F. ) ;
#2252 = PLANE ( 'NONE',  #879 ) ;
#2253 = CARTESIAN_POINT ( 'NONE',  ( 8.272939582374910100, 1.848655358008276500, -1.469999999999999500 ) ) ;
#2254 = ADVANCED_FACE ( 'NONE', ( #834 ), #377, .T. ) ;
#2255 = ORIENTED_EDGE ( 'NONE', *, *, #1141, .T. ) ;
#2256 = DIRECTION ( 'NONE',  ( 0.1736481776669302800, -0.9848077530122081300, 0.0000000000000000000 ) ) ;
#2257 = CYLINDRICAL_SURFACE ( 'NONE', #2339, 0.2999999999999999300 ) ;
#2258 = DIRECTION ( 'NONE',  ( 0.0000000000000000000, 1.000000000000000000, 0.0000000000000000000 ) ) ;
#2259 = VECTOR ( 'NONE', #2139, 1000.000000000000000 ) ;
#2260 = CARTESIAN_POINT ( 'NONE',  ( -2.250000000000001300, 2.839999999999999900, -2.619999999999999200 ) ) ;
#2261 = ORIENTED_EDGE ( 'NONE', *, *, #3050, .T. ) ;
#2262 = DIRECTION ( 'NONE',  ( -0.1736481776669302800, -0.9848077530122081300, 0.0000000000000000000 ) ) ;
#2263 = VECTOR ( 'NONE', #1387, 1000.000000000000000 ) ;
#2264 = CARTESIAN_POINT ( 'NONE',  ( -8.599999999999999600, 2.839999999999999900, -2.919999999999999900 ) ) ;
#2265 = CYLINDRICAL_SURFACE ( 'NONE', #1208, 0.5000000000000002200 ) ;
#2266 = AXIS2_PLACEMENT_3D ( 'NONE', #2438, #1894, #2479 ) ;
#2267 = VERTEX_POINT ( 'NONE', #353 ) ;
#2268 = DIRECTION ( 'NONE',  ( 1.000000000000000000, 0.0000000000000000000, 0.0000000000000000000 ) ) ;
#2269 = CARTESIAN_POINT ( 'NONE',  ( -5.230898165602492400, 2.448569674288015600, 1.682555321405446100 ) ) ;
#2270 = CARTESIAN_POINT ( 'NONE',  ( -5.220035548037066600, 2.386964708775761500, 1.582555321405445700 ) ) ;
#2271 = EDGE_LOOP ( 'NONE', ( #941, #1997, #2363, #1932 ) ) ;
#2272 = CARTESIAN_POINT ( 'NONE',  ( -5.280812410220493200, 2.731647422330034700, -1.582555321405446200 ) ) ;
#2273 = VECTOR ( 'NONE', #1568, 1000.000000000000000 ) ;
#2274 = ORIENTED_EDGE ( 'NONE', *, *, #383, .F. ) ;
#2275 = LINE ( 'NONE', #743, #716 ) ;
#2276 = DIRECTION ( 'NONE',  ( 0.0000000000000000000, 0.0000000000000000000, -1.000000000000000000 ) ) ;
#2277 = PLANE ( 'NONE',  #455 ) ;
#2278 = EDGE_LOOP ( 'NONE', ( #2186, #2251, #3124, #2150 ) ) ;
#2279 = CARTESIAN_POINT ( 'NONE',  ( -2.250000000000001300, 2.589999999999999400, -2.619999999999999200 ) ) ;
#2280 = ORIENTED_EDGE ( 'NONE', *, *, #2420, .T. ) ;
#2281 = ORIENTED_EDGE ( 'NONE', *, *, #2111, .F. ) ;
#2282 = DIRECTION ( 'NONE',  ( -0.1736481776669307200, 0.9848077530122080200, 0.0000000000000000000 ) ) ;
#2283 = VERTEX_POINT ( 'NONE', #3175 ) ;
#2284 = EDGE_CURVE ( 'NONE', #283, #684, #193, .T. ) ;
#2285 = DIRECTION ( 'NONE',  ( -0.0000000000000000000, 1.000000000000000000, -0.0000000000000000000 ) ) ;
#2286 = ADVANCED_FACE ( 'NONE', ( #969 ), #1486, .F. ) ;
#2287 = ORIENTED_EDGE ( 'NONE', *, *, #111, .T. ) ;
#2288 = DIRECTION ( 'NONE',  ( 0.0000000000000000000, 0.0000000000000000000, 1.000000000000000000 ) ) ;
#2289 = AXIS2_PLACEMENT_3D ( 'NONE', #1850, #2124, #3593 ) ;
#2290 = CARTESIAN_POINT ( 'NONE',  ( -5.280812410220491400, 2.731647422330035100, 1.582555321405446000 ) ) ;
#2291 = EDGE_CURVE ( 'NONE', #442, #3218, #3172, .T. ) ;
#2292 = ORIENTED_EDGE ( 'NONE', *, *, #3050, .F. ) ;
#2293 = DIRECTION ( 'NONE',  ( 1.000000000000000000, 0.0000000000000000000, 0.0000000000000000000 ) ) ;
#2294 = DIRECTION ( 'NONE',  ( -0.0000000000000000000, 0.0000000000000000000, 1.000000000000000000 ) ) ;
#2295 = ORIENTED_EDGE ( 'NONE', *, *, #1289, .T. ) ;
#2296 = CARTESIAN_POINT ( 'NONE',  ( -10.69999999999999900, 2.168404344971008900E-016, -2.539999999999999600 ) ) ;
#2297 = ORIENTED_EDGE ( 'NONE', *, *, #2679, .T. ) ;
#2298 = EDGE_CURVE ( 'NONE', #3500, #2225, #2872, .T. ) ;
#2299 = DIRECTION ( 'NONE',  ( -1.000000000000000000, 0.0000000000000000000, 1.433655765270088800E-016 ) ) ;
#2300 = DIRECTION ( 'NONE',  ( -0.0000000000000000000, -0.0000000000000000000, -1.000000000000000000 ) ) ;
#2301 = LINE ( 'NONE', #3623, #1473 ) ;
#2302 = FACE_OUTER_BOUND ( 'NONE', #3041, .T. ) ;
#2303 = VECTOR ( 'NONE', #1179, 1000.000000000000000 ) ;
#2304 = CARTESIAN_POINT ( 'NONE',  ( 2.550000000000001200, 2.589999999999999400, 2.919999999999999000 ) ) ;
#2305 = DIRECTION ( 'NONE',  ( 1.000000000000000000, 0.0000000000000000000, 0.0000000000000000000 ) ) ;
#2306 = LINE ( 'NONE', #2862, #2141 ) ;
#2307 = DIRECTION ( 'NONE',  ( -1.000000000000000000, 0.0000000000000000000, 0.0000000000000000000 ) ) ;
#2308 = ADVANCED_FACE ( 'NONE', ( #760 ), #616, .F. ) ;
#2309 = EDGE_LOOP ( 'NONE', ( #586, #853, #1204, #1006 ) ) ;
#2310 = EDGE_CURVE ( 'NONE', #3580, #1856, #1498, .T. ) ;
#2311 = CARTESIAN_POINT ( 'NONE',  ( 10.35000000000000000, 2.489999999999999800, -4.759999999999999800 ) ) ;
#2312 = CARTESIAN_POINT ( 'NONE',  ( 2.250000000000001300, 2.839999999999999900, -1.869999999999998800 ) ) ;
#2313 = EDGE_LOOP ( 'NONE', ( #1053, #970, #680, #2044 ) ) ;
#2314 = DIRECTION ( 'NONE',  ( 6.212555477917150200E-016, -3.491585118607219200E-015, -1.000000000000000000 ) ) ;
#2315 = CARTESIAN_POINT ( 'NONE',  ( -8.249411829663543500, 2.117604155590156400, 1.634753987281774200 ) ) ;
#2316 = FACE_OUTER_BOUND ( 'NONE', #3471, .T. ) ;
#2317 = EDGE_CURVE ( 'NONE', #1892, #2821, #3484, .T. ) ;
#2318 = ORIENTED_EDGE ( 'NONE', *, *, #893, .T. ) ;
#2319 = CARTESIAN_POINT ( 'NONE',  ( -8.599999999999999600, 2.839999999999999900, 2.419999999999999900 ) ) ;
#2320 = CARTESIAN_POINT ( 'NONE',  ( -5.230898165602491500, 2.448569674288014800, -1.682555321405447400 ) ) ;
#2321 = PRESENTATION_STYLE_ASSIGNMENT (( #319 ) ) ;
#2322 = LINE ( 'NONE', #1322, #2030 ) ;
#2323 = EDGE_LOOP ( 'NONE', ( #2424, #2349, #3579, #1861 ) ) ;
#2324 = EDGE_CURVE ( 'NONE', #672, #2625, #2103, .T. ) ;
#2325 = CARTESIAN_POINT ( 'NONE',  ( -8.272939582374910100, 1.848655358008276500, -1.469999999999999500 ) ) ;
#2326 = VECTOR ( 'NONE', #1811, 1000.000000000000000 ) ;
#2327 = ORIENTED_EDGE ( 'NONE', *, *, #1781, .F. ) ;
#2328 = PLANE ( 'NONE',  #2961 ) ;
#2329 = LINE ( 'NONE', #2495, #1867 ) ;
#2330 = PLANE ( 'NONE',  #1799 ) ;
#2331 = ORIENTED_EDGE ( 'NONE', *, *, #2823, .T. ) ;
#2332 = ADVANCED_FACE ( 'NONE', ( #2182 ), #2635, .F. ) ;
#2333 = CARTESIAN_POINT ( 'NONE',  ( 3.893587865124414900, 2.839999999999999900, -1.569999999999998300 ) ) ;
#2334 = LINE ( 'NONE', #227, #2914 ) ;
#2335 = PLANE ( 'NONE',  #3330 ) ;
#2336 = EDGE_LOOP ( 'NONE', ( #3541, #1730, #542, #2034 ) ) ;
#2337 = ORIENTED_EDGE ( 'NONE', *, *, #3379, .T. ) ;
#2338 = CARTESIAN_POINT ( 'NONE',  ( 8.599999999999999600, 2.589999999999999400, 2.919999999999999900 ) ) ;
#2339 = AXIS2_PLACEMENT_3D ( 'NONE', #829, #1127, #2546 ) ;
#2340 = DIRECTION ( 'NONE',  ( 0.0000000000000000000, 0.0000000000000000000, -1.000000000000000000 ) ) ;
#2341 = EDGE_LOOP ( 'NONE', ( #2418, #1769, #1394, #159 ) ) ;
#2342 = DIRECTION ( 'NONE',  ( 0.0000000000000000000, 0.0000000000000000000, -1.000000000000000000 ) ) ;
#2343 = ORIENTED_EDGE ( 'NONE', *, *, #2183, .F. ) ;
#2344 = DIRECTION ( 'NONE',  ( 0.9848077530122081300, -0.1736481776669307500, -1.848892746611747000E-032 ) ) ;
#2345 = DIRECTION ( 'NONE',  ( 1.000000000000000000, 0.0000000000000000000, 0.0000000000000000000 ) ) ;
#2346 = AXIS2_PLACEMENT_3D ( 'NONE', #3277, #2389, #103 ) ;
#2347 = DIRECTION ( 'NONE',  ( -0.9848077530122081300, -0.1736481776669307500, -1.848892746611747000E-032 ) ) ;
#2348 = EDGE_CURVE ( 'NONE', #2036, #3547, #108, .T. ) ;
#2349 = ORIENTED_EDGE ( 'NONE', *, *, #1746, .F. ) ;
#2350 = ADVANCED_FACE ( 'NONE', ( #1070 ), #1795, .F. ) ;
#2351 = PRODUCT_DEFINITION_CONTEXT ( 'detailed design', #1749, 'design' ) ;
#2352 = CARTESIAN_POINT ( 'NONE',  ( -8.152559529262081400, 2.225280923471197900, 1.682555321405446100 ) ) ;
#2353 = VECTOR ( 'NONE', #398, 1000.000000000000000 ) ;
#2354 = EDGE_CURVE ( 'NONE', #2593, #2880, #776, .T. ) ;
#2355 = LINE ( 'NONE', #1327, #3319 ) ;
#2356 = LINE ( 'NONE', #1123, #2937 ) ;
#2357 = EDGE_LOOP ( 'NONE', ( #2297, #2498, #71, #278 ) ) ;
#2358 = CARTESIAN_POINT ( 'NONE',  ( 8.303713198479172800, 2.097085792166566900, -1.582555321405446000 ) ) ;
#2359 = DIRECTION ( 'NONE',  ( 1.000000000000000000, -0.0000000000000000000, 1.433655765270088800E-016 ) ) ;
#2360 = DIRECTION ( 'NONE',  ( 0.0000000000000000000, 0.0000000000000000000, 1.000000000000000000 ) ) ;
#2361 = VERTEX_POINT ( 'NONE', #341 ) ;
#2362 = CARTESIAN_POINT ( 'NONE',  ( -8.303713198479171000, 2.097085792166566900, 1.582555321405446200 ) ) ;
#2363 = ORIENTED_EDGE ( 'NONE', *, *, #2324, .F. ) ;
#2364 = DIRECTION ( 'NONE',  ( 5.273559366969493600E-016, -3.445160823289938900E-015, 1.000000000000000000 ) ) ;
#2365 = CARTESIAN_POINT ( 'NONE',  ( 5.230898165602492400, 2.448569674288015600, 1.682555321405446100 ) ) ;
#2366 = EDGE_LOOP ( 'NONE', ( #272, #509, #2378, #1955, #2997, #502, #1836, #904, #578, #3248, #2191, #2503, #774, #30 ) ) ;
#2367 = CARTESIAN_POINT ( 'NONE',  ( -0.09320688913970780200, 3.544819579780200200, 4.759999999999999800 ) ) ;
#2368 = ADVANCED_FACE ( 'NONE', ( #3461 ), #1819, .F. ) ;
#2369 = LINE ( 'NONE', #149, #3028 ) ;
#2370 = CARTESIAN_POINT ( 'NONE',  ( 10.69999999999999900, 0.2500000000000002200, 4.759999999999999800 ) ) ;
#2371 = ORIENTED_EDGE ( 'NONE', *, *, #1875, .F. ) ;
#2372 = DIRECTION ( 'NONE',  ( 0.0000000000000000000, -0.0000000000000000000, 1.000000000000000000 ) ) ;
#2373 = LINE ( 'NONE', #2920, #323 ) ;
#2374 = ORIENTED_EDGE ( 'NONE', *, *, #2658, .T. ) ;
#2375 = EDGE_CURVE ( 'NONE', #1177, #3522, #1458, .T. ) ;
#2376 = CARTESIAN_POINT ( 'NONE',  ( 8.152559529262081400, 2.225280923471196100, -1.765888654738780000 ) ) ;
#2377 = LINE ( 'NONE', #112, #1992 ) ;
#2378 = ORIENTED_EDGE ( 'NONE', *, *, #1649, .T. ) ;
#2379 = CARTESIAN_POINT ( 'NONE',  ( -12.69999999999999900, 2.168404344971008900E-016, 2.039999999999997800 ) ) ;
#2380 = DIRECTION ( 'NONE',  ( 0.1736481776669316100, -0.9848077530122078000, -3.469446951953611800E-015 ) ) ;
#2381 = ORIENTED_EDGE ( 'NONE', *, *, #3030, .T. ) ;
#2382 = CARTESIAN_POINT ( 'NONE',  ( -10.69999999999999900, 0.3500000000000001400, 4.759999999999999800 ) ) ;
#2383 = CARTESIAN_POINT ( 'NONE',  ( 7.780535705868807400, 1.935479446841742000, -1.469999999999999500 ) ) ;
#2384 = VERTEX_POINT ( 'NONE', #682 ) ;
#2385 = CARTESIAN_POINT ( 'NONE',  ( 2.550000000000001200, 2.589999999999999400, -2.919999999999999000 ) ) ;
#2386 = ADVANCED_FACE ( 'NONE', ( #1060 ), #792, .T. ) ;
#2387 = VERTEX_POINT ( 'NONE', #2666 ) ;
#2388 = CARTESIAN_POINT ( 'NONE',  ( 3.893587865124414900, 2.589999999999999400, -1.569999999999998700 ) ) ;
#2389 = DIRECTION ( 'NONE',  ( 1.000000000000000000, 0.0000000000000000000, -0.0000000000000000000 ) ) ;
#2390 = VERTEX_POINT ( 'NONE', #961 ) ;
#2391 = AXIS2_PLACEMENT_3D ( 'NONE', #566, #366, #3482 ) ;
#2392 = DIRECTION ( 'NONE',  ( 0.0000000000000000000, 1.000000000000000000, 0.0000000000000000000 ) ) ;
#2393 = DIRECTION ( 'NONE',  ( 6.117155513352461000E-016, -3.437481110144430000E-015, -1.000000000000000000 ) ) ;
#2394 = EDGE_CURVE ( 'NONE', #2390, #555, #2404, .T. ) ;
#2395 = EDGE_LOOP ( 'NONE', ( #2525, #3136, #3620, #475 ) ) ;
#2396 = VECTOR ( 'NONE', #463, 1000.000000000000000 ) ;
#2397 = CARTESIAN_POINT ( 'NONE',  ( -5.280812410220493200, 2.731647422330035500, -1.682555321405446100 ) ) ;
#2398 = CARTESIAN_POINT ( 'NONE',  ( -8.176130081391354700, 2.194506847150331700, -1.682555321405446500 ) ) ;
#2399 = LINE ( 'NONE', #2066, #2015 ) ;
#2400 = FACE_OUTER_BOUND ( 'NONE', #2313, .T. ) ;
#2401 = PLANE ( 'NONE',  #807 ) ;
#2402 = FACE_OUTER_BOUND ( 'NONE', #1464, .T. ) ;
#2403 = ORIENTED_EDGE ( 'NONE', *, *, #2949, .F. ) ;
#2404 = LINE ( 'NONE', #3227, #200 ) ;
#2405 = ADVANCED_FACE ( 'NONE', ( #2496 ), #2115, .T. ) ;
#2406 = ORIENTED_EDGE ( 'NONE', *, *, #893, .F. ) ;
#2407 = CARTESIAN_POINT ( 'NONE',  ( -5.280812410220492300, 2.731647422330035500, -1.932555321405446700 ) ) ;
#2408 = DIRECTION ( 'NONE',  ( 0.0000000000000000000, 1.000000000000000000, 0.0000000000000000000 ) ) ;
#2409 = FACE_OUTER_BOUND ( 'NONE', #1575, .T. ) ;
#2410 = VERTEX_POINT ( 'NONE', #3527 ) ;
#2411 = AXIS2_PLACEMENT_3D ( 'NONE', #1967, #1764, #2293 ) ;
#2412 = VECTOR ( 'NONE', #61, 1000.000000000000000 ) ;
#2413 =( LENGTH_UNIT ( ) NAMED_UNIT ( * ) SI_UNIT ( .MILLI., .METRE. ) );
#2414 = CARTESIAN_POINT ( 'NONE',  ( -5.230898165602491500, 2.448569674288015600, -1.932555321405447600 ) ) ;
#2415 = EDGE_LOOP ( 'NONE', ( #2144, #84, #1889, #1533 ) ) ;
#2416 = LINE ( 'NONE', #469, #414 ) ;
#2417 = CIRCLE ( 'NONE', #379, 0.2999999999999999300 ) ;
#2418 = ORIENTED_EDGE ( 'NONE', *, *, #2448, .T. ) ;
#2419 = AXIS2_PLACEMENT_3D ( 'NONE', #2007, #275, #1385 ) ;
#2420 = EDGE_CURVE ( 'NONE', #2968, #1546, #1333, .T. ) ;
#2421 = PLANE ( 'NONE',  #29 ) ;
#2422 = LINE ( 'NONE', #2815, #2996 ) ;
#2423 = DIRECTION ( 'NONE',  ( 0.0000000000000000000, 0.6940155268692114200, 0.7199600325465649300 ) ) ;
#2424 = ORIENTED_EDGE ( 'NONE', *, *, #238, .F. ) ;
#2425 = DIRECTION ( 'NONE',  ( -0.0000000000000000000, -0.0000000000000000000, 1.000000000000000000 ) ) ;
#2426 = FACE_OUTER_BOUND ( 'NONE', #3203, .T. ) ;
#2427 = ADVANCED_FACE ( 'NONE', ( #800 ), #1371, .T. ) ;
#2428 = EDGE_CURVE ( 'NONE', #401, #913, #1681, .T. ) ;
#2429 = VERTEX_POINT ( 'NONE', #3046 ) ;
#2430 = DIRECTION ( 'NONE',  ( 0.1736481776669351100, -0.9848077530122071300, 0.0000000000000000000 ) ) ;
#2431 = PLANE ( 'NONE',  #1390 ) ;
#2432 = EDGE_LOOP ( 'NONE', ( #3059, #2249, #694, #1505 ) ) ;
#2433 = ORIENTED_EDGE ( 'NONE', *, *, #3035, .F. ) ;
#2434 = DIRECTION ( 'NONE',  ( 0.7071067811865462400, -0.0000000000000000000, 0.7071067811865487900 ) ) ;
#2435 = CARTESIAN_POINT ( 'NONE',  ( 4.240884220458276800, 2.559615506024415200, 1.569999999999999000 ) ) ;
#2436 = EDGE_CURVE ( 'NONE', #2092, #208, #1898, .T. ) ;
#2437 = ORIENTED_EDGE ( 'NONE', *, *, #2894, .F. ) ;
#2438 = CARTESIAN_POINT ( 'NONE',  ( 10.60000000000000000, 0.2500000000000002200, -2.539999999999999600 ) ) ;
#2439 = AXIS2_PLACEMENT_3D ( 'NONE', #202, #1694, #2779 ) ;
#2440 = DIRECTION ( 'NONE',  ( -0.7071067811865487900, 0.0000000000000000000, -0.7071067811865462400 ) ) ;
#2441 = LINE ( 'NONE', #521, #3514 ) ;
#2442 = LINE ( 'NONE', #1959, #349 ) ;
#2443 = ADVANCED_FACE ( 'NONE', ( #3259 ), #2793, .F. ) ;
#2444 = VECTOR ( 'NONE', #1243, 1000.000000000000000 ) ;
#2445 = CARTESIAN_POINT ( 'NONE',  ( -8.599999999999999600, 2.589999999999999400, -2.419999999999999900 ) ) ;
#2446 = CARTESIAN_POINT ( 'NONE',  ( 7.860857594501006000, 2.391007513558879100, 1.682555321405445400 ) ) ;
#2447 = ORIENTED_EDGE ( 'NONE', *, *, #1283, .F. ) ;
#2448 = EDGE_CURVE ( 'NONE', #1807, #1061, #3080, .T. ) ;
#2449 = VECTOR ( 'NONE', #3023, 1000.000000000000000 ) ;
#2450 = DIRECTION ( 'NONE',  ( 0.0000000000000000000, 0.0000000000000000000, -1.000000000000000000 ) ) ;
#2451 = ORIENTED_EDGE ( 'NONE', *, *, #2885, .F. ) ;
#2452 = FACE_OUTER_BOUND ( 'NONE', #1469, .T. ) ;
#2453 = CARTESIAN_POINT ( 'NONE',  ( 8.152559529262081400, 2.225280923471197400, 1.932555321405446100 ) ) ;
#2454 = ORIENTED_EDGE ( 'NONE', *, *, #3473, .T. ) ;
#2455 = DIRECTION ( 'NONE',  ( -0.1736481776669307200, 0.9848077530122080200, 0.0000000000000000000 ) ) ;
#2456 = VECTOR ( 'NONE', #3167, 1000.000000000000000 ) ;
#2457 = ORIENTED_EDGE ( 'NONE', *, *, #390, .F. ) ;
#2458 = AXIS2_PLACEMENT_3D ( 'NONE', #787, #2784, #3061 ) ;
#2459 = AXIS2_PLACEMENT_3D ( 'NONE', #1059, #796, #192 ) ;
#2460 = EDGE_CURVE ( 'NONE', #2956, #2625, #2864, .T. ) ;
#2461 = LINE ( 'NONE', #2934, #1042 ) ;
#2462 = ORIENTED_EDGE ( 'NONE', *, *, #1345, .F. ) ;
#2463 = DIRECTION ( 'NONE',  ( -0.0000000000000000000, 0.0000000000000000000, 1.000000000000000000 ) ) ;
#2464 = VECTOR ( 'NONE', #85, 1000.000000000000000 ) ;
#2465 = ORIENTED_EDGE ( 'NONE', *, *, #3316, .T. ) ;
#2466 = CARTESIAN_POINT ( 'NONE',  ( -5.263447592453799100, 2.633166647028813800, 1.569999999999999000 ) ) ;
#2467 = DIRECTION ( 'NONE',  ( 0.1736481776669307200, 0.9848077530122080200, -3.491481338843133400E-015 ) ) ;
#2468 = ORIENTED_EDGE ( 'NONE', *, *, #789, .F. ) ;
#2469 = DIRECTION ( 'NONE',  ( 0.0000000000000000000, 0.0000000000000000000, 1.000000000000000000 ) ) ;
#2470 = EDGE_CURVE ( 'NONE', #742, #2676, #2329, .T. ) ;
#2471 = EDGE_LOOP ( 'NONE', ( #892, #3274, #3381, #2548 ) ) ;
#2472 = ORIENTED_EDGE ( 'NONE', *, *, #1185, .F. ) ;
#2473 = EDGE_LOOP ( 'NONE', ( #3022, #218, #2152, #155 ) ) ;
#2474 = CARTESIAN_POINT ( 'NONE',  ( -0.1105717069063999100, 3.643300355081422000, -1.932555321405446100 ) ) ;
#2475 = EDGE_LOOP ( 'NONE', ( #2812, #1643, #44, #3312 ) ) ;
#2476 = EDGE_CURVE ( 'NONE', #1721, #1332, #2508, .T. ) ;
#2477 = FACE_OUTER_BOUND ( 'NONE', #549, .T. ) ;
#2478 = PLANE ( 'NONE',  #3507 ) ;
#2479 = DIRECTION ( 'NONE',  ( 1.000000000000000000, 0.0000000000000000000, -0.0000000000000000000 ) ) ;
#2480 = FACE_OUTER_BOUND ( 'NONE', #1104, .T. ) ;
#2481 = VECTOR ( 'NONE', #851, 1000.000000000000000 ) ;
#2482 = LINE ( 'NONE', #1996, #201 ) ;
#2483 = AXIS2_PLACEMENT_3D ( 'NONE', #262, #1672, #3640 ) ;
#2484 = DIRECTION ( 'NONE',  ( -0.0000000000000000000, -1.000000000000000000, -0.0000000000000000000 ) ) ;
#2485 = PLANE ( 'NONE',  #2048 ) ;
#2486 = EDGE_CURVE ( 'NONE', #178, #1944, #1001, .T. ) ;
#2487 = VECTOR ( 'NONE', #1352, 1000.000000000000000 ) ;
#2488 = CARTESIAN_POINT ( 'NONE',  ( 8.289242517006929500, 2.015018479415549500, 1.582555321405446000 ) ) ;
#2489 = ORIENTED_EDGE ( 'NONE', *, *, #1289, .F. ) ;
#2490 = CARTESIAN_POINT ( 'NONE',  ( -2.550000000000001200, 2.589999999999999400, -2.619999999999999200 ) ) ;
#2491 = CARTESIAN_POINT ( 'NONE',  ( 8.316351626791643500, 2.094857296261328500, -1.469999999999999500 ) ) ;
#2492 = LINE ( 'NONE', #2762, #3644 ) ;
#2493 = EDGE_CURVE ( 'NONE', #3627, #1828, #809, .T. ) ;
#2494 = ORIENTED_EDGE ( 'NONE', *, *, #317, .F. ) ;
#2495 = CARTESIAN_POINT ( 'NONE',  ( 5.220035548037066600, 2.386964708775761500, -1.582555321405445700 ) ) ;
#2496 = FACE_OUTER_BOUND ( 'NONE', #645, .T. ) ;
#2497 = DIRECTION ( 'NONE',  ( -0.7071067811865487900, 0.0000000000000000000, -0.7071067811865463500 ) ) ;
#2498 = ORIENTED_EDGE ( 'NONE', *, *, #916, .T. ) ;
#2499 = CARTESIAN_POINT ( 'NONE',  ( 2.250000000000001300, 2.589999999999999400, -2.619999999999999200 ) ) ;
#2500 = CARTESIAN_POINT ( 'NONE',  ( -8.599999999999999600, 2.589999999999999400, 2.919999999999999900 ) ) ;
#2501 = VECTOR ( 'NONE', #1941, 1000.000000000000000 ) ;
#2502 = CARTESIAN_POINT ( 'NONE',  ( 8.274771835534684400, 1.932951166664531800, 1.582555321405446200 ) ) ;
#2503 = ORIENTED_EDGE ( 'NONE', *, *, #3679, .T. ) ;
#2504 = CIRCLE ( 'NONE', #413, 0.5000000000000000000 ) ;
#2505 = EDGE_CURVE ( 'NONE', #3699, #1281, #2422, .T. ) ;
#2506 = CARTESIAN_POINT ( 'NONE',  ( 2.550000000000001200, 2.839999999999999900, 1.569999999999999000 ) ) ;
#2507 = ORIENTED_EDGE ( 'NONE', *, *, #3221, .T. ) ;
#2508 = LINE ( 'NONE', #206, #1224 ) ;
#2509 = VERTEX_POINT ( 'NONE', #2243 ) ;
#2510 = AXIS2_PLACEMENT_3D ( 'NONE', #2068, #2668, #935 ) ;
#2511 = CARTESIAN_POINT ( 'NONE',  ( -5.280812410220491400, 2.731647422330035100, 1.582555321405446000 ) ) ;
#2512 = EDGE_CURVE ( 'NONE', #2541, #2966, #1500, .T. ) ;
#2513 = LINE ( 'NONE', #2788, #724 ) ;
#2514 = CARTESIAN_POINT ( 'NONE',  ( 2.550000000000001200, 2.589999999999999400, 1.869999999999998800 ) ) ;
#2515 = ORIENTED_EDGE ( 'NONE', *, *, #2624, .F. ) ;
#2516 = B_SPLINE_CURVE_WITH_KNOTS ( 'NONE', 3,
 ( #2911, #1532, #120, #1292, #2398, #2056 ),
 .UNSPECIFIED., .F., .F.,
 ( 4, 2, 4 ),
 ( 0.0000000000000000000, 0.5000000000000000000, 1.000000000000000000 ),
 .UNSPECIFIED. ) ;
#2517 = PLANE ( 'NONE',  #2599 ) ;
#2518 = ORIENTED_EDGE ( 'NONE', *, *, #3560, .F. ) ;
#2519 = DIRECTION ( 'NONE',  ( -0.0000000000000000000, -0.0000000000000000000, -1.000000000000000000 ) ) ;
#2520 = DIRECTION ( 'NONE',  ( 0.0000000000000000000, 1.000000000000000000, 0.0000000000000000000 ) ) ;
#2521 = DIRECTION ( 'NONE',  ( 0.0000000000000000000, 1.000000000000000000, 0.0000000000000000000 ) ) ;
#2522 = ORIENTED_EDGE ( 'NONE', *, *, #2238, .F. ) ;
#2523 = DIRECTION ( 'NONE',  ( -0.9848077530122080200, 0.1736481776669307200, -8.031127203596334300E-017 ) ) ;
#2524 = VERTEX_POINT ( 'NONE', #1930 ) ;
#2525 = ORIENTED_EDGE ( 'NONE', *, *, #2943, .F. ) ;
#2526 = PLANE ( 'NONE',  #1990 ) ;
#2527 = VECTOR ( 'NONE', #3447, 1000.000000000000000 ) ;
#2528 = PRODUCT_DEFINITION_FORMATION_WITH_SPECIFIED_SOURCE ( 'ANY', '', #237, .NOT_KNOWN. ) ;
#2529 = VECTOR ( 'NONE', #510, 1000.000000000000000 ) ;
#2530 = ORIENTED_EDGE ( 'NONE', *, *, #2317, .F. ) ;
#2531 = CARTESIAN_POINT ( 'NONE',  ( 3.893587865124414900, 2.589999999999999400, 1.569999999999998700 ) ) ;
#2532 = CARTESIAN_POINT ( 'NONE',  ( 7.860857594501004200, 2.391007513558879100, -1.932555321405446500 ) ) ;
#2533 = PLANE ( 'NONE',  #2979 ) ;
#2534 = ADVANCED_FACE ( 'NONE', ( #2636 ), #2478, .T. ) ;
#2535 = EDGE_CURVE ( 'NONE', #1195, #1467, #2236, .T. ) ;
#2536 = ORIENTED_EDGE ( 'NONE', *, *, #770, .T. ) ;
#2537 = DIRECTION ( 'NONE',  ( 0.1736481776669307200, 0.9848077530122080200, -6.123233995736764800E-017 ) ) ;
#2538 = DIRECTION ( 'NONE',  ( -0.9848077530122081300, 0.1736481776669307500, 7.023930430159220100E-017 ) ) ;
#2539 = ORIENTED_EDGE ( 'NONE', *, *, #2460, .F. ) ;
#2540 = VECTOR ( 'NONE', #2188, 1000.000000000000000 ) ;
#2541 = VERTEX_POINT ( 'NONE', #1423 ) ;
#2542 = DIRECTION ( 'NONE',  ( -0.1736481776669316100, -0.9848077530122078000, -3.469446951953611800E-015 ) ) ;
#2543 = FACE_OUTER_BOUND ( 'NONE', #937, .T. ) ;
#2544 = ORIENTED_EDGE ( 'NONE', *, *, #2291, .T. ) ;
#2545 = DIRECTION ( 'NONE',  ( 0.0000000000000000000, 0.0000000000000000000, -1.000000000000000000 ) ) ;
#2546 = DIRECTION ( 'NONE',  ( 0.0000000000000000000, 0.0000000000000000000, 1.000000000000000000 ) ) ;
#2547 = LINE ( 'NONE', #2639, #3115 ) ;
#2548 = ORIENTED_EDGE ( 'NONE', *, *, #3524, .T. ) ;
#2549 = EDGE_CURVE ( 'NONE', #215, #2100, #720, .T. ) ;
#2550 = LINE ( 'NONE', #2269, #678 ) ;
#2551 = CARTESIAN_POINT ( 'NONE',  ( -8.199668155050604300, 2.163970487284826200, 1.671778011766427400 ) ) ;
#2552 = VECTOR ( 'NONE', #768, 1000.000000000000000 ) ;
#2553 = ORIENTED_EDGE ( 'NONE', *, *, #525, .F. ) ;
#2554 = ADVANCED_FACE ( 'NONE', ( #2909 ), #679, .F. ) ;
#2555 = CARTESIAN_POINT ( 'NONE',  ( -12.19999999999999800, 2.168404344971008900E-016, -2.539999999999999600 ) ) ;
#2556 = DIRECTION ( 'NONE',  ( 0.0000000000000000000, 0.0000000000000000000, -1.000000000000000000 ) ) ;
#2557 = AXIS2_PLACEMENT_3D ( 'NONE', #2855, #1748, #3105 ) ;
#2558 = ORIENTED_EDGE ( 'NONE', *, *, #1062, .T. ) ;
#2559 = EDGE_CURVE ( 'NONE', #223, #1516, #3659, .T. ) ;
#2560 = DIRECTION ( 'NONE',  ( -0.0000000000000000000, 1.000000000000000000, -0.0000000000000000000 ) ) ;
#2561 = VERTEX_POINT ( 'NONE', #2304 ) ;
#2562 = CARTESIAN_POINT ( 'NONE',  ( -5.280812410220492300, 2.731647422330035100, 1.582555321405446000 ) ) ;
#2563 = DIRECTION ( 'NONE',  ( 1.000000000000000000, 0.0000000000000000000, 0.0000000000000000000 ) ) ;
#2564 = DIRECTION ( 'NONE',  ( 6.106226635438361000E-016, -3.431283035482124400E-015, -1.000000000000000000 ) ) ;
#2565 = EDGE_CURVE ( 'NONE', #1659, #3294, #3709, .T. ) ;
#2566 = EDGE_LOOP ( 'NONE', ( #1147, #2074, #632, #3705 ) ) ;
#2567 = DIRECTION ( 'NONE',  ( 1.000000000000000000, 0.0000000000000000000, 1.433655765270088800E-016 ) ) ;
#2568 = VECTOR ( 'NONE', #1203, 1000.000000000000000 ) ;
#2569 = DIRECTION ( 'NONE',  ( 0.0000000000000000000, 0.0000000000000000000, 1.000000000000000000 ) ) ;
#2570 = CYLINDRICAL_SURFACE ( 'NONE', #2916, 0.4999999999999993300 ) ;
#2571 = CARTESIAN_POINT ( 'NONE',  ( 8.599999999999999600, 2.589999999999999400, -2.919999999999999900 ) ) ;
#2572 = FACE_OUTER_BOUND ( 'NONE', #1418, .T. ) ;
#2573 = CARTESIAN_POINT ( 'NONE',  ( -10.60000000000000000, 2.489999999999999800, 4.759999999999999800 ) ) ;
#2574 = DIRECTION ( 'NONE',  ( -0.1736481776669307800, 0.9848077530122080200, 3.491481338843133400E-015 ) ) ;
#2575 = VECTOR ( 'NONE', #2537, 1000.000000000000000 ) ;
#2576 = FACE_OUTER_BOUND ( 'NONE', #3071, .T. ) ;
#2577 = CARTESIAN_POINT ( 'NONE',  ( 10.25000000000000000, 2.489999999999999800, -4.759999999999999800 ) ) ;
#2578 = LINE ( 'NONE', #2587, #3470 ) ;
#2579 = AXIS2_PLACEMENT_3D ( 'NONE', #2673, #836, #2791 ) ;
#2580 = EDGE_LOOP ( 'NONE', ( #2451, #493, #3672, #2046 ) ) ;
#2581 = CYLINDRICAL_SURFACE ( 'NONE', #1934, 0.5000000000000002200 ) ;
#2582 = DIRECTION ( 'NONE',  ( -5.273559366969493600E-016, -3.445160823289938900E-015, 1.000000000000000000 ) ) ;
#2583 = VERTEX_POINT ( 'NONE', #1186 ) ;
#2584 = VECTOR ( 'NONE', #1499, 1000.000000000000000 ) ;
#2585 = DIRECTION ( 'NONE',  ( 0.0000000000000000000, 0.0000000000000000000, -1.000000000000000000 ) ) ;
#2586 = ORIENTED_EDGE ( 'NONE', *, *, #995, .F. ) ;
#2587 = CARTESIAN_POINT ( 'NONE',  ( -0.1105717069064017500, 3.643300355081422000, 1.932555321405445200 ) ) ;
#2588 = LINE ( 'NONE', #2279, #574 ) ;
#2589 = CARTESIAN_POINT ( 'NONE',  ( 5.220035548037066600, 2.386964708775761500, -1.569999999999999000 ) ) ;
#2590 = VERTEX_POINT ( 'NONE', #544 ) ;
#2591 = FACE_OUTER_BOUND ( 'NONE', #1732, .T. ) ;
#2592 = DIRECTION ( 'NONE',  ( 0.0000000000000000000, 0.0000000000000000000, -1.000000000000000000 ) ) ;
#2593 = VERTEX_POINT ( 'NONE', #3423 ) ;
#2594 = VECTOR ( 'NONE', #3456, 1000.000000000000000 ) ;
#2595 = ORIENTED_EDGE ( 'NONE', *, *, #3633, .F. ) ;
#2596 = DIRECTION ( 'NONE',  ( 1.000000000000000000, 0.0000000000000000000, 0.0000000000000000000 ) ) ;
#2597 = PRODUCT_RELATED_PRODUCT_CATEGORY ( 'part', '', ( #237 ) ) ;
#2598 = EDGE_LOOP ( 'NONE', ( #365, #3332, #2494, #634, #2641, #1350, #1710, #1618, #426, #2833, #2019, #3436, #2745, #864 ) ) ;
#2599 = AXIS2_PLACEMENT_3D ( 'NONE', #1439, #818, #1384 ) ;
#2600 = DIRECTION ( 'NONE',  ( 0.0000000000000000000, 0.0000000000000000000, 1.000000000000000000 ) ) ;
#2601 = DIRECTION ( 'NONE',  ( 0.0000000000000000000, 1.000000000000000000, 0.0000000000000000000 ) ) ;
#2602 = EDGE_LOOP ( 'NONE', ( #918, #1984, #1079, #1502 ) ) ;
#2603 = CARTESIAN_POINT ( 'NONE',  ( 3.656245972229342600, 3.018102317301320600, 1.582555321405446000 ) ) ;
#2604 = AXIS2_PLACEMENT_3D ( 'NONE', #3306, #1057, #2469 ) ;
#2605 = EDGE_CURVE ( 'NONE', #2923, #343, #2121, .T. ) ;
#2606 = ORIENTED_EDGE ( 'NONE', *, *, #2006, .F. ) ;
#2607 = VERTEX_POINT ( 'NONE', #3682 ) ;
#2608 = DIRECTION ( 'NONE',  ( 1.000000000000000000, 0.0000000000000000000, 0.0000000000000000000 ) ) ;
#2609 = EDGE_CURVE ( 'NONE', #1323, #343, #2154, .T. ) ;
#2610 = CARTESIAN_POINT ( 'NONE',  ( 8.599999999999999600, 2.589999999999999400, -2.919999999999999900 ) ) ;
#2611 = VECTOR ( 'NONE', #1010, 1000.000000000000000 ) ;
#2612 = LINE ( 'NONE', #3309, #2487 ) ;
#2613 = CIRCLE ( 'NONE', #3161, 0.5000000000000001100 ) ;
#2614 = LINE ( 'NONE', #2099, #1250 ) ;
#2615 = ORIENTED_EDGE ( 'NONE', *, *, #347, .T. ) ;
#2616 = EDGE_CURVE ( 'NONE', #1892, #2410, #1751, .T. ) ;
#2617 = PLANE ( 'NONE',  #1690 ) ;
#2618 = ORIENTED_EDGE ( 'NONE', *, *, #1950, .F. ) ;
#2619 = CARTESIAN_POINT ( 'NONE',  ( 1.038535502343272100, -2.873610469527872800, -1.932555321405468900 ) ) ;
#2620 = DIRECTION ( 'NONE',  ( 0.0000000000000000000, 0.0000000000000000000, -1.000000000000000000 ) ) ;
#2621 = FACE_OUTER_BOUND ( 'NONE', #2732, .T. ) ;
#2622 = AXIS2_PLACEMENT_3D ( 'NONE', #1962, #3043, #3327 ) ;
#2623 = ADVANCED_FACE ( 'NONE', ( #2195 ), #1460, .T. ) ;
#2624 = EDGE_CURVE ( 'NONE', #3690, #1807, #2958, .T. ) ;
#2625 = VERTEX_POINT ( 'NONE', #849 ) ;
#2626 = CARTESIAN_POINT ( 'NONE',  ( 2.501111815307353500E-016, 2.839999999999999900, 4.759999999999999800 ) ) ;
#2627 = CIRCLE ( 'NONE', #1112, 0.4999999999999993300 ) ;
#2628 = ORIENTED_EDGE ( 'NONE', *, *, #597, .T. ) ;
#2629 = CARTESIAN_POINT ( 'NONE',  ( -5.220035548037066600, 2.386964708775761500, -1.569999999999999000 ) ) ;
#2630 = EDGE_CURVE ( 'NONE', #1516, #1257, #3444, .T. ) ;
#2631 = LINE ( 'NONE', #1259, #130 ) ;
#2632 = CARTESIAN_POINT ( 'NONE',  ( 8.152559529262081400, 2.225280923471196100, -1.849221988072113200 ) ) ;
#2633 = EDGE_LOOP ( 'NONE', ( #52, #2798, #3244, #2766 ) ) ;
#2634 = DIRECTION ( 'NONE',  ( 0.0000000000000000000, 0.0000000000000000000, -1.000000000000000000 ) ) ;
#2635 = PLANE ( 'NONE',  #1476 ) ;
#2636 = FACE_OUTER_BOUND ( 'NONE', #3206, .T. ) ;
#2637 = DIRECTION ( 'NONE',  ( 0.0000000000000000000, 0.0000000000000000000, -1.000000000000000000 ) ) ;
#2638 = VERTEX_POINT ( 'NONE', #3669 ) ;
#2639 = CARTESIAN_POINT ( 'NONE',  ( 7.860857594501006000, 2.391007513558880000, 1.932555321405445200 ) ) ;
#2640 = DIRECTION ( 'NONE',  ( 0.0000000000000000000, 1.000000000000000000, 0.0000000000000000000 ) ) ;
#2641 = ORIENTED_EDGE ( 'NONE', *, *, #1155, .F. ) ;
#2642 = DIRECTION ( 'NONE',  ( 0.0000000000000000000, 0.0000000000000000000, 1.000000000000000000 ) ) ;
#2643 = ADVANCED_FACE ( 'NONE', ( #3572 ), #536, .T. ) ;
#2644 = EDGE_LOOP ( 'NONE', ( #418, #1491, #3241, #1298 ) ) ;
#2645 = CARTESIAN_POINT ( 'NONE',  ( 10.69999999999999900, 0.3500000000000001400, 4.759999999999999800 ) ) ;
#2646 = PLANE ( 'NONE',  #2346 ) ;
#2647 = AXIS2_PLACEMENT_3D ( 'NONE', #2702, #704, #3267 ) ;
#2648 = AXIS2_PLACEMENT_3D ( 'NONE', #1719, #1435, #3371 ) ;
#2649 = CARTESIAN_POINT ( 'NONE',  ( 7.774033505667540000, 1.898603637052775900, 1.932555321405446700 ) ) ;
#2650 = ORIENTED_EDGE ( 'NONE', *, *, #2876, .F. ) ;
#2651 = DIRECTION ( 'NONE',  ( -5.273559366969493600E-016, -3.445160823289938900E-015, 1.000000000000000000 ) ) ;
#2652 = EDGE_CURVE ( 'NONE', #2509, #313, #1450, .T. ) ;
#2653 = CARTESIAN_POINT ( 'NONE',  ( -3.893587865124414900, 0.5899999999999994100, 1.569999999999999200 ) ) ;
#2654 = PLANE ( 'NONE',  #2419 ) ;
#2655 = VERTEX_POINT ( 'NONE', #1174 ) ;
#2656 = ORIENTED_EDGE ( 'NONE', *, *, #2050, .T. ) ;
#2657 = CARTESIAN_POINT ( 'NONE',  ( 12.19999999999999800, 2.168404344971008900E-016, -2.539999999999999600 ) ) ;
#2658 = EDGE_CURVE ( 'NONE', #1173, #1738, #2773, .T. ) ;
#2659 = ORIENTED_EDGE ( 'NONE', *, *, #2226, .T. ) ;
#2660 = DIRECTION ( 'NONE',  ( 0.0000000000000000000, 0.0000000000000000000, 1.000000000000000000 ) ) ;
#2661 =( NAMED_UNIT ( * ) SI_UNIT ( $, .STERADIAN. ) SOLID_ANGLE_UNIT ( ) );
#2662 = DIRECTION ( 'NONE',  ( 0.0000000000000000000, 1.000000000000000000, 0.0000000000000000000 ) ) ;
#2663 = VECTOR ( 'NONE', #3399, 1000.000000000000000 ) ;
#2664 = PLANE ( 'NONE',  #3242 ) ;
#2665 = VECTOR ( 'NONE', #2740, 1000.000000000000000 ) ;
#2666 = CARTESIAN_POINT ( 'NONE',  ( -12.19999999999999800, 0.2500000000000002200, -2.539999999999999600 ) ) ;
#2667 = ORIENTED_EDGE ( 'NONE', *, *, #1495, .T. ) ;
#2668 = DIRECTION ( 'NONE',  ( -0.0000000000000000000, -0.0000000000000000000, 1.000000000000000000 ) ) ;
#2669 = ADVANCED_FACE ( 'NONE', ( #626 ), #2858, .T. ) ;
#2670 = AXIS2_PLACEMENT_3D ( 'NONE', #3072, #219, #794 ) ;
#2671 = CIRCLE ( 'NONE', #1220, 0.4999999999999993300 ) ;
#2672 = CARTESIAN_POINT ( 'NONE',  ( -2.250000000000001300, 2.589999999999999400, 2.619999999999999200 ) ) ;
#2673 = CARTESIAN_POINT ( 'NONE',  ( 10.35000000000000000, 2.839999999999999900, 4.759999999999999800 ) ) ;
#2674 = LINE ( 'NONE', #987, #3057 ) ;
#2675 = DIRECTION ( 'NONE',  ( 0.0000000000000000000, 0.0000000000000000000, 1.000000000000000000 ) ) ;
#2676 = VERTEX_POINT ( 'NONE', #2078 ) ;
#2677 = DIRECTION ( 'NONE',  ( 1.000000000000000000, 0.0000000000000000000, -0.0000000000000000000 ) ) ;
#2678 = STYLED_ITEM ( 'NONE', ( #2321 ), #300 ) ;
#2679 = EDGE_CURVE ( 'NONE', #2638, #2881, #2033, .T. ) ;
#2680 = DIRECTION ( 'NONE',  ( -5.285863820367591200E-016, -3.452139025575634900E-015, 1.000000000000000000 ) ) ;
#2681 = ORIENTED_EDGE ( 'NONE', *, *, #1354, .T. ) ;
#2682 = CIRCLE ( 'NONE', #3696, 0.2999999999999999300 ) ;
#2683 = DIRECTION ( 'NONE',  ( -1.000000000000000000, 0.0000000000000000000, 0.0000000000000000000 ) ) ;
#2684 = CARTESIAN_POINT ( 'NONE',  ( -0.6145951490459096200, 6.501759339148345700, 1.682555321405435400 ) ) ;
#2685 = ORIENTED_EDGE ( 'NONE', *, *, #674, .F. ) ;
#2686 = AXIS2_PLACEMENT_3D ( 'NONE', #535, #830, #2563 ) ;
#2687 = VECTOR ( 'NONE', #1707, 1000.000000000000000 ) ;
#2688 = EDGE_CURVE ( 'NONE', #2561, #1790, #1863, .T. ) ;
#2689 = UNCERTAINTY_MEASURE_WITH_UNIT (LENGTH_MEASURE( 1.000000000000000100E-005 ), #1733, 'distance_accuracy_value', 'NONE');
#2690 = DIRECTION ( 'NONE',  ( 1.000000000000000000, 0.0000000000000000000, 0.0000000000000000000 ) ) ;
#2691 = VERTEX_POINT ( 'NONE', #1206 ) ;
#2692 = CARTESIAN_POINT ( 'NONE',  ( 10.60000000000000000, 2.489999999999999800, 4.759999999999999800 ) ) ;
#2693 = ORIENTED_EDGE ( 'NONE', *, *, #1561, .F. ) ;
#2694 = CARTESIAN_POINT ( 'NONE',  ( -8.260301154062441100, 1.850883853913514800, -1.582555321405446600 ) ) ;
#2695 = ADVANCED_FACE ( 'NONE', ( #2232 ), #3179, .F. ) ;
#2696 = EDGE_CURVE ( 'NONE', #1253, #2059, #3159, .T. ) ;
#2697 = APPLICATION_PROTOCOL_DEFINITION ( 'draft international standard', 'automotive_design', 1998, #1749 ) ;
#2698 = DIRECTION ( 'NONE',  ( -1.000000000000000000, 0.0000000000000000000, 0.0000000000000000000 ) ) ;
#2699 = FACE_OUTER_BOUND ( 'NONE', #1397, .T. ) ;
#2700 = LINE ( 'NONE', #3374, #107 ) ;
#2701 = VERTEX_POINT ( 'NONE', #1503 ) ;
#2702 = CARTESIAN_POINT ( 'NONE',  ( 2.250000000000001300, 2.589999999999999400, -2.619999999999999200 ) ) ;
#2703 = ORIENTED_EDGE ( 'NONE', *, *, #344, .T. ) ;
#2704 = CARTESIAN_POINT ( 'NONE',  ( 8.176099845098812900, 2.194546324120117700, 1.682555321405445600 ) ) ;
#2705 = ORIENTED_EDGE ( 'NONE', *, *, #253, .F. ) ;
#2706 = EDGE_CURVE ( 'NONE', #1759, #2134, #3437, .T. ) ;
#2707 = VERTEX_POINT ( 'NONE', #604 ) ;
#2708 = CARTESIAN_POINT ( 'NONE',  ( 2.501111815307353500E-016, 2.589999999999999400, 4.759999999999999800 ) ) ;
#2709 = EDGE_LOOP ( 'NONE', ( #3645, #3048, #2381, #303 ) ) ;
#2710 = EDGE_CURVE ( 'NONE', #955, #1459, #2547, .T. ) ;
#2711 = ADVANCED_FACE ( 'NONE', ( #3613 ), #3254, .T. ) ;
#2712 = VECTOR ( 'NONE', #246, 1000.000000000000000 ) ;
#2713 = PLANE ( 'NONE',  #2579 ) ;
#2714 = PLANE ( 'NONE',  #1015 ) ;
#2715 = EDGE_CURVE ( 'NONE', #1738, #2827, #2461, .T. ) ;
#2716 = VECTOR ( 'NONE', #1483, 1000.000000000000000 ) ;
#2717 = CARTESIAN_POINT ( 'NONE',  ( -8.177007647035432900, 2.035456360155073700, -1.894834737668881900 ) ) ;
#2718 = VECTOR ( 'NONE', #1739, 1000.000000000000000 ) ;
#2719 = VECTOR ( 'NONE', #3040, 1000.000000000000000 ) ;
#2720 = DIRECTION ( 'NONE',  ( 0.1736481776669307800, 0.9848077530122080200, 3.491481338843133400E-015 ) ) ;
#2721 = CARTESIAN_POINT ( 'NONE',  ( -2.550000000000001200, 2.839999999999999900, -1.569999999999998700 ) ) ;
#2722 = LINE ( 'NONE', #3034, #27 ) ;
#2723 = VERTEX_POINT ( 'NONE', #72 ) ;
#2724 = DIRECTION ( 'NONE',  ( 0.0000000000000000000, 0.0000000000000000000, -1.000000000000000000 ) ) ;
#2725 = VECTOR ( 'NONE', #1778, 1000.000000000000000 ) ;
#2726 = EDGE_LOOP ( 'NONE', ( #3295, #2703, #2, #2217 ) ) ;
#2727 = LINE ( 'NONE', #267, #1592 ) ;
#2728 = AXIS2_PLACEMENT_3D ( 'NONE', #1409, #1424, #2003 ) ;
#2729 = VERTEX_POINT ( 'NONE', #1515 ) ;
#2730 = CARTESIAN_POINT ( 'NONE',  ( 5.230898165602493300, 2.448569674288016500, 1.932555321405446700 ) ) ;
#2731 = LINE ( 'NONE', #605, #2456 ) ;
#2732 = EDGE_LOOP ( 'NONE', ( #3089, #890, #1886, #3084 ) ) ;
#2733 = AXIS2_PLACEMENT_3D ( 'NONE', #2684, #2393, #3385 ) ;
#2734 = EDGE_CURVE ( 'NONE', #3130, #742, #3656, .T. ) ;
#2735 = CARTESIAN_POINT ( 'NONE',  ( 8.176130081391351100, 2.194506847150332600, 1.682555321405446100 ) ) ;
#2736 = ORIENTED_EDGE ( 'NONE', *, *, #2772, .T. ) ;
#2737 = CARTESIAN_POINT ( 'NONE',  ( -8.199668155050606100, 2.163970487284826700, -1.671778011766428000 ) ) ;
#2738 = ORIENTED_EDGE ( 'NONE', *, *, #213, .T. ) ;
#2739 = CARTESIAN_POINT ( 'NONE',  ( 8.152559529262081400, 2.225280923471197900, 1.682555321405446100 ) ) ;
#2740 = DIRECTION ( 'NONE',  ( -0.0000000000000000000, 0.0000000000000000000, -1.000000000000000000 ) ) ;
#2741 = EDGE_LOOP ( 'NONE', ( #1340, #2515, #1235, #522 ) ) ;
#2742 = EDGE_LOOP ( 'NONE', ( #3457, #3177, #1803, #3410 ) ) ;
#2743 = DIRECTION ( 'NONE',  ( 0.0000000000000000000, 0.0000000000000000000, 1.000000000000000000 ) ) ;
#2744 = EDGE_CURVE ( 'NONE', #1508, #742, #856, .T. ) ;
#2745 = ORIENTED_EDGE ( 'NONE', *, *, #1815, .F. ) ;
#2746 = EDGE_LOOP ( 'NONE', ( #999, #3693, #2220, #3350 ) ) ;
#2747 = CARTESIAN_POINT ( 'NONE',  ( 2.250000000000001300, 2.839999999999999900, 2.619999999999999200 ) ) ;
#2748 = CARTESIAN_POINT ( 'NONE',  ( -8.599999999999999600, 2.589999999999999400, 2.919999999999999000 ) ) ;
#2749 = ORIENTED_EDGE ( 'NONE', *, *, #696, .F. ) ;
#2750 = AXIS2_PLACEMENT_3D ( 'NONE', #1012, #458, #2698 ) ;
#2751 = CARTESIAN_POINT ( 'NONE',  ( -10.35000000000000000, -2.098215818258307900, -0.0002620950778301628400 ) ) ;
#2752 = EDGE_CURVE ( 'NONE', #318, #223, #2373, .T. ) ;
#2753 = VECTOR ( 'NONE', #3085, 1000.000000000000000 ) ;
#2754 = CARTESIAN_POINT ( 'NONE',  ( -8.272939582374910100, 1.848655358008276500, 1.469999999999999500 ) ) ;
#2755 = VECTOR ( 'NONE', #105, 1000.000000000000000 ) ;
#2756 = VECTOR ( 'NONE', #1804, 1000.000000000000000 ) ;
#2757 = VECTOR ( 'NONE', #1038, 1000.000000000000000 ) ;
#2758 = EDGE_CURVE ( 'NONE', #1436, #684, #491, .T. ) ;
#2759 = CARTESIAN_POINT ( 'NONE',  ( 2.250000000000001300, 2.589999999999999400, -1.869999999999998800 ) ) ;
#2760 = VECTOR ( 'NONE', #1657, 1000.000000000000000 ) ;
#2761 = CYLINDRICAL_SURFACE ( 'NONE', #2002, 0.09999999999999939500 ) ;
#2762 = CARTESIAN_POINT ( 'NONE',  ( 5.220035548037066600, 2.386964708775761500, 1.569999999999999000 ) ) ;
#2763 = DIRECTION ( 'NONE',  ( -0.1736481776669300000, 0.9848077530122081300, -3.469446951953614600E-015 ) ) ;
#2764 = VERTEX_POINT ( 'NONE', #2333 ) ;
#2765 = CARTESIAN_POINT ( 'NONE',  ( -2.550000000000001200, 2.589999999999999400, -1.569999999999998700 ) ) ;
#2766 = ORIENTED_EDGE ( 'NONE', *, *, #1021, .F. ) ;
#2767 = VECTOR ( 'NONE', #2889, 1000.000000000000000 ) ;
#2768 = ORIENTED_EDGE ( 'NONE', *, *, #845, .T. ) ;
#2769 = FACE_OUTER_BOUND ( 'NONE', #1947, .T. ) ;
#2770 = ORIENTED_EDGE ( 'NONE', *, *, #1030, .T. ) ;
#2771 = CARTESIAN_POINT ( 'NONE',  ( -7.774033505667540000, 1.898603637052775000, 1.682555321405446900 ) ) ;
#2772 = EDGE_CURVE ( 'NONE', #1944, #3298, #1676, .T. ) ;
#2773 = LINE ( 'NONE', #2555, #1268 ) ;
#2774 = ORIENTED_EDGE ( 'NONE', *, *, #1239, .T. ) ;
#2775 = PLANE ( 'NONE',  #1903 ) ;
#2776 = VECTOR ( 'NONE', #2582, 1000.000000000000000 ) ;
#2777 = VECTOR ( 'NONE', #3414, 1000.000000000000000 ) ;
#2778 = ORIENTED_EDGE ( 'NONE', *, *, #1118, .F. ) ;
#2779 = DIRECTION ( 'NONE',  ( 1.000000000000000000, 0.0000000000000000000, 0.0000000000000000000 ) ) ;
#2780 = ORIENTED_EDGE ( 'NONE', *, *, #832, .F. ) ;
#2781 = DIRECTION ( 'NONE',  ( -1.000000000000000000, 0.0000000000000000000, 0.0000000000000000000 ) ) ;
#2782 = DIRECTION ( 'NONE',  ( 0.0000000000000000000, 1.000000000000000000, -0.0000000000000000000 ) ) ;
#2783 = ORIENTED_EDGE ( 'NONE', *, *, #1016, .T. ) ;
#2784 = DIRECTION ( 'NONE',  ( 6.106226635438361000E-016, -3.431283035482124400E-015, -1.000000000000000000 ) ) ;
#2785 = AXIS2_PLACEMENT_3D ( 'NONE', #1311, #1597, #1847 ) ;
#2786 = ORIENTED_EDGE ( 'NONE', *, *, #2796, .F. ) ;
#2787 = ORIENTED_EDGE ( 'NONE', *, *, #2354, .F. ) ;
#2788 = CARTESIAN_POINT ( 'NONE',  ( -12.19999999999999600, 0.2500000000000002200, 2.540000000000000000 ) ) ;
#2789 = DIRECTION ( 'NONE',  ( 0.0000000000000000000, 0.0000000000000000000, 1.000000000000000000 ) ) ;
#2790 = AXIS2_PLACEMENT_3D ( 'NONE', #2730, #1026, #3010 ) ;
#2791 = DIRECTION ( 'NONE',  ( -0.0000000000000000000, 0.0000000000000000000, -1.000000000000000000 ) ) ;
#2792 = LINE ( 'NONE', #2802, #2753 ) ;
#2793 = PLANE ( 'NONE',  #1027 ) ;
#2794 = LINE ( 'NONE', #1602, #197 ) ;
#2795 = CARTESIAN_POINT ( 'NONE',  ( -2.550000000000001200, 2.839999999999999900, 1.869999999999998800 ) ) ;
#2796 = EDGE_CURVE ( 'NONE', #215, #324, #900, .T. ) ;
#2797 = CIRCLE ( 'NONE', #629, 0.5000000000000001100 ) ;
#2798 = ORIENTED_EDGE ( 'NONE', *, *, #2652, .T. ) ;
#2799 = CARTESIAN_POINT ( 'NONE',  ( 5.220035548037066600, 2.386964708775761500, -1.569999999999999000 ) ) ;
#2800 = CARTESIAN_POINT ( 'NONE',  ( -5.220035548037066600, 2.386964708775761500, -1.569999999999999000 ) ) ;
#2801 = DIRECTION ( 'NONE',  ( -0.9848077530122080200, 0.1736481776669306900, -2.775557561562891400E-017 ) ) ;
#2802 = CARTESIAN_POINT ( 'NONE',  ( -10.69999999999999900, 0.2500000000000002200, 4.759999999999999800 ) ) ;
#2803 = EDGE_LOOP ( 'NONE', ( #725, #788, #767, #2536 ) ) ;
#2804 = CARTESIAN_POINT ( 'NONE',  ( -2.550000000000001200, 2.839999999999999900, -1.869999999999998800 ) ) ;
#2805 = DIRECTION ( 'NONE',  ( 0.0000000000000000000, 0.0000000000000000000, -1.000000000000000000 ) ) ;
#2806 = LINE ( 'NONE', #850, #1126 ) ;
#2807 = DIRECTION ( 'NONE',  ( -1.000000000000000000, 0.0000000000000000000, 0.0000000000000000000 ) ) ;
#2808 = CARTESIAN_POINT ( 'NONE',  ( 8.303713198479171000, 2.097085792166566900, 1.582555321405446200 ) ) ;
#2809 = VERTEX_POINT ( 'NONE', #630 ) ;
#2810 = LINE ( 'NONE', #1824, #2231 ) ;
#2811 = EDGE_CURVE ( 'NONE', #1546, #1944, #82, .T. ) ;
#2812 = ORIENTED_EDGE ( 'NONE', *, *, #973, .T. ) ;
#2813 = ADVANCED_FACE ( 'NONE', ( #3032 ), #1528, .F. ) ;
#2814 = DIRECTION ( 'NONE',  ( 0.0000000000000000000, 0.0000000000000000000, 1.000000000000000000 ) ) ;
#2815 = CARTESIAN_POINT ( 'NONE',  ( -2.250000000000001300, 2.589999999999999400, 1.869999999999998800 ) ) ;
#2816 = VERTEX_POINT ( 'NONE', #3508 ) ;
#2817 = CARTESIAN_POINT ( 'NONE',  ( -5.280812410220494100, 2.731647422330035100, -1.582555321405446200 ) ) ;
#2818 = EDGE_CURVE ( 'NONE', #3151, #728, #2417, .T. ) ;
#2819 = FACE_OUTER_BOUND ( 'NONE', #478, .T. ) ;
#2820 = DIRECTION ( 'NONE',  ( -0.0000000000000000000, -1.000000000000000000, -0.0000000000000000000 ) ) ;
#2821 = VERTEX_POINT ( 'NONE', #967 ) ;
#2822 = PRODUCT_DEFINITION_SHAPE ( 'NONE', 'NONE',  #3432 ) ;
#2823 = EDGE_CURVE ( 'NONE', #468, #1459, #132, .T. ) ;
#2824 = ORIENTED_EDGE ( 'NONE', *, *, #2734, .F. ) ;
#2825 = PLANE ( 'NONE',  #207 ) ;
#2826 = DIRECTION ( 'NONE',  ( 0.0000000000000000000, -0.6940155268692114200, 0.7199600325465649300 ) ) ;
#2827 = VERTEX_POINT ( 'NONE', #685 ) ;
#2828 = CARTESIAN_POINT ( 'NONE',  ( -10.70000000000000100, 0.2500000000000002200, -2.539999999999999600 ) ) ;
#2829 = DIRECTION ( 'NONE',  ( -0.0000000000000000000, -1.000000000000000000, -0.0000000000000000000 ) ) ;
#2830 = VERTEX_POINT ( 'NONE', #2969 ) ;
#2831 = CARTESIAN_POINT ( 'NONE',  ( -8.232214739565140600, 1.855836246580750300, 1.674185107135149000 ) ) ;
#2832 = DIRECTION ( 'NONE',  ( 1.000000000000000000, 0.0000000000000000000, 0.0000000000000000000 ) ) ;
#2833 = ORIENTED_EDGE ( 'NONE', *, *, #642, .F. ) ;
#2834 = VECTOR ( 'NONE', #1593, 1000.000000000000000 ) ;
#2835 = AXIS2_PLACEMENT_3D ( 'NONE', #2166, #2440, #1035 ) ;
#2836 = AXIS2_PLACEMENT_3D ( 'NONE', #2338, #4, #1768 ) ;
#2837 = CARTESIAN_POINT ( 'NONE',  ( -8.599999999999999600, 2.589999999999999400, -2.919999999999999900 ) ) ;
#2838 = VERTEX_POINT ( 'NONE', #1834 ) ;
#2839 = DIRECTION ( 'NONE',  ( 0.1736481776669307200, 0.9848077530122080200, -0.0000000000000000000 ) ) ;
#2840 = PLANE ( 'NONE',  #2391 ) ;
#2841 = VECTOR ( 'NONE', #3125, 1000.000000000000000 ) ;
#2842 = CARTESIAN_POINT ( 'NONE',  ( -12.69999999999999900, 0.2500000000000002200, 2.039999999999997800 ) ) ;
#2843 = EDGE_CURVE ( 'NONE', #2016, #2900, #2992, .T. ) ;
#2844 = DIRECTION ( 'NONE',  ( 1.000000000000000000, -0.0000000000000000000, -8.031127203596334300E-017 ) ) ;
#2845 = VECTOR ( 'NONE', #3369, 1000.000000000000000 ) ;
#2846 = CARTESIAN_POINT ( 'NONE',  ( -10.35000000000000000, 2.489999999999999800, -4.759999999999999800 ) ) ;
#2847 = EDGE_LOOP ( 'NONE', ( #3402, #1698, #3660, #1775 ) ) ;
#2848 = EDGE_CURVE ( 'NONE', #553, #1436, #1137, .T. ) ;
#2849 = LINE ( 'NONE', #2130, #162 ) ;
#2850 = ADVANCED_FACE ( 'NONE', ( #539 ), #2073, .T. ) ;
#2851 = ORIENTED_EDGE ( 'NONE', *, *, #89, .T. ) ;
#2852 = CARTESIAN_POINT ( 'NONE',  ( 9.099999999999997900, 2.839999999999999900, 2.419999999999999900 ) ) ;
#2853 = CIRCLE ( 'NONE', #136, 0.5000000000000000000 ) ;
#2854 = AXIS2_PLACEMENT_3D ( 'NONE', #655, #951, #3219 ) ;
#2855 = CARTESIAN_POINT ( 'NONE',  ( -10.60000000000000000, 0.2500000000000002200, -2.539999999999999600 ) ) ;
#2856 = VERTEX_POINT ( 'NONE', #3280 ) ;
#2857 = CARTESIAN_POINT ( 'NONE',  ( 2.250000000000001300, 2.839999999999999900, -2.619999999999999200 ) ) ;
#2858 = CYLINDRICAL_SURFACE ( 'NONE', #3178, 0.3499999999999996400 ) ;
#2859 = ORIENTED_EDGE ( 'NONE', *, *, #63, .F. ) ;
#2860 = MECHANICAL_DESIGN_GEOMETRIC_PRESENTATION_REPRESENTATION (  '', ( #2678 ), #3044 ) ;
#2861 = AXIS2_PLACEMENT_3D ( 'NONE', #498, #3355, #784 ) ;
#2862 = CARTESIAN_POINT ( 'NONE',  ( -12.69999999999999900, 0.2500000000000002200, 2.039999999999997800 ) ) ;
#2863 = CARTESIAN_POINT ( 'NONE',  ( -10.25000000000000000, 2.839999999999999900, -4.759999999999999800 ) ) ;
#2864 = CIRCLE ( 'NONE', #3372, 0.1000000000000000700 ) ;
#2865 = ORIENTED_EDGE ( 'NONE', *, *, #344, .F. ) ;
#2866 = CARTESIAN_POINT ( 'NONE',  ( 10.25000000000000000, 2.489999999999999800, 4.759999999999999800 ) ) ;
#2867 = DIRECTION ( 'NONE',  ( -0.1736481776669305500, 0.9848077530122080200, 0.0000000000000000000 ) ) ;
#2868 = ORIENTED_EDGE ( 'NONE', *, *, #2133, .T. ) ;
#2869 = EDGE_CURVE ( 'NONE', #1195, #2593, #1098, .T. ) ;
#2870 = ADVANCED_FACE ( 'NONE', ( #2426 ), #2421, .T. ) ;
#2871 = B_SPLINE_CURVE_WITH_KNOTS ( 'NONE', 1,
 ( #759, #220 ),
 .UNSPECIFIED., .F., .F.,
 ( 2, 2 ),
 ( 0.0000000000000000000, 1.000000000000000000 ),
 .UNSPECIFIED. ) ;
#2872 = LINE ( 'NONE', #1512, #1866 ) ;
#2873 = ORIENTED_EDGE ( 'NONE', *, *, #457, .T. ) ;
#2874 = DIRECTION ( 'NONE',  ( 0.0000000000000000000, 0.0000000000000000000, 1.000000000000000000 ) ) ;
#2875 = CARTESIAN_POINT ( 'NONE',  ( -8.260301154062441100, 1.850883853913514800, -1.582555321405446600 ) ) ;
#2876 = EDGE_CURVE ( 'NONE', #313, #3310, #952, .T. ) ;
#2877 = CARTESIAN_POINT ( 'NONE',  ( 8.176099845098812900, 2.194546324120118600, -1.682555321405446700 ) ) ;
#2878 = ORIENTED_EDGE ( 'NONE', *, *, #3014, .T. ) ;
#2879 = CARTESIAN_POINT ( 'NONE',  ( 9.099999999999997900, 2.589999999999999400, -2.419999999999999900 ) ) ;
#2880 = VERTEX_POINT ( 'NONE', #405 ) ;
#2881 = VERTEX_POINT ( 'NONE', #2397 ) ;
#2882 = CARTESIAN_POINT ( 'NONE',  ( 9.099999999999997900, 2.589999999999999400, -2.419999999999999900 ) ) ;
#2883 = DIRECTION ( 'NONE',  ( 0.0000000000000000000, 1.000000000000000000, 0.0000000000000000000 ) ) ;
#2884 = CYLINDRICAL_SURFACE ( 'NONE', #689, 0.2999999999999999300 ) ;
#2885 = EDGE_CURVE ( 'NONE', #2900, #2701, #1640, .T. ) ;
#2886 = LINE ( 'NONE', #3376, #2214 ) ;
#2887 = DIRECTION ( 'NONE',  ( 0.9848077530122080200, 0.1736481776669306900, -2.775557561562891400E-017 ) ) ;
#2888 = DIRECTION ( 'NONE',  ( -0.0000000000000000000, -0.0000000000000000000, -1.000000000000000000 ) ) ;
#2889 = DIRECTION ( 'NONE',  ( 0.0000000000000000000, 0.0000000000000000000, 1.000000000000000000 ) ) ;
#2890 = FACE_OUTER_BOUND ( 'NONE', #3671, .T. ) ;
#2891 = DIRECTION ( 'NONE',  ( -0.0000000000000000000, 0.0000000000000000000, -1.000000000000000000 ) ) ;
#2892 = ORIENTED_EDGE ( 'NONE', *, *, #2375, .T. ) ;
#2893 = ADVANCED_FACE ( 'NONE', ( #766 ), #126, .F. ) ;
#2894 = EDGE_CURVE ( 'NONE', #1807, #722, #1783, .T. ) ;
#2895 = CARTESIAN_POINT ( 'NONE',  ( -7.860857594501004200, 2.391007513558879100, -1.932555321405446500 ) ) ;
#2896 = PLANE ( 'NONE',  #9 ) ;
#2897 = VERTEX_POINT ( 'NONE', #2407 ) ;
#2898 = CARTESIAN_POINT ( 'NONE',  ( -5.300357436669263400, 2.842492775492899200, -1.932555321405446500 ) ) ;
#2899 = EDGE_CURVE ( 'NONE', #1131, #1124, #2377, .T. ) ;
#2900 = VERTEX_POINT ( 'NONE', #2142 ) ;
#2901 = LINE ( 'NONE', #1119, #2149 ) ;
#2902 = CARTESIAN_POINT ( 'NONE',  ( 12.19999999999999600, 2.168404344971008900E-016, 2.540000000000000000 ) ) ;
#2903 = DIRECTION ( 'NONE',  ( 0.1736481776669307800, -0.9848077530122080200, -3.491481338843133400E-015 ) ) ;
#2904 = ORIENTED_EDGE ( 'NONE', *, *, #2111, .T. ) ;
#2905 = DIRECTION ( 'NONE',  ( -1.000000000000000000, 0.0000000000000000000, 0.0000000000000000000 ) ) ;
#2906 = DIRECTION ( 'NONE',  ( -0.1736481776669302800, -0.9848077530122081300, 0.0000000000000000000 ) ) ;
#2907 = ORIENTED_EDGE ( 'NONE', *, *, #2894, .T. ) ;
#2908 = CARTESIAN_POINT ( 'NONE',  ( 5.230898165602493300, 2.448569674288016500, 1.932555321405446700 ) ) ;
#2909 = FACE_OUTER_BOUND ( 'NONE', #169, .T. ) ;
#2910 = ORIENTED_EDGE ( 'NONE', *, *, #213, .F. ) ;
#2911 = CARTESIAN_POINT ( 'NONE',  ( -8.303713198479172800, 2.097085792166566900, -1.582555321405446000 ) ) ;
#2912 = ADVANCED_FACE ( 'NONE', ( #2240 ), #1550, .T. ) ;
#2913 = CARTESIAN_POINT ( 'NONE',  ( -7.780535705868807400, 1.935479446841742000, 1.469999999999999500 ) ) ;
#2914 = VECTOR ( 'NONE', #1705, 1000.000000000000000 ) ;
#2915 = ORIENTED_EDGE ( 'NONE', *, *, #1737, .T. ) ;
#2916 = AXIS2_PLACEMENT_3D ( 'NONE', #3612, #1654, #3074 ) ;
#2917 = CARTESIAN_POINT ( 'NONE',  ( -5.280812410220494100, 2.731647422330035500, 1.932555321405446100 ) ) ;
#2918 = DIRECTION ( 'NONE',  ( 0.0000000000000000000, 0.0000000000000000000, 1.000000000000000000 ) ) ;
#2919 = ORIENTED_EDGE ( 'NONE', *, *, #868, .T. ) ;
#2920 = CARTESIAN_POINT ( 'NONE',  ( -4.240884220458276800, 2.559615506024415200, 1.569999999999999000 ) ) ;
#2921 = DIRECTION ( 'NONE',  ( 0.0000000000000000000, 1.000000000000000000, -0.0000000000000000000 ) ) ;
#2922 = DIRECTION ( 'NONE',  ( 0.1736481776669307800, -0.9848077530122080200, -3.491481338843133400E-015 ) ) ;
#2923 = VERTEX_POINT ( 'NONE', #467 ) ;
#2924 = DIRECTION ( 'NONE',  ( 0.0000000000000000000, 0.0000000000000000000, 1.000000000000000000 ) ) ;
#2925 = ORIENTED_EDGE ( 'NONE', *, *, #646, .F. ) ;
#2926 = ORIENTED_EDGE ( 'NONE', *, *, #2876, .T. ) ;
#2927 = CARTESIAN_POINT ( 'NONE',  ( 2.550000000000001200, 2.839999999999999900, -2.919999999999999000 ) ) ;
#2928 = ORIENTED_EDGE ( 'NONE', *, *, #2460, .T. ) ;
#2929 = DIRECTION ( 'NONE',  ( 0.0000000000000000000, 0.0000000000000000000, -1.000000000000000000 ) ) ;
#2930 = ORIENTED_EDGE ( 'NONE', *, *, #770, .F. ) ;
#2931 = CARTESIAN_POINT ( 'NONE',  ( 0.1105717069063997000, 3.643300355081421100, -1.682555321405446100 ) ) ;
#2932 = ADVANCED_FACE ( 'NONE', ( #374 ), #1870, .T. ) ;
#2933 = CYLINDRICAL_SURFACE ( 'NONE', #2153, 0.2999999999999999300 ) ;
#2934 = CARTESIAN_POINT ( 'NONE',  ( -12.69999999999999900, 0.2500000000000002200, -2.039999999999995600 ) ) ;
#2935 = DIRECTION ( 'NONE',  ( 0.0000000000000000000, 0.0000000000000000000, -1.000000000000000000 ) ) ;
#2936 = LINE ( 'NONE', #3037, #2529 ) ;
#2937 = VECTOR ( 'NONE', #222, 999.9999999999998900 ) ;
#2938 = FACE_OUTER_BOUND ( 'NONE', #41, .T. ) ;
#2939 = EDGE_CURVE ( 'NONE', #2968, #1383, #907, .T. ) ;
#2940 = VECTOR ( 'NONE', #503, 1000.000000000000000 ) ;
#2941 = ORIENTED_EDGE ( 'NONE', *, *, #2050, .F. ) ;
#2942 = AXIS2_PLACEMENT_3D ( 'NONE', #2163, #3594, #175 ) ;
#2943 = EDGE_CURVE ( 'NONE', #2134, #711, #1320, .T. ) ;
#2944 = ORIENTED_EDGE ( 'NONE', *, *, #3169, .F. ) ;
#2945 = DIRECTION ( 'NONE',  ( -0.0000000000000000000, -1.000000000000000000, -0.0000000000000000000 ) ) ;
#2946 = LINE ( 'NONE', #1255, #363 ) ;
#2947 = ORIENTED_EDGE ( 'NONE', *, *, #3076, .T. ) ;
#2948 = ADVANCED_FACE ( 'NONE', ( #1728 ), #3345, .F. ) ;
#2949 = EDGE_CURVE ( 'NONE', #283, #505, #331, .T. ) ;
#2950 = FACE_OUTER_BOUND ( 'NONE', #328, .T. ) ;
#2951 = CARTESIAN_POINT ( 'NONE',  ( 8.152559529262081400, 2.225280923471198300, -1.932555321405446700 ) ) ;
#2952 = EDGE_LOOP ( 'NONE', ( #2147, #359, #3676, #2868 ) ) ;
#2953 = CARTESIAN_POINT ( 'NONE',  ( -10.70000000000000100, 0.0000000000000000000, 2.540000000000000000 ) ) ;
#2954 = DIRECTION ( 'NONE',  ( 6.106226635438361000E-016, 3.431283035482124400E-015, 1.000000000000000000 ) ) ;
#2955 = PLANE ( 'NONE',  #839 ) ;
#2956 = VERTEX_POINT ( 'NONE', #1041 ) ;
#2957 = CARTESIAN_POINT ( 'NONE',  ( -7.823947750285539900, 2.181681385094794000, 1.469999999999999500 ) ) ;
#2958 = LINE ( 'NONE', #877, #3340 ) ;
#2959 = PLANE ( 'NONE',  #3073 ) ;
#2960 = ORIENTED_EDGE ( 'NONE', *, *, #1880, .T. ) ;
#2961 = AXIS2_PLACEMENT_3D ( 'NONE', #21, #1181, #34 ) ;
#2962 = ORIENTED_EDGE ( 'NONE', *, *, #3648, .F. ) ;
#2963 = CARTESIAN_POINT ( 'NONE',  ( 7.774033505667539100, 1.898603637052774400, -1.682555321405447800 ) ) ;
#2964 = AXIS2_PLACEMENT_3D ( 'NONE', #516, #2000, #2801 ) ;
#2965 = DIRECTION ( 'NONE',  ( 0.0000000000000000000, 0.0000000000000000000, -1.000000000000000000 ) ) ;
#2966 = VERTEX_POINT ( 'NONE', #3583 ) ;
#2967 = ADVANCED_FACE ( 'NONE', ( #1004 ), #3502, .F. ) ;
#2968 = VERTEX_POINT ( 'NONE', #3293 ) ;
#2969 = CARTESIAN_POINT ( 'NONE',  ( 10.60000000000000000, 2.489999999999999800, -4.759999999999999800 ) ) ;
#2970 = DIRECTION ( 'NONE',  ( -1.000000000000000000, 0.0000000000000000000, 0.0000000000000000000 ) ) ;
#2971 = ORIENTED_EDGE ( 'NONE', *, *, #2057, .T. ) ;
#2972 = CARTESIAN_POINT ( 'NONE',  ( -10.60000000000000000, 0.2500000000000002200, 2.540000000000000000 ) ) ;
#2973 = CARTESIAN_POINT ( 'NONE',  ( 5.280812410220491400, 2.731647422330035100, 1.582555321405446000 ) ) ;
#2974 = FACE_OUTER_BOUND ( 'NONE', #1410, .T. ) ;
#2975 = AXIS2_PLACEMENT_3D ( 'NONE', #862, #2839, #2569 ) ;
#2976 = ORIENTED_EDGE ( 'NONE', *, *, #1851, .T. ) ;
#2977 = DIRECTION ( 'NONE',  ( 1.000000000000000000, -0.0000000000000000000, 1.433655765270088800E-016 ) ) ;
#2978 = ORIENTED_EDGE ( 'NONE', *, *, #1254, .T. ) ;
#2979 = AXIS2_PLACEMENT_3D ( 'NONE', #2842, #827, #2258 ) ;
#2980 = ADVANCED_FACE ( 'NONE', ( #859 ), #3301, .F. ) ;
#2981 = AXIS2_PLACEMENT_3D ( 'NONE', #2817, #1122, #2256 ) ;
#2982 = ORIENTED_EDGE ( 'NONE', *, *, #3359, .T. ) ;
#2983 = LINE ( 'NONE', #3451, #2107 ) ;
#2984 = ORIENTED_EDGE ( 'NONE', *, *, #2091, .T. ) ;
#2985 = AXIS2_PLACEMENT_3D ( 'NONE', #2234, #2805, #1114 ) ;
#2986 = FACE_OUTER_BOUND ( 'NONE', #1374, .T. ) ;
#2987 = EDGE_CURVE ( 'NONE', #2059, #2638, #86, .T. ) ;
#2988 = DIRECTION ( 'NONE',  ( 0.0000000000000000000, 0.0000000000000000000, 1.000000000000000000 ) ) ;
#2989 = ORIENTED_EDGE ( 'NONE', *, *, #1431, .F. ) ;
#2990 = CARTESIAN_POINT ( 'NONE',  ( 8.199668155050604300, 2.163970487284826200, 1.671778011766427600 ) ) ;
#2991 = CARTESIAN_POINT ( 'NONE',  ( -10.69999999999999900, 0.3500000000000000300, -2.540000000000000500 ) ) ;
#2992 = LINE ( 'NONE', #3002, #812 ) ;
#2993 = ORIENTED_EDGE ( 'NONE', *, *, #2125, .T. ) ;
#2994 = EDGE_CURVE ( 'NONE', #3699, #553, #176, .T. ) ;
#2995 =( NAMED_UNIT ( * ) SI_UNIT ( $, .STERADIAN. ) SOLID_ANGLE_UNIT ( ) );
#2996 = VECTOR ( 'NONE', #3635, 1000.000000000000000 ) ;
#2997 = ORIENTED_EDGE ( 'NONE', *, *, #3633, .T. ) ;
#2998 = CARTESIAN_POINT ( 'NONE',  ( 5.300357436669263400, 2.842492775492899200, -1.932555321405446500 ) ) ;
#2999 = AXIS2_PLACEMENT_3D ( 'NONE', #1108, #1675, #791 ) ;
#3000 = VECTOR ( 'NONE', #3605, 1000.000000000000000 ) ;
#3001 = ORIENTED_EDGE ( 'NONE', *, *, #1823, .T. ) ;
#3002 = CARTESIAN_POINT ( 'NONE',  ( -8.316351626791643500, 2.094857296261328500, -1.469999999999999500 ) ) ;
#3003 = DIRECTION ( 'NONE',  ( 0.0000000000000000000, 0.0000000000000000000, -1.000000000000000000 ) ) ;
#3004 = DIRECTION ( 'NONE',  ( 0.7071067811865487900, 0.0000000000000000000, -0.7071067811865463500 ) ) ;
#3005 = ORIENTED_EDGE ( 'NONE', *, *, #1354, .F. ) ;
#3006 = EDGE_CURVE ( 'NONE', #215, #3310, #138, .T. ) ;
#3007 = DIRECTION ( 'NONE',  ( -0.0000000000000000000, -1.000000000000000000, -0.0000000000000000000 ) ) ;
#3008 = ORIENTED_EDGE ( 'NONE', *, *, #2885, .T. ) ;
#3009 = AXIS2_PLACEMENT_3D ( 'NONE', #953, #2090, #2970 ) ;
#3010 = DIRECTION ( 'NONE',  ( -0.1736481776669307200, -0.9848077530122080200, 3.491481338843133400E-015 ) ) ;
#3011 = VERTEX_POINT ( 'NONE', #2466 ) ;
#3012 = CARTESIAN_POINT ( 'NONE',  ( 10.69999999999999900, 0.3500000000000000300, 2.540000000000000500 ) ) ;
#3013 = ORIENTED_EDGE ( 'NONE', *, *, #2811, .F. ) ;
#3014 = EDGE_CURVE ( 'NONE', #555, #3168, #3083, .T. ) ;
#3015 = LINE ( 'NONE', #2325, #2527 ) ;
#3016 = LINE ( 'NONE', #3322, #3680 ) ;
#3017 = ORIENTED_EDGE ( 'NONE', *, *, #2994, .T. ) ;
#3018 = DIRECTION ( 'NONE',  ( 0.0000000000000000000, 0.0000000000000000000, -1.000000000000000000 ) ) ;
#3019 = DIRECTION ( 'NONE',  ( 0.9848077530122080200, 0.1736481776669306900, 8.326672684688646900E-017 ) ) ;
#3020 = ORIENTED_EDGE ( 'NONE', *, *, #956, .F. ) ;
#3021 = CIRCLE ( 'NONE', #388, 0.5000000000000000000 ) ;
#3022 = ORIENTED_EDGE ( 'NONE', *, *, #2843, .F. ) ;
#3023 = DIRECTION ( 'NONE',  ( 1.000000000000000000, 0.0000000000000000000, 0.0000000000000000000 ) ) ;
#3024 = CIRCLE ( 'NONE', #1372, 0.09999999999999939500 ) ;
#3025 = VERTEX_POINT ( 'NONE', #779 ) ;
#3026 = CARTESIAN_POINT ( 'NONE',  ( 8.152559529262081400, 2.225280923471200100, -1.932555321405446500 ) ) ;
#3027 = DIRECTION ( 'NONE',  ( -0.0000000000000000000, -1.000000000000000000, -0.0000000000000000000 ) ) ;
#3028 = VECTOR ( 'NONE', #2743, 1000.000000000000000 ) ;
#3029 = ORIENTED_EDGE ( 'NONE', *, *, #845, .F. ) ;
#3030 = EDGE_CURVE ( 'NONE', #385, #2827, #1046, .T. ) ;
#3031 = DIRECTION ( 'NONE',  ( 0.0000000000000000000, 0.0000000000000000000, 1.000000000000000000 ) ) ;
#3032 = FACE_OUTER_BOUND ( 'NONE', #419, .T. ) ;
#3033 = ORIENTED_EDGE ( 'NONE', *, *, #2994, .F. ) ;
#3034 = CARTESIAN_POINT ( 'NONE',  ( 10.60000000000000000, 2.168404344971008900E-016, -2.539999999999999600 ) ) ;
#3035 = EDGE_CURVE ( 'NONE', #913, #1980, #3119, .T. ) ;
#3036 = ORIENTED_EDGE ( 'NONE', *, *, #3030, .F. ) ;
#3037 = CARTESIAN_POINT ( 'NONE',  ( 2.550000000000001200, 2.589999999999999400, 2.919999999999999000 ) ) ;
#3038 = EDGE_LOOP ( 'NONE', ( #2944, #1854, #1530, #3389 ) ) ;
#3039 = AXIS2_PLACEMENT_3D ( 'NONE', #188, #3314, #2169 ) ;
#3040 = DIRECTION ( 'NONE',  ( -0.1736481776669307200, 0.9848077530122080200, 0.0000000000000000000 ) ) ;
#3041 = EDGE_LOOP ( 'NONE', ( #1877, #1052, #2539, #139 ) ) ;
#3042 = CARTESIAN_POINT ( 'NONE',  ( 10.35000000000000000, 2.489999999999999800, 4.759999999999999800 ) ) ;
#3043 = DIRECTION ( 'NONE',  ( -0.9848077530122081300, 0.1736481776669307500, 7.023930430159220100E-017 ) ) ;
#3044 =( GEOMETRIC_REPRESENTATION_CONTEXT ( 3 ) GLOBAL_UNCERTAINTY_ASSIGNED_CONTEXT ( ( #1987 ) ) GLOBAL_UNIT_ASSIGNED_CONTEXT ( ( #957, #664, #2661 ) ) REPRESENTATION_CONTEXT ( 'NONE', 'WORKASPACE' ) );
#3045 = ORIENTED_EDGE ( 'NONE', *, *, #1801, .T. ) ;
#3046 = CARTESIAN_POINT ( 'NONE',  ( -8.272939582374910100, 1.848655358008276500, -1.469999999999999500 ) ) ;
#3047 = ORIENTED_EDGE ( 'NONE', *, *, #3458, .T. ) ;
#3048 = ORIENTED_EDGE ( 'NONE', *, *, #3216, .F. ) ;
#3049 = CARTESIAN_POINT ( 'NONE',  ( 8.275590708465687200, 2.102044545920649400, -1.608768886934172300 ) ) ;
#3050 = EDGE_CURVE ( 'NONE', #2010, #2390, #631, .T. ) ;
#3051 = LINE ( 'NONE', #1279, #2396 ) ;
#3052 = LINE ( 'NONE', #3240, #2665 ) ;
#3053 = FACE_OUTER_BOUND ( 'NONE', #2471, .T. ) ;
#3054 = CARTESIAN_POINT ( 'NONE',  ( -2.604466659320838800, 3.102016726729526700, -1.569999999999998700 ) ) ;
#3055 = EDGE_CURVE ( 'NONE', #1107, #2590, #2513, .T. ) ;
#3056 = CYLINDRICAL_SURFACE ( 'NONE', #74, 0.09999999999999939500 ) ;
#3057 = VECTOR ( 'NONE', #648, 1000.000000000000000 ) ;
#3058 = CARTESIAN_POINT ( 'NONE',  ( 15.05000000000000100, 0.2500000000000002200, 0.3100000000000151500 ) ) ;
#3059 = ORIENTED_EDGE ( 'NONE', *, *, #2758, .F. ) ;
#3060 = VECTOR ( 'NONE', #2109, 1000.000000000000000 ) ;
#3061 = DIRECTION ( 'NONE',  ( -0.1736481776669316900, 0.9848077530122078000, -3.469446951953613400E-015 ) ) ;
#3062 = EDGE_LOOP ( 'NONE', ( #2160, #688, #2926, #3275 ) ) ;
#3063 = ADVANCED_FACE ( 'NONE', ( #3211 ), #2157, .T. ) ;
#3064 = VECTOR ( 'NONE', #920, 1000.000000000000000 ) ;
#3065 = EDGE_CURVE ( 'NONE', #1673, #1718, #2334, .T. ) ;
#3066 = CARTESIAN_POINT ( 'NONE',  ( 2.501111815307353500E-016, 2.589999999999999400, 4.759999999999999800 ) ) ;
#3067 = EDGE_LOOP ( 'NONE', ( #1837, #2067, #1312, #869 ) ) ;
#3068 = CARTESIAN_POINT ( 'NONE',  ( -8.164765774820033100, 2.129847056637205000, 1.932555321405445400 ) ) ;
#3069 = CARTESIAN_POINT ( 'NONE',  ( 2.550000000000001200, 2.589999999999999400, 1.869999999999998800 ) ) ;
#3070 = FACE_OUTER_BOUND ( 'NONE', #309, .T. ) ;
#3071 = EDGE_LOOP ( 'NONE', ( #706, #2327, #1182, #1388 ) ) ;
#3072 = CARTESIAN_POINT ( 'NONE',  ( -3.893587865124414900, 0.5899999999999994100, -1.569999999999998500 ) ) ;
#3073 = AXIS2_PLACEMENT_3D ( 'NONE', #686, #2408, #3207 ) ;
#3074 = DIRECTION ( 'NONE',  ( 0.0000000000000000000, 0.0000000000000000000, 1.000000000000000000 ) ) ;
#3075 = LINE ( 'NONE', #968, #451 ) ;
#3076 = EDGE_CURVE ( 'NONE', #3228, #742, #3662, .T. ) ;
#3077 = EDGE_LOOP ( 'NONE', ( #3710, #2865, #3561, #1641 ) ) ;
#3078 = CIRCLE ( 'NONE', #2648, 0.09999999999999939500 ) ;
#3079 = CARTESIAN_POINT ( 'NONE',  ( -3.893587865124414900, 2.839999999999999900, 1.569999999999998700 ) ) ;
#3080 = CIRCLE ( 'NONE', #1859, 0.3499999999999996400 ) ;
#3081 = ORIENTED_EDGE ( 'NONE', *, *, #525, .T. ) ;
#3082 = EDGE_CURVE ( 'NONE', #3506, #1276, #1317, .T. ) ;
#3083 = LINE ( 'NONE', #3042, #3497 ) ;
#3084 = ORIENTED_EDGE ( 'NONE', *, *, #3599, .F. ) ;
#3085 = DIRECTION ( 'NONE',  ( 0.0000000000000000000, -0.0000000000000000000, -1.000000000000000000 ) ) ;
#3086 = VERTEX_POINT ( 'NONE', #1999 ) ;
#3087 = CARTESIAN_POINT ( 'NONE',  ( -8.599999999999999600, 2.839999999999999900, 2.919999999999999900 ) ) ;
#3088 = ADVANCED_FACE ( 'NONE', ( #2819 ), #1419, .F. ) ;
#3089 = ORIENTED_EDGE ( 'NONE', *, *, #2063, .T. ) ;
#3090 = ORIENTED_EDGE ( 'NONE', *, *, #3415, .T. ) ;
#3091 = ORIENTED_EDGE ( 'NONE', *, *, #3584, .T. ) ;
#3092 = EDGE_LOOP ( 'NONE', ( #1986, #659, #1002, #2457 ) ) ;
#3093 = CARTESIAN_POINT ( 'NONE',  ( 10.35000000000000000, 0.3499999999999998700, 2.540000000000000000 ) ) ;
#3094 = CARTESIAN_POINT ( 'NONE',  ( 2.561054614904106700, 2.855814788476474400, 1.569999999999998700 ) ) ;
#3095 = LINE ( 'NONE', #1509, #2353 ) ;
#3096 = DIRECTION ( 'NONE',  ( -0.0000000000000000000, -1.000000000000000000, -0.0000000000000000000 ) ) ;
#3097 = B_SPLINE_CURVE_WITH_KNOTS ( 'NONE', 3,
 ( #2094, #1549, #647, #1228 ),
 .UNSPECIFIED., .F., .F.,
 ( 4, 4 ),
 ( 0.0000000000000000000, 1.000000000000000000 ),
 .UNSPECIFIED. ) ;
#3098 = LINE ( 'NONE', #456, #1885 ) ;
#3099 = CARTESIAN_POINT ( 'NONE',  ( -10.69999999999999900, 0.3500000000000001400, 4.759999999999999800 ) ) ;
#3100 = ORIENTED_EDGE ( 'NONE', *, *, #916, .F. ) ;
#3101 = DIRECTION ( 'NONE',  ( 1.000000000000000000, 0.0000000000000000000, 0.0000000000000000000 ) ) ;
#3102 = LINE ( 'NONE', #118, #254 ) ;
#3103 = DIRECTION ( 'NONE',  ( 0.1736481776669305500, 0.9848077530122080200, 0.0000000000000000000 ) ) ;
#3104 = DIRECTION ( 'NONE',  ( -1.000000000000000000, -1.084202172485510900E-015, 0.0000000000000000000 ) ) ;
#3105 = DIRECTION ( 'NONE',  ( -1.000000000000000000, 0.0000000000000000000, 0.0000000000000000000 ) ) ;
#3106 = VERTEX_POINT ( 'NONE', #3665 ) ;
#3107 = LINE ( 'NONE', #2491, #3526 ) ;
#3108 = CARTESIAN_POINT ( 'NONE',  ( 5.220035548037066600, 2.386964708775761500, 1.582555321405445700 ) ) ;
#3109 = ORIENTED_EDGE ( 'NONE', *, *, #2125, .F. ) ;
#3110 = VECTOR ( 'NONE', #896, 1000.000000000000000 ) ;
#3111 = EDGE_CURVE ( 'NONE', #1253, #2410, #2797, .T. ) ;
#3112 = DIRECTION ( 'NONE',  ( 0.0000000000000000000, 0.0000000000000000000, -1.000000000000000000 ) ) ;
#3113 = DIRECTION ( 'NONE',  ( 0.0000000000000000000, 0.0000000000000000000, 1.000000000000000000 ) ) ;
#3114 = ORIENTED_EDGE ( 'NONE', *, *, #3466, .T. ) ;
#3115 = VECTOR ( 'NONE', #923, 1000.000000000000000 ) ;
#3116 = CARTESIAN_POINT ( 'NONE',  ( 7.774033505667539100, 1.898603637052775000, -1.932555321405448100 ) ) ;
#3117 = EDGE_LOOP ( 'NONE', ( #2061, #2659, #637, #2915, #3586, #3090 ) ) ;
#3118 = EDGE_CURVE ( 'NONE', #3570, #2583, #2179, .T. ) ;
#3119 = CIRCLE ( 'NONE', #2999, 2.000000000000000000 ) ;
#3120 = ORIENTED_EDGE ( 'NONE', *, *, #2183, .T. ) ;
#3121 = ADVANCED_FACE ( 'NONE', ( #744 ), #2526, .T. ) ;
#3122 = DIRECTION ( 'NONE',  ( -0.9848077530122081300, 0.1736481776669307500, 1.848892746611747000E-032 ) ) ;
#3123 = EDGE_CURVE ( 'NONE', #3130, #2809, #885, .T. ) ;
#3124 = ORIENTED_EDGE ( 'NONE', *, *, #1236, .F. ) ;
#3125 = DIRECTION ( 'NONE',  ( 0.1736481776669307200, 0.9848077530122080200, 0.0000000000000000000 ) ) ;
#3126 = EDGE_LOOP ( 'NONE', ( #618, #3154, #2374, #2207 ) ) ;
#3127 = PLANE ( 'NONE',  #1554 ) ;
#3128 = CARTESIAN_POINT ( 'NONE',  ( -3.893587865124414900, 0.5899999999999994100, -1.569999999999999400 ) ) ;
#3129 = CARTESIAN_POINT ( 'NONE',  ( 5.220035548037066600, 2.386964708775761500, -1.582555321405446400 ) ) ;
#3130 = VERTEX_POINT ( 'NONE', #1961 ) ;
#3131 = ORIENTED_EDGE ( 'NONE', *, *, #3519, .F. ) ;
#3132 = DIRECTION ( 'NONE',  ( 1.000000000000000000, 0.0000000000000000000, 1.433655765270088800E-016 ) ) ;
#3133 = VECTOR ( 'NONE', #625, 1000.000000000000000 ) ;
#3134 = EDGE_LOOP ( 'NONE', ( #121, #3555, #750, #1454 ) ) ;
#3135 = CARTESIAN_POINT ( 'NONE',  ( 0.1105717069064017500, 3.643300355081422000, 1.932555321405445200 ) ) ;
#3136 = ORIENTED_EDGE ( 'NONE', *, *, #1446, .F. ) ;
#3137 = VECTOR ( 'NONE', #611, 1000.000000000000000 ) ;
#3138 = FACE_OUTER_BOUND ( 'NONE', #600, .T. ) ;
#3139 = DIRECTION ( 'NONE',  ( 0.9848077530122080200, -0.1736481776669307200, -8.031127203596334300E-017 ) ) ;
#3140 = AXIS2_PLACEMENT_3D ( 'NONE', #1798, #357, #2345 ) ;
#3141 = CIRCLE ( 'NONE', #3621, 0.3499999999999999200 ) ;
#3142 = DIRECTION ( 'NONE',  ( 6.106226635438361000E-016, -3.431283035482124400E-015, -1.000000000000000000 ) ) ;
#3143 = CARTESIAN_POINT ( 'NONE',  ( -7.823947750285539900, 2.181681385094794000, -1.469999999999999500 ) ) ;
#3144 = CIRCLE ( 'NONE', #424, 0.5000000000000000000 ) ;
#3145 = EDGE_CURVE ( 'NONE', #2242, #1645, #3639, .T. ) ;
#3146 = EDGE_LOOP ( 'NONE', ( #1868, #2433, #1878, #3598 ) ) ;
#3147 = DIRECTION ( 'NONE',  ( -0.9848077530122088000, 0.1736481776669271100, 1.213453996482837600E-013 ) ) ;
#3148 = FACE_OUTER_BOUND ( 'NONE', #1582, .T. ) ;
#3149 = CARTESIAN_POINT ( 'NONE',  ( 2.250000000000001300, 2.589999999999999400, 1.869999999999998800 ) ) ;
#3150 = ORIENTED_EDGE ( 'NONE', *, *, #1983, .T. ) ;
#3151 = VERTEX_POINT ( 'NONE', #2506 ) ;
#3152 = DIRECTION ( 'NONE',  ( -0.1736481776669307800, 0.9848077530122080200, 3.491481338843133400E-015 ) ) ;
#3153 = LINE ( 'NONE', #924, #2412 ) ;
#3154 = ORIENTED_EDGE ( 'NONE', *, *, #1021, .T. ) ;
#3155 = CARTESIAN_POINT ( 'NONE',  ( -12.69999999999999900, 2.168404344971008900E-016, -2.039999999999995600 ) ) ;
#3156 = ADVANCED_FACE ( 'NONE', ( #3684, #203, #1432 ), #2252, .F. ) ;
#3157 = LINE ( 'NONE', #1504, #3568 ) ;
#3158 = CARTESIAN_POINT ( 'NONE',  ( -4.240884220458276800, 2.559615506024415200, 1.569999999999999000 ) ) ;
#3159 = LINE ( 'NONE', #2895, #1087 ) ;
#3160 = ORIENTED_EDGE ( 'NONE', *, *, #696, .T. ) ;
#3161 = AXIS2_PLACEMENT_3D ( 'NONE', #261, #1142, #1429 ) ;
#3162 = CARTESIAN_POINT ( 'NONE',  ( 9.099999999999997900, 2.589999999999999400, 2.419999999999999900 ) ) ;
#3163 = LINE ( 'NONE', #2532, #2776 ) ;
#3164 = DIRECTION ( 'NONE',  ( 0.0000000000000000000, 1.000000000000000000, 0.0000000000000000000 ) ) ;
#3165 = VECTOR ( 'NONE', #531, 1000.000000000000000 ) ;
#3166 = ORIENTED_EDGE ( 'NONE', *, *, #1283, .T. ) ;
#3167 = DIRECTION ( 'NONE',  ( 0.0000000000000000000, 0.0000000000000000000, -1.000000000000000000 ) ) ;
#3168 = VERTEX_POINT ( 'NONE', #2311 ) ;
#3169 = EDGE_CURVE ( 'NONE', #711, #1467, #2671, .T. ) ;
#3170 = ORIENTED_EDGE ( 'NONE', *, *, #1167, .F. ) ;
#3171 = EDGE_CURVE ( 'NONE', #2723, #500, #654, .T. ) ;
#3172 = LINE ( 'NONE', #2917, #1109 ) ;
#3173 = CARTESIAN_POINT ( 'NONE',  ( -10.35000000000000000, 2.839999999999999900, 4.759999999999999800 ) ) ;
#3174 = ORIENTED_EDGE ( 'NONE', *, *, #763, .F. ) ;
#3175 = CARTESIAN_POINT ( 'NONE',  ( 7.860857594501004200, 2.391007513558878200, -1.682555321405446100 ) ) ;
#3176 = ADVANCED_FACE ( 'NONE', ( #1342 ), #1846, .T. ) ;
#3177 = ORIENTED_EDGE ( 'NONE', *, *, #3584, .F. ) ;
#3178 = AXIS2_PLACEMENT_3D ( 'NONE', #2866, #3694, #13 ) ;
#3179 = PLANE ( 'NONE',  #2854 ) ;
#3180 = DIRECTION ( 'NONE',  ( 0.0000000000000000000, 1.000000000000000000, 0.0000000000000000000 ) ) ;
#3181 = EDGE_CURVE ( 'NONE', #2384, #1262, #2248, .T. ) ;
#3182 = CARTESIAN_POINT ( 'NONE',  ( -9.945644454237019300, 1.909111672496501600, -1.582555321405446600 ) ) ;
#3183 = LINE ( 'NONE', #3094, #147 ) ;
#3184 = CARTESIAN_POINT ( 'NONE',  ( -10.60000000000000000, 0.3500000000000000300, -2.539999999999999600 ) ) ;
#3185 = PLANE ( 'NONE',  #709 ) ;
#3186 = VECTOR ( 'NONE', #2364, 1000.000000000000000 ) ;
#3187 = DIRECTION ( 'NONE',  ( 0.0000000000000000000, 0.0000000000000000000, 1.000000000000000000 ) ) ;
#3188 = EDGE_LOOP ( 'NONE', ( #3194, #3120, #2685, #1328 ) ) ;
#3189 = DIRECTION ( 'NONE',  ( 0.0000000000000000000, 0.0000000000000000000, -1.000000000000000000 ) ) ;
#3190 = AXIS2_PLACEMENT_3D ( 'NONE', #2577, #1715, #897 ) ;
#3191 = EDGE_CURVE ( 'NONE', #3690, #1139, #1756, .T. ) ;
#3192 = VECTOR ( 'NONE', #731, 1000.000000000000000 ) ;
#3193 = DIRECTION ( 'NONE',  ( 0.1736481776669307800, 0.9848077530122080200, 3.491481338843133400E-015 ) ) ;
#3194 = ORIENTED_EDGE ( 'NONE', *, *, #1400, .T. ) ;
#3195 = DIRECTION ( 'NONE',  ( 0.0000000000000000000, 0.0000000000000000000, -1.000000000000000000 ) ) ;
#3196 = LINE ( 'NONE', #1977, #936 ) ;
#3197 = ADVANCED_FACE ( 'NONE', ( #2890 ), #2328, .F. ) ;
#3198 = EDGE_CURVE ( 'NONE', #3570, #728, #3520, .T. ) ;
#3199 = PLANE ( 'NONE',  #3491 ) ;
#3200 = ORIENTED_EDGE ( 'NONE', *, *, #89, .F. ) ;
#3201 = CARTESIAN_POINT ( 'NONE',  ( 5.300357436669263400, 2.842492775492899200, -1.932555321405446500 ) ) ;
#3202 = CARTESIAN_POINT ( 'NONE',  ( -2.561054614904106700, 2.855814788476474400, 1.569999999999998700 ) ) ;
#3203 = EDGE_LOOP ( 'NONE', ( #1511, #2749, #3290, #628 ) ) ;
#3204 = CARTESIAN_POINT ( 'NONE',  ( 5.280812410220494100, 2.731647422330035100, -1.582555321405446200 ) ) ;
#3205 = CARTESIAN_POINT ( 'NONE',  ( 2.550000000000001200, 2.589999999999999400, 2.619999999999999200 ) ) ;
#3206 = EDGE_LOOP ( 'NONE', ( #2738, #1088, #887, #3687 ) ) ;
#3207 = DIRECTION ( 'NONE',  ( 0.0000000000000000000, 0.0000000000000000000, 1.000000000000000000 ) ) ;
#3208 = VECTOR ( 'NONE', #1774, 1000.000000000000000 ) ;
#3209 = ORIENTED_EDGE ( 'NONE', *, *, #3221, .F. ) ;
#3210 = DIRECTION ( 'NONE',  ( 0.0000000000000000000, 0.7199600325465649300, 0.6940155268692114200 ) ) ;
#3211 = FACE_OUTER_BOUND ( 'NONE', #1634, .T. ) ;
#3212 = EDGE_LOOP ( 'NONE', ( #1600, #2892, #1011, #1724 ) ) ;
#3213 = AXIS2_PLACEMENT_3D ( 'NONE', #3703, #1782, #348 ) ;
#3214 = CARTESIAN_POINT ( 'NONE',  ( 2.550000000000001200, 2.589999999999999400, -1.869999999999998800 ) ) ;
#3215 = CARTESIAN_POINT ( 'NONE',  ( -10.60000000000000000, 0.2500000000000002200, 4.759999999999999800 ) ) ;
#3216 = EDGE_CURVE ( 'NONE', #385, #3288, #2306, .T. ) ;
#3217 = ADVANCED_FACE ( 'NONE', ( #476 ), #3056, .F. ) ;
#3218 = VERTEX_POINT ( 'NONE', #281 ) ;
#3219 = DIRECTION ( 'NONE',  ( 0.1736481776669271100, 0.9848077530122086900, 0.0000000000000000000 ) ) ;
#3220 = DIRECTION ( 'NONE',  ( 1.000000000000000000, 0.0000000000000000000, -0.0000000000000000000 ) ) ;
#3221 = EDGE_CURVE ( 'NONE', #3517, #290, #3144, .T. ) ;
#3222 = ORIENTED_EDGE ( 'NONE', *, *, #2493, .T. ) ;
#3223 = CARTESIAN_POINT ( 'NONE',  ( -8.260301154062439400, 1.850883853913515100, -1.582555321405446200 ) ) ;
#3224 = ORIENTED_EDGE ( 'NONE', *, *, #2011, .F. ) ;
#3225 = CARTESIAN_POINT ( 'NONE',  ( -8.249411829663543500, 2.117604155590156400, 1.634753987281774200 ) ) ;
#3226 = CARTESIAN_POINT ( 'NONE',  ( 10.69999999999999900, 0.2500000000000001700, -2.539999999999999600 ) ) ;
#3227 = CARTESIAN_POINT ( 'NONE',  ( 10.60000000000000000, 2.489999999999999800, 4.759999999999999800 ) ) ;
#3228 = VERTEX_POINT ( 'NONE', #871 ) ;
#3229 = CARTESIAN_POINT ( 'NONE',  ( 5.300357436669265200, 2.842492775492899700, 1.932555321405445600 ) ) ;
#3230 = AXIS2_PLACEMENT_3D ( 'NONE', #1069, #1617, #1939 ) ;
#3231 = LINE ( 'NONE', #745, #430 ) ;
#3232 = DIRECTION ( 'NONE',  ( 0.0000000000000000000, 1.000000000000000000, 0.0000000000000000000 ) ) ;
#3233 = CARTESIAN_POINT ( 'NONE',  ( 10.70000000000000100, 0.0000000000000000000, 2.540000000000000000 ) ) ;
#3234 = FACE_OUTER_BOUND ( 'NONE', #35, .T. ) ;
#3235 = LINE ( 'NONE', #2414, #977 ) ;
#3236 = LINE ( 'NONE', #2388, #1753 ) ;
#3237 = ADVANCED_FACE ( 'NONE', ( #2096 ), #3469, .T. ) ;
#3238 = AXIS2_PLACEMENT_3D ( 'NONE', #870, #3147, #585 ) ;
#3239 = PRODUCT_CONTEXT ( 'NONE', #3700, 'mechanical' ) ;
#3240 = CARTESIAN_POINT ( 'NONE',  ( 5.263447592453799100, 2.633166647028813800, 1.569999999999999000 ) ) ;
#3241 = ORIENTED_EDGE ( 'NONE', *, *, #3421, .F. ) ;
#3242 = AXIS2_PLACEMENT_3D ( 'NONE', #2972, #1319, #619 ) ;
#3243 = EDGE_CURVE ( 'NONE', #401, #2764, #3419, .T. ) ;
#3244 = ORIENTED_EDGE ( 'NONE', *, *, #3512, .T. ) ;
#3245 = DIRECTION ( 'NONE',  ( -0.0000000000000000000, 0.0000000000000000000, -1.000000000000000000 ) ) ;
#3246 = CARTESIAN_POINT ( 'NONE',  ( -10.60000000000000000, 2.489999999999999800, -4.759999999999999800 ) ) ;
#3247 = CYLINDRICAL_SURFACE ( 'NONE', #639, 2.000000000000000000 ) ;
#3248 = ORIENTED_EDGE ( 'NONE', *, *, #1692, .T. ) ;
#3249 = CYLINDRICAL_SURFACE ( 'NONE', #2439, 0.09999999999999939500 ) ;
#3250 = DIRECTION ( 'NONE',  ( 0.1736481776669307800, -0.9848077530122080200, -3.491481338843133400E-015 ) ) ;
#3251 = CARTESIAN_POINT ( 'NONE',  ( -8.289242517006929500, 2.015018479415549900, -1.582555321405446600 ) ) ;
#3252 = EDGE_LOOP ( 'NONE', ( #2941, #3532, #1699, #2318 ) ) ;
#3253 = CARTESIAN_POINT ( 'NONE',  ( -10.70000000000000100, 0.0000000000000000000, 2.540000000000000000 ) ) ;
#3254 = CYLINDRICAL_SURFACE ( 'NONE', #1411, 0.3499999999999999200 ) ;
#3255 = VERTEX_POINT ( 'NONE', #2902 ) ;
#3256 = ADVANCED_FACE ( 'NONE', ( #2576 ), #562, .F. ) ;
#3257 = DIRECTION ( 'NONE',  ( 0.1736481776669307200, 0.9848077530122080200, -0.0000000000000000000 ) ) ;
#3258 = CARTESIAN_POINT ( 'NONE',  ( -2.550000000000001200, 2.839999999999999900, 1.569999999999999000 ) ) ;
#3259 = FACE_OUTER_BOUND ( 'NONE', #2395, .T. ) ;
#3260 = CARTESIAN_POINT ( 'NONE',  ( -0.04979484472297519100, 3.298617641527148000, 4.759999999999999800 ) ) ;
#3261 = ORIENTED_EDGE ( 'NONE', *, *, #1607, .T. ) ;
#3262 = EDGE_CURVE ( 'NONE', #3106, #2923, #1574, .T. ) ;
#3263 = VECTOR ( 'NONE', #1923, 1000.000000000000000 ) ;
#3264 = ORIENTED_EDGE ( 'NONE', *, *, #2605, .T. ) ;
#3265 = CARTESIAN_POINT ( 'NONE',  ( 10.25000000000000000, 2.489999999999999800, 4.759999999999999800 ) ) ;
#3266 = AXIS2_PLACEMENT_3D ( 'NONE', #28, #1477, #1762 ) ;
#3267 = DIRECTION ( 'NONE',  ( 0.0000000000000000000, 0.0000000000000000000, 1.000000000000000000 ) ) ;
#3268 = ORIENTED_EDGE ( 'NONE', *, *, #457, .F. ) ;
#3269 = EDGE_CURVE ( 'NONE', #3288, #1738, #1073, .T. ) ;
#3270 = ORIENTED_EDGE ( 'NONE', *, *, #2486, .F. ) ;
#3271 = DIRECTION ( 'NONE',  ( 0.0000000000000000000, -0.0000000000000000000, -1.000000000000000000 ) ) ;
#3272 = CARTESIAN_POINT ( 'NONE',  ( 8.303713198479171000, 2.097085792166566900, 1.582555321405446200 ) ) ;
#3273 = EDGE_CURVE ( 'NONE', #3500, #2838, #517, .T. ) ;
#3274 = ORIENTED_EDGE ( 'NONE', *, *, #3311, .F. ) ;
#3275 = ORIENTED_EDGE ( 'NONE', *, *, #3006, .F. ) ;
#3276 = CARTESIAN_POINT ( 'NONE',  ( -8.272939582374910100, 1.848655358008276500, -1.469999999999999500 ) ) ;
#3277 = CARTESIAN_POINT ( 'NONE',  ( 10.60000000000000000, 2.839999999999999900, 4.759999999999999800 ) ) ;
#3278 = LINE ( 'NONE', #3488, #2716 ) ;
#3279 = VECTOR ( 'NONE', #1887, 1000.000000000000000 ) ;
#3280 = CARTESIAN_POINT ( 'NONE',  ( -5.220035548037066600, 2.386964708775761900, 1.582555321405445300 ) ) ;
#3281 = VECTOR ( 'NONE', #3486, 1000.000000000000000 ) ;
#3282 = EDGE_LOOP ( 'NONE', ( #378, #1269, #551, #1210 ) ) ;
#3283 = DIRECTION ( 'NONE',  ( 0.0000000000000000000, 0.0000000000000000000, -1.000000000000000000 ) ) ;
#3284 = FACE_OUTER_BOUND ( 'NONE', #75, .T. ) ;
#3285 = CARTESIAN_POINT ( 'NONE',  ( -8.232142819437964200, 1.855848928039627100, -1.674419741066204700 ) ) ;
#3286 = AXIS2_PLACEMENT_3D ( 'NONE', #2038, #1776, #2935 ) ;
#3287 = DIRECTION ( 'NONE',  ( 0.0000000000000000000, 0.0000000000000000000, -1.000000000000000000 ) ) ;
#3288 = VERTEX_POINT ( 'NONE', #2379 ) ;
#3289 = CARTESIAN_POINT ( 'NONE',  ( 8.272939582374910100, 1.848655358008276500, 1.469999999999999500 ) ) ;
#3290 = ORIENTED_EDGE ( 'NONE', *, *, #1737, .F. ) ;
#3291 = AXIS2_PLACEMENT_3D ( 'NONE', #402, #668, #2380 ) ;
#3292 = LINE ( 'NONE', #3708, #407 ) ;
#3293 = CARTESIAN_POINT ( 'NONE',  ( 10.35000000000000000, 0.3499999999999998700, 2.540000000000000000 ) ) ;
#3294 = VERTEX_POINT ( 'NONE', #1793 ) ;
#3295 = ORIENTED_EDGE ( 'NONE', *, *, #397, .F. ) ;
#3296 = CARTESIAN_POINT ( 'NONE',  ( 5.300357436669263400, 2.842492775492898400, -1.682555321405446100 ) ) ;
#3297 = VECTOR ( 'NONE', #2359, 1000.000000000000000 ) ;
#3298 = VERTEX_POINT ( 'NONE', #3226 ) ;
#3299 = DIRECTION ( 'NONE',  ( 0.9848077530122080200, 0.1736481776669307200, -0.0000000000000000000 ) ) ;
#3300 = AXIS2_PLACEMENT_3D ( 'NONE', #232, #1408, #823 ) ;
#3301 = CYLINDRICAL_SURFACE ( 'NONE', #444, 0.4999999999999993300 ) ;
#3302 = EDGE_LOOP ( 'NONE', ( #2148, #1691, #3657, #1309, #1329, #462, #459, #195, #2295, #3222, #1678, #3261, #2337, #415 ) ) ;
#3303 = CARTESIAN_POINT ( 'NONE',  ( 8.260301154062439400, 1.850883853913514800, 1.582555321405446600 ) ) ;
#3304 = ORIENTED_EDGE ( 'NONE', *, *, #2006, .T. ) ;
#3305 = EDGE_CURVE ( 'NONE', #2524, #955, #785, .T. ) ;
#3306 = CARTESIAN_POINT ( 'NONE',  ( -8.599999999999999600, 2.589999999999999400, -2.419999999999999900 ) ) ;
#3307 = ADVANCED_FACE ( 'NONE', ( #399 ), #667, .F. ) ;
#3308 = VERTEX_POINT ( 'NONE', #2114 ) ;
#3309 = CARTESIAN_POINT ( 'NONE',  ( 5.300357436669265200, 2.842492775492899700, 1.932555321405445600 ) ) ;
#3310 = VERTEX_POINT ( 'NONE', #3476 ) ;
#3311 = EDGE_CURVE ( 'NONE', #1790, #3427, #2614, .T. ) ;
#3312 = ORIENTED_EDGE ( 'NONE', *, *, #474, .F. ) ;
#3313 = B_SPLINE_SURFACE_WITH_KNOTS ( 'NONE', 1, 3, ( 
 ( #1661, #3068, #3352, #1677, #3396, #282 ),
 ( #293, #3435, #2551, #2315, #1420, #602 ) ),
 .UNSPECIFIED., .F., .F., .F.,
 ( 2, 2 ),
 ( 4, 2, 4 ),
 ( 0.0000000000000000000, 1.000000000000000000 ),
 ( 0.0000000000000000000, 0.5000000000000000000, 1.000000000000000000 ),
 .UNSPECIFIED. ) ;
#3314 = DIRECTION ( 'NONE',  ( 0.0000000000000000000, -0.0000000000000000000, -1.000000000000000000 ) ) ;
#3315 = ORIENTED_EDGE ( 'NONE', *, *, #1579, .F. ) ;
#3316 = EDGE_CURVE ( 'NONE', #2729, #3308, #434, .T. ) ;
#3317 = LINE ( 'NONE', #119, #2611 ) ;
#3318 = DIRECTION ( 'NONE',  ( -0.0000000000000000000, 1.000000000000000000, -0.0000000000000000000 ) ) ;
#3319 = VECTOR ( 'NONE', #1341, 1000.000000000000000 ) ;
#3320 = VECTOR ( 'NONE', #808, 1000.000000000000000 ) ;
#3321 = VECTOR ( 'NONE', #2608, 1000.000000000000000 ) ;
#3322 = CARTESIAN_POINT ( 'NONE',  ( -5.300357436669263400, 2.842492775492898400, -1.682555321405446100 ) ) ;
#3323 = VECTOR ( 'NONE', #2285, 1000.000000000000000 ) ;
#3324 = DIRECTION ( 'NONE',  ( 0.0000000000000000000, 1.000000000000000000, 0.0000000000000000000 ) ) ;
#3325 = VECTOR ( 'NONE', #2596, 1000.000000000000000 ) ;
#3326 = DIRECTION ( 'NONE',  ( -0.0000000000000000000, -0.0000000000000000000, -1.000000000000000000 ) ) ;
#3327 = DIRECTION ( 'NONE',  ( -0.1736481776669351100, -0.9848077530122071300, 0.0000000000000000000 ) ) ;
#3328 = ORIENTED_EDGE ( 'NONE', *, *, #905, .F. ) ;
#3329 = VECTOR ( 'NONE', #3480, 1000.000000000000000 ) ;
#3330 = AXIS2_PLACEMENT_3D ( 'NONE', #615, #889, #2922 ) ;
#3331 = EDGE_CURVE ( 'NONE', #1828, #718, #1708, .T. ) ;
#3332 = ORIENTED_EDGE ( 'NONE', *, *, #3243, .T. ) ;
#3333 = CARTESIAN_POINT ( 'NONE',  ( 8.152559529262081400, 2.225280923471198300, -1.682555321405446300 ) ) ;
#3334 = FACE_OUTER_BOUND ( 'NONE', #1014, .T. ) ;
#3335 = CARTESIAN_POINT ( 'NONE',  ( -8.272939582374910100, 1.848655358008276500, 1.469999999999999500 ) ) ;
#3336 = ORIENTED_EDGE ( 'NONE', *, *, #1680, .F. ) ;
#3337 = FACE_OUTER_BOUND ( 'NONE', #954, .T. ) ;
#3338 = DIRECTION ( 'NONE',  ( 0.0000000000000000000, 0.0000000000000000000, -1.000000000000000000 ) ) ;
#3339 = ORIENTED_EDGE ( 'NONE', *, *, #1106, .T. ) ;
#3340 = VECTOR ( 'NONE', #314, 1000.000000000000000 ) ;
#3341 = ADVANCED_FACE ( 'NONE', ( #3516 ), #3185, .T. ) ;
#3342 = CARTESIAN_POINT ( 'NONE',  ( -9.099999999999997900, 2.589999999999999400, 2.419999999999999900 ) ) ;
#3343 = ORIENTED_EDGE ( 'NONE', *, *, #1529, .F. ) ;
#3344 = CARTESIAN_POINT ( 'NONE',  ( -2.550000000000001200, 2.839999999999999900, 2.919999999999999000 ) ) ;
#3345 = CYLINDRICAL_SURFACE ( 'NONE', #556, 0.2999999999999999300 ) ;
#3346 = DIRECTION ( 'NONE',  ( -0.0000000000000000000, 1.000000000000000000, -0.0000000000000000000 ) ) ;
#3347 = ORIENTED_EDGE ( 'NONE', *, *, #674, .T. ) ;
#3348 = AXIS2_PLACEMENT_3D ( 'NONE', #2132, #416, #1285 ) ;
#3349 = CARTESIAN_POINT ( 'NONE',  ( 10.25000000000000000, 2.839999999999999900, 4.759999999999999800 ) ) ;
#3350 = ORIENTED_EDGE ( 'NONE', *, *, #3181, .T. ) ;
#3351 = DIRECTION ( 'NONE',  ( 0.0000000000000000000, -0.0000000000000000000, 1.000000000000000000 ) ) ;
#3352 = CARTESIAN_POINT ( 'NONE',  ( -8.177007647035432900, 2.035456360155071000, 1.894834737668880800 ) ) ;
#3353 = DIRECTION ( 'NONE',  ( 0.0000000000000000000, 0.0000000000000000000, 1.000000000000000000 ) ) ;
#3354 = ORIENTED_EDGE ( 'NONE', *, *, #1873, .F. ) ;
#3355 = DIRECTION ( 'NONE',  ( 0.0000000000000000000, 0.0000000000000000000, -1.000000000000000000 ) ) ;
#3356 = ORIENTED_EDGE ( 'NONE', *, *, #2097, .F. ) ;
#3357 = PLANE ( 'NONE',  #3490 ) ;
#3358 = B_SPLINE_CURVE_WITH_KNOTS ( 'NONE', 3,
 ( #2040, #334, #1493, #320, #596, #3533 ),
 .UNSPECIFIED., .F., .F.,
 ( 4, 2, 4 ),
 ( 0.0000000000000000000, 0.5000000000000000000, 1.000000000000000000 ),
 .UNSPECIFIED. ) ;
#3359 = EDGE_CURVE ( 'NONE', #2830, #3494, #2399, .T. ) ;
#3360 = SURFACE_STYLE_FILL_AREA ( #420 ) ;
#3361 = CARTESIAN_POINT ( 'NONE',  ( -2.604466659320838800, 3.102016726729526700, 1.569999999999998700 ) ) ;
#3362 = CARTESIAN_POINT ( 'NONE',  ( 2.250000000000001300, 2.839999999999999900, 2.619999999999999200 ) ) ;
#3363 = DIRECTION ( 'NONE',  ( 5.273559366969493600E-016, -3.445160823289938900E-015, 1.000000000000000000 ) ) ;
#3364 = CIRCLE ( 'NONE', #2750, 0.09999999999999939500 ) ;
#3365 = VECTOR ( 'NONE', #1791, 1000.000000000000000 ) ;
#3366 = CARTESIAN_POINT ( 'NONE',  ( -2.250000000000001300, 2.839999999999999900, 2.619999999999999200 ) ) ;
#3367 = ADVANCED_FACE ( 'NONE', ( #473 ), #926, .T. ) ;
#3368 = LINE ( 'NONE', #2708, #2755 ) ;
#3369 = DIRECTION ( 'NONE',  ( -0.0000000000000000000, -0.0000000000000000000, -1.000000000000000000 ) ) ;
#3370 = EDGE_LOOP ( 'NONE', ( #670, #3602, #2736, #2681 ) ) ;
#3371 = DIRECTION ( 'NONE',  ( -1.000000000000000000, 0.0000000000000000000, 0.0000000000000000000 ) ) ;
#3372 = AXIS2_PLACEMENT_3D ( 'NONE', #1381, #3622, #1945 ) ;
#3373 = FACE_OUTER_BOUND ( 'NONE', #622, .T. ) ;
#3374 = CARTESIAN_POINT ( 'NONE',  ( 2.550000000000001200, 2.589999999999999400, 1.569999999999999000 ) ) ;
#3375 = ORIENTED_EDGE ( 'NONE', *, *, #1767, .T. ) ;
#3376 = CARTESIAN_POINT ( 'NONE',  ( -2.550000000000001200, 2.839999999999999900, 1.569999999999998700 ) ) ;
#3377 = DIRECTION ( 'NONE',  ( 0.0000000000000000000, 0.0000000000000000000, 1.000000000000000000 ) ) ;
#3378 = VECTOR ( 'NONE', #828, 1000.000000000000000 ) ;
#3379 = EDGE_CURVE ( 'NONE', #1852, #590, #1428, .T. ) ;
#3380 = CARTESIAN_POINT ( 'NONE',  ( 5.280812410220492300, 2.731647422330035100, -1.932555321405446700 ) ) ;
#3381 = ORIENTED_EDGE ( 'NONE', *, *, #2688, .F. ) ;
#3382 = CARTESIAN_POINT ( 'NONE',  ( -8.599999999999999600, 2.589999999999999400, -2.919999999999999900 ) ) ;
#3383 = DIRECTION ( 'NONE',  ( 0.0000000000000000000, 0.0000000000000000000, -1.000000000000000000 ) ) ;
#3384 = ORIENTED_EDGE ( 'NONE', *, *, #184, .T. ) ;
#3385 = DIRECTION ( 'NONE',  ( -0.1736481776669307200, 0.9848077530122080200, -3.491481338843133400E-015 ) ) ;
#3386 = AXIS2_PLACEMENT_3D ( 'NONE', #330, #2305, #2556 ) ;
#3387 = CARTESIAN_POINT ( 'NONE',  ( -10.35000000000000000, 2.489999999999999800, 4.759999999999999800 ) ) ;
#3388 = FACE_OUTER_BOUND ( 'NONE', #847, .T. ) ;
#3389 = ORIENTED_EDGE ( 'NONE', *, *, #2535, .T. ) ;
#3390 = DIRECTION ( 'NONE',  ( 0.0000000000000000000, -0.0000000000000000000, -1.000000000000000000 ) ) ;
#3391 = ADVANCED_FACE ( 'NONE', ( #976 ), #2617, .T. ) ;
#3392 = VECTOR ( 'NONE', #2196, 1000.000000000000000 ) ;
#3393 = EDGE_LOOP ( 'NONE', ( #872, #757, #1365, #2069 ) ) ;
#3394 = EDGE_CURVE ( 'NONE', #3522, #2039, #1522, .T. ) ;
#3395 = DIRECTION ( 'NONE',  ( 0.0000000000000000000, -1.000000000000000000, 0.0000000000000000000 ) ) ;
#3396 = CARTESIAN_POINT ( 'NONE',  ( -8.232142819437964200, 1.855848928039626600, 1.674419741066205800 ) ) ;
#3397 = VERTEX_POINT ( 'NONE', #2927 ) ;
#3398 = DIRECTION ( 'NONE',  ( 1.000000000000000000, -9.293161478447189900E-016, 0.0000000000000000000 ) ) ;
#3399 = DIRECTION ( 'NONE',  ( -0.9848077530122080200, 0.1736481776669307200, 1.848892746611746400E-032 ) ) ;
#3400 = ORIENTED_EDGE ( 'NONE', *, *, #137, .T. ) ;
#3401 = DIRECTION ( 'NONE',  ( -0.0000000000000000000, -0.0000000000000000000, -1.000000000000000000 ) ) ;
#3402 = ORIENTED_EDGE ( 'NONE', *, *, #2476, .T. ) ;
#3403 = PLANE ( 'NONE',  #1201 ) ;
#3404 = ORIENTED_EDGE ( 'NONE', *, *, #2097, .T. ) ;
#3405 = CARTESIAN_POINT ( 'NONE',  ( 8.249411829663545200, 2.117604155590156800, -1.634753987281775100 ) ) ;
#3406 = PLANE ( 'NONE',  #2025 ) ;
#3407 = AXIS2_PLACEMENT_3D ( 'NONE', #3636, #1074, #1113 ) ;
#3408 = ADVANCED_FACE ( 'NONE', ( #3234 ), #1232, .F. ) ;
#3409 = EDGE_CURVE ( 'NONE', #3298, #2242, #1115, .T. ) ;
#3410 = ORIENTED_EDGE ( 'NONE', *, *, #3537, .T. ) ;
#3411 = DIRECTION ( 'NONE',  ( 0.0000000000000000000, -0.0000000000000000000, -1.000000000000000000 ) ) ;
#3412 = CARTESIAN_POINT ( 'NONE',  ( 0.09320688913970780200, 3.544819579780200200, 1.582555321405446000 ) ) ;
#3413 = VECTOR ( 'NONE', #2782, 1000.000000000000000 ) ;
#3414 = DIRECTION ( 'NONE',  ( 0.0000000000000000000, 1.000000000000000000, 0.0000000000000000000 ) ) ;
#3415 = EDGE_CURVE ( 'NONE', #1383, #2242, #2175, .T. ) ;
#3416 = FACE_OUTER_BOUND ( 'NONE', #3126, .T. ) ;
#3417 = CARTESIAN_POINT ( 'NONE',  ( 8.164765774820033100, 2.129847056637205000, 1.932555321405445400 ) ) ;
#3418 = LINE ( 'NONE', #2474, #1430 ) ;
#3419 = LINE ( 'NONE', #609, #1968 ) ;
#3420 = VECTOR ( 'NONE', #304, 1000.000000000000000 ) ;
#3421 = EDGE_CURVE ( 'NONE', #3445, #3011, #3098, .T. ) ;
#3422 = ORIENTED_EDGE ( 'NONE', *, *, #2869, .T. ) ;
#3423 = CARTESIAN_POINT ( 'NONE',  ( -2.550000000000001200, 2.589999999999999400, -2.919999999999999500 ) ) ;
#3424 = CYLINDRICAL_SURFACE ( 'NONE', #1623, 0.2999999999999999300 ) ;
#3425 = CARTESIAN_POINT ( 'NONE',  ( 2.561054614904106700, 2.855814788476474400, -1.569999999999998700 ) ) ;
#3426 = AXIS2_PLACEMENT_3D ( 'NONE', #2957, #1567, #1860 ) ;
#3427 = VERTEX_POINT ( 'NONE', #2156 ) ;
#3428 = FACE_OUTER_BOUND ( 'NONE', #1485, .T. ) ;
#3429 = ADVANCED_FACE ( 'NONE', ( #1655 ), #1003, .F. ) ;
#3430 = PLANE ( 'NONE',  #3213 ) ;
#3431 = ORIENTED_EDGE ( 'NONE', *, *, #2869, .F. ) ;
#3432 = PRODUCT_DEFINITION ( 'UNKNOWN', '', #2528, #2351 ) ;
#3433 = VECTOR ( 'NONE', #2035, 1000.000000000000000 ) ;
#3434 = DIRECTION ( 'NONE',  ( -6.106226635438361000E-016, -3.431283035482124400E-015, -1.000000000000000000 ) ) ;
#3435 = CARTESIAN_POINT ( 'NONE',  ( -8.176130081391351100, 2.194506847150332600, 1.682555321405446100 ) ) ;
#3436 = ORIENTED_EDGE ( 'NONE', *, *, #2348, .F. ) ;
#3437 = CIRCLE ( 'NONE', #48, 0.4999999999999993300 ) ;
#3438 = CARTESIAN_POINT ( 'NONE',  ( -0.1105717069063997000, 3.643300355081421100, -1.682555321405446100 ) ) ;
#3439 = ORIENTED_EDGE ( 'NONE', *, *, #2298, .T. ) ;
#3440 = AXIS2_PLACEMENT_3D ( 'NONE', #2095, #2564, #1154 ) ;
#3441 = CARTESIAN_POINT ( 'NONE',  ( 2.550000000000001200, 2.839999999999999900, 1.569999999999998700 ) ) ;
#3442 = EDGE_CURVE ( 'NONE', #3397, #268, #1339, .T. ) ;
#3443 = LINE ( 'NONE', #3441, #2594 ) ;
#3444 = CIRCLE ( 'NONE', #3569, 2.000000000000000000 ) ;
#3445 = VERTEX_POINT ( 'NONE', #421 ) ;
#3446 = B_SPLINE_CURVE_WITH_KNOTS ( 'NONE', 1,
 ( #875, #3701 ),
 .UNSPECIFIED., .F., .F.,
 ( 2, 2 ),
 ( 0.0000000000000000000, 1.000000000000000000 ),
 .UNSPECIFIED. ) ;
#3447 = DIRECTION ( 'NONE',  ( -0.1736481776669307200, 0.9848077530122080200, 0.0000000000000000000 ) ) ;
#3448 = EDGE_CURVE ( 'NONE', #805, #993, #3368, .T. ) ;
#3449 = ORIENTED_EDGE ( 'NONE', *, *, #433, .F. ) ;
#3450 = DIRECTION ( 'NONE',  ( 0.1736481776669316900, 0.9848077530122078000, -3.469446951953613400E-015 ) ) ;
#3451 = CARTESIAN_POINT ( 'NONE',  ( -5.300357436669265200, 2.842492775492899700, 1.932555321405445600 ) ) ;
#3452 = ADVANCED_FACE ( 'NONE', ( #3416 ), #3536, .T. ) ;
#3453 = ORIENTED_EDGE ( 'NONE', *, *, #1446, .T. ) ;
#3454 = CARTESIAN_POINT ( 'NONE',  ( -8.152559529262081400, 2.225280923471198300, -1.932555321405446700 ) ) ;
#3455 = PLANE ( 'NONE',  #3386 ) ;
#3456 = DIRECTION ( 'NONE',  ( -1.000000000000000000, -0.0000000000000000000, -8.031127203596334300E-017 ) ) ;
#3457 = ORIENTED_EDGE ( 'NONE', *, *, #2565, .T. ) ;
#3458 = EDGE_CURVE ( 'NONE', #3130, #3500, #739, .T. ) ;
#3459 = ORIENTED_EDGE ( 'NONE', *, *, #2063, .F. ) ;
#3460 = DIRECTION ( 'NONE',  ( 1.000000000000000000, -1.084202172485510900E-015, 0.0000000000000000000 ) ) ;
#3461 = FACE_OUTER_BOUND ( 'NONE', #3117, .T. ) ;
#3462 = DIRECTION ( 'NONE',  ( 0.0000000000000000000, 0.0000000000000000000, 1.000000000000000000 ) ) ;
#3463 = FACE_OUTER_BOUND ( 'NONE', #2432, .T. ) ;
#3464 = DIRECTION ( 'NONE',  ( -7.909116335528923700E-017, -1.394590603515816800E-017, -1.000000000000000000 ) ) ;
#3465 = AXIS2_PLACEMENT_3D ( 'NONE', #3260, #394, #2675 ) ;
#3466 = EDGE_CURVE ( 'NONE', #2956, #1721, #3052, .T. ) ;
#3467 = FACE_OUTER_BOUND ( 'NONE', #229, .T. ) ;
#3468 = CARTESIAN_POINT ( 'NONE',  ( 8.599999999999999600, 2.839999999999999900, -2.419999999999999900 ) ) ;
#3469 = CYLINDRICAL_SURFACE ( 'NONE', #3575, 0.5000000000000000000 ) ;
#3470 = VECTOR ( 'NONE', #2887, 1000.000000000000000 ) ;
#3471 = EDGE_LOOP ( 'NONE', ( #2783, #1872, #3400, #546, #1936, #127, #1588, #3489, #1479, #3008 ) ) ;
#3472 = ADVANCED_FACE ( 'NONE', ( #2302 ), #2431, .F. ) ;
#3473 = EDGE_CURVE ( 'NONE', #2100, #2816, #3590, .T. ) ;
#3474 = CARTESIAN_POINT ( 'NONE',  ( -2.550000000000001200, 2.589999999999999400, 1.869999999999998800 ) ) ;
#3475 = LINE ( 'NONE', #3552, #1888 ) ;
#3476 = CARTESIAN_POINT ( 'NONE',  ( -10.35000000000000000, 0.3499999999999998700, -2.539999999999999600 ) ) ;
#3477 = CARTESIAN_POINT ( 'NONE',  ( 10.35000000000000000, 0.3499999999999998700, -2.539999999999999600 ) ) ;
#3478 = ORIENTED_EDGE ( 'NONE', *, *, #2818, .T. ) ;
#3479 = CARTESIAN_POINT ( 'NONE',  ( 2.550000000000001200, 2.589999999999999400, 2.619999999999999200 ) ) ;
#3480 = DIRECTION ( 'NONE',  ( -0.9848077530122080200, 0.1736481776669306900, 8.326672684688646900E-017 ) ) ;
#3481 = EDGE_LOOP ( 'NONE', ( #3631, #1810, #2530, #404 ) ) ;
#3482 = DIRECTION ( 'NONE',  ( -0.9848077530122080200, 0.1736481776669307200, -8.031127203596334300E-017 ) ) ;
#3483 = CARTESIAN_POINT ( 'NONE',  ( -3.656245972229342600, 3.018102317301320600, 1.582555321405446000 ) ) ;
#3484 = LINE ( 'NONE', #1244, #2584 ) ;
#3485 = ORIENTED_EDGE ( 'NONE', *, *, #738, .T. ) ;
#3486 = DIRECTION ( 'NONE',  ( 0.0000000000000000000, 0.0000000000000000000, -1.000000000000000000 ) ) ;
#3487 = CARTESIAN_POINT ( 'NONE',  ( 7.780535705868807400, 1.935479446841742000, -1.469999999999999500 ) ) ;
#3488 = CARTESIAN_POINT ( 'NONE',  ( -4.284296264875009400, 2.805817444277467500, 4.759999999999999800 ) ) ;
#3489 = ORIENTED_EDGE ( 'NONE', *, *, #821, .T. ) ;
#3490 = AXIS2_PLACEMENT_3D ( 'NONE', #3650, #2545, #1138 ) ;
#3491 = AXIS2_PLACEMENT_3D ( 'NONE', #1241, #77, #2662 ) ;
#3492 = DIRECTION ( 'NONE',  ( -0.0000000000000000000, 1.000000000000000000, -0.0000000000000000000 ) ) ;
#3493 = DIRECTION ( 'NONE',  ( 0.0000000000000000000, 1.000000000000000000, -0.0000000000000000000 ) ) ;
#3494 = VERTEX_POINT ( 'NONE', #3567 ) ;
#3495 = ADVANCED_FACE ( 'NONE', ( #1922 ), #735, .T. ) ;
#3496 = DIRECTION ( 'NONE',  ( 0.0000000000000000000, 0.0000000000000000000, -1.000000000000000000 ) ) ;
#3497 = VECTOR ( 'NONE', #3326, 1000.000000000000000 ) ;
#3498 = ORIENTED_EDGE ( 'NONE', *, *, #2317, .T. ) ;
#3499 = EDGE_CURVE ( 'NONE', #1459, #672, #199, .T. ) ;
#3500 = VERTEX_POINT ( 'NONE', #2998 ) ;
#3501 = PLANE ( 'NONE',  #152 ) ;
#3502 = B_SPLINE_SURFACE_WITH_KNOTS ( 'NONE', 1, 3, ( 
 ( #2453, #729, #3571, #3619, #1344, #3303 ),
 ( #1642, #2735, #1078, #740, #1029, #1629 ) ),
 .UNSPECIFIED., .F., .F., .F.,
 ( 2, 2 ),
 ( 4, 2, 4 ),
 ( 0.0000000000000000000, 1.000000000000000000 ),
 ( 0.0000000000000000000, 0.5000000000000000000, 1.000000000000000000 ),
 .UNSPECIFIED. ) ;
#3503 = EDGE_CURVE ( 'NONE', #2707, #1949, #1802, .T. ) ;
#3504 = EDGE_LOOP ( 'NONE', ( #814, #3384, #3114, #3174 ) ) ;
#3505 = DIRECTION ( 'NONE',  ( 0.9848077530122080200, 0.1736481776669307200, -8.031127203596334300E-017 ) ) ;
#3506 = VERTEX_POINT ( 'NONE', #1293 ) ;
#3507 = AXIS2_PLACEMENT_3D ( 'NONE', #772, #783, #2205 ) ;
#3508 = CARTESIAN_POINT ( 'NONE',  ( -10.70000000000000100, 0.2500000000000002200, 2.540000000000000000 ) ) ;
#3509 = CARTESIAN_POINT ( 'NONE',  ( 3.893587865124414900, 0.5899999999999994100, 3.170687123922336900 ) ) ;
#3510 = ORIENTED_EDGE ( 'NONE', *, *, #3499, .T. ) ;
#3511 = ADVANCED_FACE ( 'NONE', ( #2572 ), #144, .F. ) ;
#3512 = EDGE_CURVE ( 'NONE', #313, #1173, #395, .T. ) ;
#3513 = CARTESIAN_POINT ( 'NONE',  ( -12.69999999999999900, 0.2500000000000002200, 2.039999999999997800 ) ) ;
#3514 = VECTOR ( 'NONE', #1412, 1000.000000000000000 ) ;
#3515 = CIRCLE ( 'NONE', #543, 0.2999999999999999300 ) ;
#3516 = FACE_OUTER_BOUND ( 'NONE', #2709, .T. ) ;
#3517 = VERTEX_POINT ( 'NONE', #3289 ) ;
#3518 = CARTESIAN_POINT ( 'NONE',  ( -3.893587865124414900, 0.5899999999999994100, 3.170687123922336900 ) ) ;
#3519 = EDGE_CURVE ( 'NONE', #1422, #1281, #1841, .T. ) ;
#3520 = LINE ( 'NONE', #3149, #3323 ) ;
#3521 = CARTESIAN_POINT ( 'NONE',  ( 8.599999999999999600, 2.839999999999999900, 2.919999999999999900 ) ) ;
#3522 = VERTEX_POINT ( 'NONE', #1603 ) ;
#3523 = FACE_OUTER_BOUND ( 'NONE', #727, .T. ) ;
#3524 = EDGE_CURVE ( 'NONE', #2561, #3547, #2936, .T. ) ;
#3525 = ORIENTED_EDGE ( 'NONE', *, *, #3654, .F. ) ;
#3526 = VECTOR ( 'NONE', #3353, 1000.000000000000000 ) ;
#3527 = CARTESIAN_POINT ( 'NONE',  ( -8.152559529262081400, 2.225280923471198300, -1.932555321405446700 ) ) ;
#3528 = ORIENTED_EDGE ( 'NONE', *, *, #461, .F. ) ;
#3529 = ADVANCED_FACE ( 'NONE', ( #649 ), #1068, .F. ) ;
#3530 = FACE_OUTER_BOUND ( 'NONE', #2278, .T. ) ;
#3531 = ORIENTED_EDGE ( 'NONE', *, *, #1891, .F. ) ;
#3532 = ORIENTED_EDGE ( 'NONE', *, *, #3305, .T. ) ;
#3533 = CARTESIAN_POINT ( 'NONE',  ( 8.152559529262081400, 2.225280923471198300, -1.932555321405446700 ) ) ;
#3534 = PLANE ( 'NONE',  #1520 ) ;
#3535 = ORIENTED_EDGE ( 'NONE', *, *, #2133, .F. ) ;
#3536 = PLANE ( 'NONE',  #2835 ) ;
#3537 = EDGE_CURVE ( 'NONE', #1852, #1659, #2355, .T. ) ;
#3538 = ORIENTED_EDGE ( 'NONE', *, *, #2032, .T. ) ;
#3539 = DIRECTION ( 'NONE',  ( 0.0000000000000000000, 0.0000000000000000000, 1.000000000000000000 ) ) ;
#3540 = DIRECTION ( 'NONE',  ( -0.1736481776669307200, -0.9848077530122080200, 0.0000000000000000000 ) ) ;
#3541 = ORIENTED_EDGE ( 'NONE', *, *, #642, .T. ) ;
#3542 = DIRECTION ( 'NONE',  ( 0.0000000000000000000, 0.0000000000000000000, 1.000000000000000000 ) ) ;
#3543 = ADVANCED_FACE ( 'NONE', ( #2480 ), #1667, .F. ) ;
#3544 = CARTESIAN_POINT ( 'NONE',  ( 8.316351626791643500, 2.094857296261328500, -1.469999999999999500 ) ) ;
#3545 = ORIENTED_EDGE ( 'NONE', *, *, #3576, .F. ) ;
#3546 = DIRECTION ( 'NONE',  ( -0.9848077530122080200, 0.1736481776669306900, -2.775557561562891400E-017 ) ) ;
#3547 = VERTEX_POINT ( 'NONE', #165 ) ;
#3548 = AXIS2_PLACEMENT_3D ( 'NONE', #3116, #296, #2542 ) ;
#3549 = LINE ( 'NONE', #1979, #2712 ) ;
#3550 = DIRECTION ( 'NONE',  ( 0.0000000000000000000, 0.0000000000000000000, 1.000000000000000000 ) ) ;
#3551 = DIRECTION ( 'NONE',  ( 0.0000000000000000000, 0.0000000000000000000, -1.000000000000000000 ) ) ;
#3552 = CARTESIAN_POINT ( 'NONE',  ( 10.28999999999999600, 0.2500000000000002200, 4.449999999999994000 ) ) ;
#3553 = CIRCLE ( 'NONE', #1975, 0.5000000000000001100 ) ;
#3554 = AXIS2_PLACEMENT_3D ( 'NONE', #737, #2463, #1908 ) ;
#3555 = ORIENTED_EDGE ( 'NONE', *, *, #3537, .F. ) ;
#3556 = DIRECTION ( 'NONE',  ( 0.1736481776668968600, 0.9848077530122139000, 0.0000000000000000000 ) ) ;
#3557 = FACE_OUTER_BOUND ( 'NONE', #3664, .T. ) ;
#3558 = AXIS2_PLACEMENT_3D ( 'NONE', #2005, #658, #3377 ) ;
#3559 = ADVANCED_FACE ( 'NONE', ( #1752 ), #2775, .F. ) ;
#3560 = EDGE_CURVE ( 'NONE', #1626, #3310, #154, .T. ) ;
#3561 = ORIENTED_EDGE ( 'NONE', *, *, #1561, .T. ) ;
#3562 = CARTESIAN_POINT ( 'NONE',  ( -12.19999999999999600, 2.168404344971008900E-016, 2.540000000000000000 ) ) ;
#3563 = EDGE_LOOP ( 'NONE', ( #1251, #135, #1380, #3328 ) ) ;
#3564 = LINE ( 'NONE', #1358, #712 ) ;
#3565 = CARTESIAN_POINT ( 'NONE',  ( 12.69999999999999900, 2.168404344971008900E-016, 4.759999999999999800 ) ) ;
#3566 = ORIENTED_EDGE ( 'NONE', *, *, #669, .F. ) ;
#3567 = CARTESIAN_POINT ( 'NONE',  ( 10.60000000000000000, 0.3500000000000000300, -2.539999999999999600 ) ) ;
#3568 = VECTOR ( 'NONE', #925, 1000.000000000000000 ) ;
#3569 = AXIS2_PLACEMENT_3D ( 'NONE', #3128, #271, #2268 ) ;
#3570 = VERTEX_POINT ( 'NONE', #748 ) ;
#3571 = CARTESIAN_POINT ( 'NONE',  ( 8.177007647035432900, 2.035456360155071000, 1.894834737668880800 ) ) ;
#3572 = FACE_OUTER_BOUND ( 'NONE', #2803, .T. ) ;
#3573 = DIRECTION ( 'NONE',  ( 0.0000000000000000000, 0.0000000000000000000, 1.000000000000000000 ) ) ;
#3574 = ORIENTED_EDGE ( 'NONE', *, *, #1261, .F. ) ;
#3575 = AXIS2_PLACEMENT_3D ( 'NONE', #1755, #1442, #2600 ) ;
#3576 = EDGE_CURVE ( 'NONE', #3308, #2059, #3016, .T. ) ;
#3577 = VECTOR ( 'NONE', #3112, 1000.000000000000000 ) ;
#3578 = ADVANCED_FACE ( 'NONE', ( #1023 ), #1140, .F. ) ;
#3579 = ORIENTED_EDGE ( 'NONE', *, *, #1044, .T. ) ;
#3580 = VERTEX_POINT ( 'NONE', #3600 ) ;
#3581 = EDGE_CURVE ( 'NONE', #955, #2267, #2612, .T. ) ;
#3582 = ORIENTED_EDGE ( 'NONE', *, *, #561, .T. ) ;
#3583 = CARTESIAN_POINT ( 'NONE',  ( -3.893587865124414900, 2.839999999999999900, -1.569999999999998300 ) ) ;
#3584 = EDGE_CURVE ( 'NONE', #590, #3294, #1580, .T. ) ;
#3585 = ORIENTED_EDGE ( 'NONE', *, *, #2436, .F. ) ;
#3586 = ORIENTED_EDGE ( 'NONE', *, *, #3611, .T. ) ;
#3587 = DIRECTION ( 'NONE',  ( 1.000000000000000000, 0.0000000000000000000, 0.0000000000000000000 ) ) ;
#3588 = ORIENTED_EDGE ( 'NONE', *, *, #1942, .F. ) ;
#3589 = CARTESIAN_POINT ( 'NONE',  ( -8.272939582374910100, 1.848655358008276500, -1.469999999999999500 ) ) ;
#3590 = LINE ( 'NONE', #3253, #3279 ) ;
#3591 = DIRECTION ( 'NONE',  ( 0.0000000000000000000, 0.0000000000000000000, 1.000000000000000000 ) ) ;
#3592 = LINE ( 'NONE', #3425, #603 ) ;
#3593 = DIRECTION ( 'NONE',  ( -1.000000000000000000, 0.0000000000000000000, -8.031127203596334300E-017 ) ) ;
#3594 = DIRECTION ( 'NONE',  ( -0.0000000000000000000, 1.000000000000000000, -0.0000000000000000000 ) ) ;
#3595 = AXIS2_PLACEMENT_3D ( 'NONE', #2795, #2484, #3018 ) ;
#3596 = MECHANICAL_DESIGN_GEOMETRIC_PRESENTATION_REPRESENTATION (  '', ( #2084 ), #2043 ) ;
#3597 = DIRECTION ( 'NONE',  ( 0.0000000000000000000, 0.0000000000000000000, 1.000000000000000000 ) ) ;
#3598 = ORIENTED_EDGE ( 'NONE', *, *, #973, .F. ) ;
#3599 = EDGE_CURVE ( 'NONE', #1497, #2126, #1294, .T. ) ;
#3600 = CARTESIAN_POINT ( 'NONE',  ( -2.250000000000001300, 2.589999999999999400, -2.619999999999999200 ) ) ;
#3601 = DIRECTION ( 'NONE',  ( 0.0000000000000000000, 0.0000000000000000000, 1.000000000000000000 ) ) ;
#3602 = ORIENTED_EDGE ( 'NONE', *, *, #2811, .T. ) ;
#3603 = CIRCLE ( 'NONE', #2510, 2.000000000000000000 ) ;
#3604 = EDGE_CURVE ( 'NONE', #718, #268, #921, .T. ) ;
#3605 = DIRECTION ( 'NONE',  ( 0.0000000000000000000, 0.0000000000000000000, -1.000000000000000000 ) ) ;
#3606 = VERTEX_POINT ( 'NONE', #3615 ) ;
#3607 = DIRECTION ( 'NONE',  ( -0.0000000000000000000, -1.000000000000000000, -0.0000000000000000000 ) ) ;
#3608 = FACE_OUTER_BOUND ( 'NONE', #2746, .T. ) ;
#3609 = VERTEX_POINT ( 'NONE', #2208 ) ;
#3610 = ADVANCED_FACE ( 'NONE', ( #1571 ), #2533, .T. ) ;
#3611 = EDGE_CURVE ( 'NONE', #3255, #1383, #2441, .T. ) ;
#3612 = CARTESIAN_POINT ( 'NONE',  ( 8.599999999999999600, 2.589999999999999400, -2.419999999999999900 ) ) ;
#3613 = FACE_OUTER_BOUND ( 'NONE', #1135, .T. ) ;
#3614 = EDGE_LOOP ( 'NONE', ( #3200, #187, #1487, #1713 ) ) ;
#3615 = CARTESIAN_POINT ( 'NONE',  ( 4.240884220458276800, 2.559615506024415200, -1.569999999999999000 ) ) ;
#3616 = DIRECTION ( 'NONE',  ( -8.031127203596334300E-017, 0.0000000000000000000, 1.000000000000000000 ) ) ;
#3617 = VECTOR ( 'NONE', #579, 1000.000000000000000 ) ;
#3618 = ORIENTED_EDGE ( 'NONE', *, *, #821, .F. ) ;
#3619 = CARTESIAN_POINT ( 'NONE',  ( 8.210678435694232400, 1.897936162559901400, 1.765250651972594600 ) ) ;
#3620 = ORIENTED_EDGE ( 'NONE', *, *, #337, .T. ) ;
#3621 = AXIS2_PLACEMENT_3D ( 'NONE', #2562, #1152, #511 ) ;
#3622 = DIRECTION ( 'NONE',  ( -0.9848077530122140200, 0.1736481776668968900, 8.541845642371280900E-015 ) ) ;
#3623 = CARTESIAN_POINT ( 'NONE',  ( -10.60000000000000000, 0.3500000000000000300, 4.759999999999999800 ) ) ;
#3624 = EDGE_LOOP ( 'NONE', ( #161, #2960, #1100, #1833 ) ) ;
#3625 = AXIS2_PLACEMENT_3D ( 'NONE', #2173, #690, #1278 ) ;
#3626 = EDGE_CURVE ( 'NONE', #2583, #2036, #1881, .T. ) ;
#3627 = VERTEX_POINT ( 'NONE', #2571 ) ;
#3628 = DIRECTION ( 'NONE',  ( -8.031127203596334300E-017, 0.0000000000000000000, -1.000000000000000000 ) ) ;
#3629 = CARTESIAN_POINT ( 'NONE',  ( -8.152559529262081400, 2.225280923471197900, 1.682555321405446100 ) ) ;
#3630 = ORIENTED_EDGE ( 'NONE', *, *, #3118, .F. ) ;
#3631 = ORIENTED_EDGE ( 'NONE', *, *, #58, .T. ) ;
#3632 = DIRECTION ( 'NONE',  ( -0.9848077530122080200, 0.1736481776669307200, 0.0000000000000000000 ) ) ;
#3633 = EDGE_CURVE ( 'NONE', #684, #1759, #1838, .T. ) ;
#3634 = FACE_OUTER_BOUND ( 'NONE', #2027, .T. ) ;
#3635 = DIRECTION ( 'NONE',  ( 0.0000000000000000000, 1.000000000000000000, 0.0000000000000000000 ) ) ;
#3636 = CARTESIAN_POINT ( 'NONE',  ( -8.599999999999999600, 2.589999999999999400, 2.419999999999999900 ) ) ;
#3637 = CIRCLE ( 'NONE', #428, 0.2999999999999999300 ) ;
#3638 = CARTESIAN_POINT ( 'NONE',  ( -10.60000000000000000, 2.168404344971008900E-016, -2.539999999999999600 ) ) ;
#3639 = CIRCLE ( 'NONE', #825, 0.3499999999999996400 ) ;
#3640 = DIRECTION ( 'NONE',  ( -1.000000000000000000, 0.0000000000000000000, 0.0000000000000000000 ) ) ;
#3641 = VECTOR ( 'NONE', #1377, 1000.000000000000000 ) ;
#3642 = EDGE_CURVE ( 'NONE', #324, #1139, #513, .T. ) ;
#3643 = CARTESIAN_POINT ( 'NONE',  ( 10.69999999999999900, 0.3500000000000000300, -2.540000000000000500 ) ) ;
#3644 = VECTOR ( 'NONE', #1048, 1000.000000000000000 ) ;
#3645 = ORIENTED_EDGE ( 'NONE', *, *, #3269, .F. ) ;
#3646 = CARTESIAN_POINT ( 'NONE',  ( -2.250000000000001300, 2.589999999999999400, -1.869999999999998800 ) ) ;
#3647 = VECTOR ( 'NONE', #3195, 1000.000000000000000 ) ;
#3648 = EDGE_CURVE ( 'NONE', #208, #1448, #1065, .T. ) ;
#3649 = ORIENTED_EDGE ( 'NONE', *, *, #2476, .F. ) ;
#3650 = CARTESIAN_POINT ( 'NONE',  ( 10.60000000000000000, 0.2500000000000002200, 2.540000000000000000 ) ) ;
#3651 = CIRCLE ( 'NONE', #3140, 0.09999999999999939500 ) ;
#3652 = DIRECTION ( 'NONE',  ( 0.0000000000000000000, 0.0000000000000000000, -1.000000000000000000 ) ) ;
#3653 = ORIENTED_EDGE ( 'NONE', *, *, #3560, .T. ) ;
#3654 = EDGE_CURVE ( 'NONE', #2010, #3506, #2158, .T. ) ;
#3655 = FACE_OUTER_BOUND ( 'NONE', #2741, .T. ) ;
#3656 = CIRCLE ( 'NONE', #167, 0.3499999999999999200 ) ;
#3657 = ORIENTED_EDGE ( 'NONE', *, *, #1425, .T. ) ;
#3658 = CARTESIAN_POINT ( 'NONE',  ( -10.35000000000000000, 2.489999999999999800, -4.759999999999999800 ) ) ;
#3659 = LINE ( 'NONE', #591, #495 ) ;
#3660 = ORIENTED_EDGE ( 'NONE', *, *, #756, .F. ) ;
#3661 = DIRECTION ( 'NONE',  ( -0.1736481776669307200, 0.9848077530122080200, -0.0000000000000000000 ) ) ;
#3662 = LINE ( 'NONE', #2799, #3577 ) ;
#3663 = ORIENTED_EDGE ( 'NONE', *, *, #2428, .T. ) ;
#3664 = EDGE_LOOP ( 'NONE', ( #1180, #1240, #3422, #1444 ) ) ;
#3665 = CARTESIAN_POINT ( 'NONE',  ( 9.099999999999997900, 2.589999999999999400, 2.419999999999999900 ) ) ;
#3666 = CARTESIAN_POINT ( 'NONE',  ( -3.893587865124414900, 2.589999999999999400, -1.569999999999998700 ) ) ;
#3667 = CARTESIAN_POINT ( 'NONE',  ( -8.599999999999999600, 2.839999999999999900, -2.920000000000000400 ) ) ;
#3668 = VERTEX_POINT ( 'NONE', #1103 ) ;
#3669 = CARTESIAN_POINT ( 'NONE',  ( -8.152559529262079600, 2.225280923471197400, -1.682555321405446500 ) ) ;
#3670 = DIRECTION ( 'NONE',  ( 0.0000000000000000000, 0.0000000000000000000, -1.000000000000000000 ) ) ;
#3671 = EDGE_LOOP ( 'NONE', ( #3081, #2930, #1559, #3439 ) ) ;
#3672 = ORIENTED_EDGE ( 'NONE', *, *, #264, .T. ) ;
#3673 = CARTESIAN_POINT ( 'NONE',  ( -8.177007647035431100, 2.035456360155072800, 1.894834737668880800 ) ) ;
#3674 = EDGE_CURVE ( 'NONE', #780, #1626, #87, .T. ) ;
#3675 = CARTESIAN_POINT ( 'NONE',  ( 10.60000000000000000, 0.2500000000000002200, -2.539999999999999600 ) ) ;
#3676 = ORIENTED_EDGE ( 'NONE', *, *, #3243, .F. ) ;
#3677 = CIRCLE ( 'NONE', #230, 0.1000000000000000700 ) ;
#3678 = DIRECTION ( 'NONE',  ( -0.0000000000000000000, -0.0000000000000000000, -1.000000000000000000 ) ) ;
#3679 = EDGE_CURVE ( 'NONE', #3609, #1718, #1047, .T. ) ;
#3680 = VECTOR ( 'NONE', #196, 1000.000000000000000 ) ;
#3681 = VECTOR ( 'NONE', #168, 1000.000000000000000 ) ;
#3682 = CARTESIAN_POINT ( 'NONE',  ( 5.220035548037066600, 2.386964708775761500, 1.569999999999999000 ) ) ;
#3683 = AXIS2_PLACEMENT_3D ( 'NONE', #496, #1696, #3103 ) ;
#3684 = FACE_BOUND ( 'NONE', #3302, .T. ) ;
#3685 = CARTESIAN_POINT ( 'NONE',  ( -8.164734598447401100, 2.130090807410505200, 1.932555321405445800 ) ) ;
#3686 = ADVANCED_FACE ( 'NONE', ( #1405 ), #3357, .F. ) ;
#3687 = ORIENTED_EDGE ( 'NONE', *, *, #3191, .T. ) ;
#3688 = DIRECTION ( 'NONE',  ( 1.000000000000000000, 0.0000000000000000000, 0.0000000000000000000 ) ) ;
#3689 = EDGE_CURVE ( 'NONE', #1904, #711, #537, .T. ) ;
#3690 = VERTEX_POINT ( 'NONE', #1426 ) ;
#3691 = DIRECTION ( 'NONE',  ( 0.0000000000000000000, -1.000000000000000000, 0.0000000000000000000 ) ) ;
#3692 = CYLINDRICAL_SURFACE ( 'NONE', #1351, 2.250000000000000400 ) ;
#3693 = ORIENTED_EDGE ( 'NONE', *, *, #253, .T. ) ;
#3694 = DIRECTION ( 'NONE',  ( -0.0000000000000000000, -0.0000000000000000000, -1.000000000000000000 ) ) ;
#3695 = DIRECTION ( 'NONE',  ( 0.0000000000000000000, 0.0000000000000000000, -1.000000000000000000 ) ) ;
#3696 = AXIS2_PLACEMENT_3D ( 'NONE', #465, #3027, #3601 ) ;
#3697 = VECTOR ( 'NONE', #1369, 1000.000000000000000 ) ;
#3698 = EDGE_CURVE ( 'NONE', #1497, #1622, #816, .T. ) ;
#3699 = VERTEX_POINT ( 'NONE', #1399 ) ;
#3700 = APPLICATION_CONTEXT ( 'automotive_design' ) ;
#3701 = CARTESIAN_POINT ( 'NONE',  ( 8.152559529262083200, 2.225280923471198300, 1.932555321405445600 ) ) ;
#3702 = LINE ( 'NONE', #2320, #1720 ) ;
#3703 = CARTESIAN_POINT ( 'NONE',  ( -5.230898165602493300, 2.448569674288016500, 1.932555321405446700 ) ) ;
#3704 = CARTESIAN_POINT ( 'NONE',  ( 12.69999999999999900, 0.2500000000000002200, -2.039999999999995600 ) ) ;
#3705 = ORIENTED_EDGE ( 'NONE', *, *, #81, .F. ) ;
#3706 = EDGE_CURVE ( 'NONE', #1452, #3151, #2700, .T. ) ;
#3707 = DIRECTION ( 'NONE',  ( -1.000000000000000000, 0.0000000000000000000, 0.0000000000000000000 ) ) ;
#3708 = CARTESIAN_POINT ( 'NONE',  ( 2.501111815307353500E-016, 2.589999999999999400, -4.759999999999999800 ) ) ;
#3709 = CIRCLE ( 'NONE', #1463, 0.2999999999999999300 ) ;
#3710 = ORIENTED_EDGE ( 'NONE', *, *, #1016, .F. ) ;
ENDSEC;
END-ISO-10303-21;
