Ref,Val,Package,PosX,PosY,Rot,Side
"C4","4.7u","C_0402_1005Metric",-82.194400,-87.630000,0.000000,bottom
"Q1","BC547","SOT-23",-70.459600,-80.772000,270.000000,bottom
"R1","0E","R_0402_1005Metric",-58.826400,-87.630000,0.000000,bottom
"R5","1K","R_0402_1005Metric",-68.072000,-80.365600,270.000000,bottom
"R6","10K","R_0402_1005Metric",-72.872600,-80.162400,90.000000,bottom
